interface,dft_energy,mace_energy
Si_2_2_1-Ge_2_2_1,,-102.571604
Si_1_0_0-Ge_1_0_0,-94.86909284,-102.798284
Si_2_0_0-Ge_2_0_0,-94.86909284,-102.798284
Si_1_1_0-Ge_1_1_0,69.353208,-103.56609
Si_2_2_2-Ge_2_2_2,,-103.096165
Si_2_2_0-Ge_2_2_0,,-95.893572
Si_2_1_1-Ge_2_1_1,-95.75671206,-102.85388
Si_2_1_0-Ge_2_1_0,-92.90231632,-102.254247
Si_1_1_1-Ge_1_1_1,-96.01989056,-103.051142
