chapter,section,subsection,subsubsection,paragraph,sentence_number,sentence,full_index,Kresse1996-wm,Froese_Fischer1987-pv,Taylor2020-nl,Yokoi2023-wc,Raabe2022-es,Mohammed2024-md,Koprek2021-cx,Saidi2017-ab,Dodaran2019-zm,Maji2021-vq,Junxi2024-gm,Wang2024-tn,Wei2021-fi,Van_de_Walle1985-ky,Schutt2018-xc,Zotti2018-nv,Zuo2019-wo,Annaberdiyev2021-ne,Batatia2022-xz,Keller2023-oz,Angulo2024-rp,Lee1997-lx,Wild2025-jy,Schutt2019-sz,Hepplestone2010-lg,Abdulsattar2012-oz,Khot2025-hh,Maji2021-kc,Hepplestone2014-hz,Harada2024-fl,Hepplestone2005-zl,Yamakoshi2024-xl,Alam2022-ia,Schrodinger1926-ri,Gaunt1928-kp,Leung2020-tv,Cervantes2025-ze,Davies2024-ju,Martin2012-cv,Anderson1960-zp,Hepplestone2006-lo,Chagarov2015-ol,Schutt2017-ge,Dirac1930-re,Zhang2016-lt,Peschel2024-et,Kuhbach2021-gz,Hartree1928-ae,Taylor2017-oi,Bartok2017-tk,Li2020-ls,Schrodinger1926-la,Slater1930-fm,Slater1951-jc,Hohenberg1964-yh,Perdew1986-va,Perdew1981-iu,Wang2013-gt,Kohn1965-ss,Van_de_Walle_CG1986-ae,Kresse1993-nu,Blochl1994-kt,Kresse1996-ct,Kresse1999-zf,Arantes2007-ea,Gillespie2007-kt,Hepplestone2010-vw,Schusteritsch2015-lw,Hu2021-oj,Davies2021-zh,Taylor2023-wh,Ceperley1980-bs,Perdew1996-no,Behler2007-nu,Turlo2019-pd,Pitfield2025-ah,Alam2020-ci,Raabe2020-ra,Zhao2019-pp,Sun2021-xd,Batzner2022-fd,Di_Liberto2022-gz,Gerber2023-yd,Butler2019-ws,Rosen2022-pw,Leitherer2023-ew,Owen2024-wp,Uhrin2025-ba,Chen2025-bo,Pyzer-Knapp2025-uq,Tang2025-vw,Kao2025-ay,Fadaly2020-rl,Zhang2025-ew,Nykiel2023-jf,Gouveia2025-ag,Low2025-on,Deng2023-tg,Lorentzon2025-si
1,0,0,0,0,1,Material interfaces are critical to the function and design of advanced solid-state systems.,1.0.0.0.0.1,,,,,,,,,,,,,,,,,,,,,,,,,,,,,,,,,,,,,,,,,,,,,,,,,,,,,,,,,,,,,,,,,,,,,,,,,,,,,,,,,,,,,,,,,,,,,,,,,,,
1,0,0,0,0,2,"In semiconductors, they govern charge transport, carrier confinement, defect formation, and phase stability.",1.0.0.0.0.2,,,,,,,,,,,,,,,,,,,,,,,,,,,,,,,,,,,,,,,,,,,,,,,,,,,,,,,,,,,,,,,,,,,,,,,,,,,,,,,,,,,,,,,,,,,,,,,,,,,
1,0,0,0,0,3,"In energy devices, they regulate ion exchange, chemical compatibility, and thermal response.",1.0.0.0.0.3,,,,,,,,,,,,,,,,,,,,,,,,,,,,,,,,,,,,,,,,,,,,,,,,,,,,,,,,,,,,,,,,,,,,,,,,,,,,,,,,,,,,,,,,,,,,,,,,,,,
1,0,0,0,0,4,"In emerging heterostructures, interfaces can even induce novel behaviours not present in the constituent materials; such as encapsulated metastable phases or engineered Dirac cones.",1.0.0.0.0.4,,,,,,,,,,,,,,,,,,,,,,,,,,,,,,,,,,,,,,,,,,,,,,,,,,,,,,,,,,,,,,,,,,,,,,,,,,,,,,,,,,,,,,,,,,,,,,,,,,,
1,0,0,0,0,5,"As device dimensions shrink and surface-to-volume ratios rise, the influence of interfaces grows, placing renewed emphasis on their accurate prediction and control.",1.0.0.0.0.5,,,,,,,,,,,,,,,,,,,,,,,,,,,,,,,,,,,,,,,,,,,,,,,,,,,,,,,,,,,,,,,,,,,,,,,,,,,,,,,,,,,,,,,,,,,,,,,,,,,
1,0,0,0,0,6,"Yet despite their importance, predicting which interfaces are energetically favourable remains a significant challenge.",1.0.0.0.0.6,,,,,,,,,,,,,,,,,,,,,,,,,,,,,,,,,,,,,,,,,,,,,,,,,,,,,,,,,,,,,,,,,,,,,,,,,,,,,,,,,,,,,,,,,,,,,,,,,,,
1,0,0,0,0,7,"Interface stability is not solely determined by bulk lattice matching, but also by local bonding, chemical inhomogeneity, and atomic-scale reconstruction.",1.0.0.0.0.7,,,,,,,,,,,,,,,,,,,,,,,,,,,,,,,,,,,,,,,,,,,,,,,,,,,,,,,,,,,,,,,,,,,,,,,,,,,,,,,,,,,,,,,,,,,,,,,,,,,
1,0,0,0,0,8,"The structural space is vast: each pair of surfaces can be stacked with arbitrary lateral shifts, terminations, and alignments, resulting in a combinatorial explosion of configurations.",1.0.0.0.0.8,,,,,,,,,,,,,,,,,,,,,,,,,,,,,,,,,,,,,,,,,,,,,,,,,,,,,,,,,,,,,,,,,,,,,,,,,,,,,,,,,,,,,,,,,,,,,,,,,,,
1,0,0,0,0,9,"Strain relaxation, interlayer interactions, and charge transfer further complicate the energy landscape.",1.0.0.0.0.9,,,,,,,,,,,,,,,,,,,,,,,,,,,,,,,,,,,,,,,,,,,,,,,,,,,,,,,,,,,,,,,,,,,,,,,,,,,,,,,,,,,,,,,,,,,,,,,,,,,
1,0,0,0,0,10,Accurately assessing favourability across this space demands a balance between resolution and scale that conventional methods struggle to achieve.,1.0.0.0.0.10,,,,,,,,,,,,,,,,,,,,,,,,,,,,,,,,,,,,,,,,,,,,,,,,,,,,,,,,,,,,,,,,,,,,,,,,,,,,,,,,,,,,,,,,,,,,,,,,,,,
1,0,0,0,0,11,First-principles techniques such as Density Functional Theory (DFT) remain the standard for computing accurate interfacial energies and relaxations.,1.0.0.0.0.11,,,,,,,,,,,,,,,,,,,,,,,,,,,,,,,,,,,,,,,,,,,,,,,,,,,,,,,,,,,,,,,,,,,,,,,,,,,,,,,,,,,,,,,,,,,,,,,,,,,
1,0,0,0,0,12,"However, their high computational cost, scaling cubically with system size, renders exhaustive sampling intractable for realistic supercells, which often comprise hundreds of atoms.",1.0.0.0.0.12,,,,,,,,,,,,,,,,,,,,,,,,,,,,,,,,,,,,,,,,,,,,,,,,,,,,,,,,,,,,,,,,,,,,,,,,,,,,,,,,,,,,,,,,,,,,,,,,,,,
1,0,0,0,0,13,"This bottleneck precludes broad screening efforts, especially when exploring multiple chemistries, orientations, and stacking arrangements.",1.0.0.0.0.13,,,,,,,,,,,,,,,,,,,,,,,,,,,,,,,,,,,,,,,,,,,,,,,,,,,,,,,,,,,,,,,,,,,,,,,,,,,,,,,,,,,,,,,,,,,,,,,,,,,
1,0,0,0,0,14,"As such, DFT is best suited to final validation rather than initial discovery.",1.0.0.0.0.14,,,,,,,,,,,,,,,,,,,,,,,,,,,,,,,,,,,,,,,,,,,,,,,,,,,,,,,,,,,,,,,,,,,,,,,,,,,,,,,,,,,,,,,,,,,,,,,,,,,
1,0,0,0,0,15,"To address this, the present project explores the use of machine-learned interatomic potentials (MLPs) for scalable interface screening.",1.0.0.0.0.15,,,,,,,,,,,,,,,,,,,,,,,,,,,,,,,,,,,,,,,,,,,,,,,,,,,,,,,,,,,,,,,,,,,,,,,,,,,,,,,,,,,,,,,,,,,,,,,,,,,
1,0,0,0,0,16,"MLPs are data-driven models trained to reproduce DFT-level energies and forces, but at orders of magnitude lower cost.",1.0.0.0.0.16,,,,,,,,,,,,,,,,,,,,,,,,,,,,,,,,,,,,,,,,,,,,,,,,,,,,,,,,,,,,,,,,,,,,,,,,,,,,,,,,,,,,,,,,,,,,,,,,,,,
1,0,0,0,0,17,"In particular, this work focuses on the MACE framework; an equivariant message-passing architecture that preserves rotational symmetries and captures local atomic interactions with high fidelity.",1.0.0.0.0.17,,,,,,,,,,,,,,,,,,,,,,,,,,,,,,,,,,,,,,,,,,,,,,,,,,,,,,,,,,,,,,,,,,,,,,,,,,,,,,,,,,,,,,,,,,,,,,,,,,,
1,0,0,0,0,18,"By using MACE to rapidly evaluate large numbers of candidate interfaces, it becomes possible to rank structures by predicted stability and prioritise high-value configurations for subsequent DFT refinement.",1.0.0.0.0.18,,,,,,,,,,,,,,,,,,,,,,,,,,,,,,,,,,,,,,,,,,,,,,,,,,,,,,,,,,,,,,,,,,,,,,,,,,,,,,,,,,,,,,,,,,,,,,,,,,,
1,0,0,0,0,19,"This approach supports a hierarchical modelling workflow in which DFT and MLPs are used in tandem: MLPs for breadth, and DFT for depth.",1.0.0.0.0.19,,,,,,,,,,,,,,,,,,,,,,,,,,,,,,,,,,,,,,,,,,,,,,,,,,,,,,,,,,,,,,,,,,,,,,,,,,,,,,,,,,,,,,,,,,,,,,,,,,,
1,0,0,0,0,20,"It enables rigorous testing of whether MLPs can replicate DFT-derived favourability rankings across a diverse set of semiconductor systems, including homostructures (e.g. Si|Si) and heterostructures(e.g. Si|Ge, Ge|C).",1.0.0.0.0.20,,,,,,,,,,,,,,,,,,,,,,,,,,,,,,,,,,,,,,,,,,,,,,,,,,,,,,,,,,,,,,,,,,,,,,,,,,,,,,,,,,,,,,,,,,,,,,,,,,,
1,0,0,0,0,21,"Moreover, it lays the foundation for further improvements through techniques such as delta-learning, structure-based prediction models, and surface-to-interface generalisation.",1.0.0.0.0.21,,,,,,,,,,,,,,,,,,,,,,,,,,,,,,,,,,,,,,,,,,,,,,,,,,,,,,,,,,,,,,,,,,,,,,,,,,,,,,,,,,,,,,,,,,,,,,,,,,,
1,0,0,0,0,22,"The remainder of this report is structured as follows: \begin{itemize} \item \textbf{Chapter~\ref{chapter:background}} introduces the theoretical foundations and relevant literature, covering interface energetics, DFT formalism, and the development of MLPs.",1.0.0.0.0.22,,,,,,,,,,,,,,,,,,,,,,,,,,,,,,,,,,,,,,,,,,,,,,,,,,,,,,,,,,,,,,,,,,,,,,,,,,,,,,,,,,,,,,,,,,,,,,,,,,,
1,0,0,0,0,23,"\item \textbf{Chapter~\ref{chapter:computational_investigation}} presents a benchmarking study comparing MLP and DFT predictions of interface favourability, including statistical correlation analysis and system-specific case studies.",1.0.0.0.0.23,,,,,,,,,,,,,,,,,,,,,,,,,,,,,,,,,,,,,,,,,,,,,,,,,,,,,,,,,,,,,,,,,,,,,,,,,,,,,,,,,,,,,,,,,,,,,,,,,,,
1,0,0,0,0,24,"\item \textbf{Chapter~\ref{chapter:next_steps}} outlines planned extensions to the current methodology, including the development of delta-corrected potentials and predictive models linking surface properties to interface behaviour.",1.0.0.0.0.24,,,,,,,,,,,,,,,,,,,,,,,,,,,,,,,,,,,,,,,,,,,,,,,,,,,,,,,,,,,,,,,,,,,,,,,,,,,,,,,,,,,,,,,,,,,,,,,,,,,
1,0,0,0,0,25,"\item \textbf{Chapter~\ref{chapter:conclusions}} concludes with a discussion of findings, limitations, and broader implications for autonomous materials modelling and the design of functional heterostructures.",1.0.0.0.0.25,,,,,,,,,,,,,,,,,,,,,,,,,,,,,,,,,,,,,,,,,,,,,,,,,,,,,,,,,,,,,,,,,,,,,,,,,,,,,,,,,,,,,,,,,,,,,,,,,,,
1,0,0,0,0,26,"\end{itemize} Through this integrated modelling framework, the project seeks to reduce the cost and uncertainty of interface prediction while preserving the fidelity needed for scientific insight and technological relevance.",1.0.0.0.0.26,,,,,,,,,,,,,,,,,,,,,,,,,,,,,,,,,,,,,,,,,,,,,,,,,,,,,,,,,,,,,,,,,,,,,,,,,,,,,,,,,,,,,,,,,,,,,,,,,,,
1,1,0,0,0,27,Interfaces rarely form under ideal conditions.,1.1.0.0.0.27,,,,,,,,,,,,,,,,,,,,,,,,,,,,,,,,,,,,,,,,,,,,,,,,,,,,,,,,,,,,,,,,,,,,,,,,,,,,,,,,,,,,,,,,,,,,,,,,,,,
1,1,0,0,0,28,"Instead, they emerge through complex, often non-equilibrium processes such as high-temperature annealing, epitaxial growth, and chemically driven surface reconstructions.",1.1.0.0.0.28,,,,,,,,,,,,,,,,,,,,,,,,,,,,,,,,,,,,,,,,,,,,,,,,,,,,,,,,,,,,,,,,,,,,,,,,,,,,,,,,,,,,,,,,,,,,,,,,,,,
1,1,0,0,0,29,"These dynamics frequently trap systems in metastable configurations or generate local disorder, resulting in atomic arrangements that deviate significantly from those predicted by ideal lattice-matching rules.",1.1.0.0.0.29,,,,,,,,,,,,,,,,,,,,,,,,,,,,,,,,,,,,,,,,,,,,,,,,,,,,,,,,,,,,,,,,,,,,,,,,,,,,,,,,,,,,,,,,,,,,,,,,,,,
1,1,0,0,0,30,Such complexity challenges efforts to model interface behaviour using conventional approaches alone.,1.1.0.0.0.30,,,,,,,,,,,,,,,,,,,,,,,,,,,,,,,,,,,,,,,,,,,,,,,,,,,,,,,,,,,,,,,,,,,,,,,,,,,,,,,,,,,,,,,,,,,,,,,,,,,
1,1,0,0,0,31,"While Density Functional Theory (DFT) provides a reliable route to total energy prediction and structural relaxation, its unfavourable scaling with system size ($\mathcal{O}(N^3)$ in electron count) severely limits its use in high-throughput workflows.",1.1.0.0.0.31,,,,,,,,,,,,,,,,,,,,,,,,,,,,,,,,,,,,,,,,,,,,,,,,,,,,,,,,,,,,,,,,,,,,,,,,,,,,,,,,,,,,,,,,,,,,,,,,,,,
1,1,0,0,0,32,"In particular, DFT becomes prohibitive when applied to interface supercells exceeding a few hundred atoms, as required to capture long-range strain, multi-layer reconstruction, or compositional variation.",1.1.0.0.0.32,,,,,,,,,,,,,,,,,,,,,,,,,,,,,,,,,,,,,,,,,,,,,,,,,,,,,,,,,,,,,,,,,,,,,,,,,,,,,,,,,,,,,,,,,,,,,,,,,,,
1,1,0,0,0,33,"Moreover, standard DFT approximations, such as semi-local exchange-correlation functionals, may fail to capture interfacial band alignments, polarisation effects, or weak van der Waals interactions critical to layered systems.",1.1.0.0.0.33,,,,,,,,,,,,,,,,,,,,,,,,,,,,,,,,,,,,,,,,,,,,,,,,,,,,,,,,,,,,,,,,,,,,,,,,,,,,,,,,,,,,,,,,,,,,,,,,,,,
1,1,0,0,0,34,Machine-learned interatomic potentials (MLPs) offer a promising route to overcoming these limitations.,1.1.0.0.0.34,,,,,,,,,,,,,,,,,,,,,,,,,,,,,,,,,,,,,,,,,,,,,,,,,,,,,,,,,,,,,,,,,,,,,,,,,,,,,,,,,,,,,,,,,,,,,,,,,,,
1,1,0,0,0,35,"By learning to emulate DFT-level energies and forces, MLPs like MACE provide a means to conduct large-scale structure relaxations and energy evaluations at dramatically reduced cost.",1.1.0.0.0.35,,,,,,,,,,,,,,,,,,,,,,,,,,,,,,,,,,,,,,,,,,,,,,,,,,,,,,,,,,,,,,,,,,,,,,,,,,,,,,,,,,,,,,,,,,,,,,,,,,,
1,1,0,0,0,36,"This enables exploration of broader configurational spaces, including low-symmetry systems and extended defects, that would otherwise remain intractable.",1.1.0.0.0.36,,,,,,,,,,,,,,,,,,,,,,,,,,,,,,,,,,,,,,,,,,,,,,,,,,,,,,,,,,,,,,,,,,,,,,,,,,,,,,,,,,,,,,,,,,,,,,,,,,,
1,1,0,0,0,37,"However, this advantage is only realised if the models generalise well across diverse interfacial environments.",1.1.0.0.0.37,,,,,,,,,,,,,,,,,,,,,,,,,,,,,,,,,,,,,,,,,,,,,,,,,,,,,,,,,,,,,,,,,,,,,,,,,,,,,,,,,,,,,,,,,,,,,,,,,,,
1,1,0,0,0,38,"The core motivation of this work, therefore, is to assess whether MLPs can replicate the DFT-derived ordering of interface favourability, defined here in terms of relaxed formation energy, across a wide range of semiconductor heterostructures.",1.1.0.0.0.38,,,,,,,,,,,,,,,,,,,,,,,,,,,,,,,,,,,,,,,,,,,,,,,,,,,,,,,,,,,,,,,,,,,,,,,,,,,,,,,,,,,,,,,,,,,,,,,,,,,
1,1,0,0,0,39,"The benchmarking in Chapter~\ref{chapter:computational_investigation} demonstrates that MLPs can often preserve the relative rankings of DFT energies, especially in chemically similar systems.",1.1.0.0.0.39,,,,,,,,,,,,,,,,,,,,,,,,,,,,,,,,,,,,,,,,,,,,,,,,,,,,,,,,,,,,,,,,,,,,,,,,,,,,,,,,,,,,,,,,,,,,,,,,,,,
1,1,0,0,0,40,"However, notable discrepancies arise in cases such as pure-Si interfaces, where model performance degrades, prompting the need for refinement or retraining.",1.1.0.0.0.40,,,,,,,,,,,,,,,,,,,,,,,,,,,,,,,,,,,,,,,,,,,,,,,,,,,,,,,,,,,,,,,,,,,,,,,,,,,,,,,,,,,,,,,,,,,,,,,,,,,
1,1,0,0,0,41,"These results motivate the delta-learning strategies explored in Chapter~\ref{chapter:next_steps}, which aim to correct systematic MLP-DFT residuals through supervised learning on interface-specific error distributions.",1.1.0.0.0.41,,,,,,,,,,,,,,,,,,,,,,,,,,,,,,,,,,,,,,,,,,,,,,,,,,,,,,,,,,,,,,,,,,,,,,,,,,,,,,,,,,,,,,,,,,,,,,,,,,,
1,1,0,0,0,42,"In addition to correcting prediction accuracy, this research investigates whether interface favourability can be inferred directly from structural or surface-level features.",1.1.0.0.0.42,,,,,,,,,,,,,,,,,,,,,,,,,,,,,,,,,,,,,,,,,,,,,,,,,,,,,,,,,,,,,,,,,,,,,,,,,,,,,,,,,,,,,,,,,,,,,,,,,,,
1,1,0,0,0,43,"Chapter~\ref{chapter:next_steps} proposes the use of learned models that map surface properties to interfacial energies, potentially bypassing the need for full supercell construction.",1.1.0.0.0.43,,,,,,,,,,,,,,,,,,,,,,,,,,,,,,,,,,,,,,,,,,,,,,,,,,,,,,,,,,,,,,,,,,,,,,,,,,,,,,,,,,,,,,,,,,,,,,,,,,,
1,1,0,0,0,44,"This complements the structure-generation pipelines, based on ARTEMIS, that systematically enumerate viable interface candidates across various stacking shifts and Miller plane pairings.",1.1.0.0.0.44,,,,,,,,,,,,,,,,,,,,,,,,,,,,,,,,,,,,,,,,,,,,,,,,,,,,,,,,,,,,,,,,,,,,,,,,,,,,,,,,,,,,,,,,,,,,,,,,,,,
1,1,0,0,0,45,"Ultimately, this project is motivated by the need for more efficient and predictive tools to accelerate the design of functional heterostructures.",1.1.0.0.0.45,,,,,,,,,,,,,,,,,,,,,,,,,,,,,,,,,,,,,,,,,,,,,,,,,,,,,,,,,,,,,,,,,,,,,,,,,,,,,,,,,,,,,,,,,,,,,,,,,,,
1,1,0,0,0,46,"By embedding MLPs within automated screening workflows and augmenting them with delta-learning corrections and structure-based heuristics, it becomes possible to bridge the gap between physical realism and computational tractability.",1.1.0.0.0.46,,,,,,,,,,,,,,,,,,,,,,,,,,,,,,,,,,,,,,,,,,,,,,,,,,,,,,,,,,,,,,,,,,,,,,,,,,,,,,,,,,,,,,,,,,,,,,,,,,,
1,1,0,0,0,47,"In doing so, this research contributes to the broader aim of enabling scalable, data-driven exploration of complex interfacial systems; particularly in regimes where conventional symmetry-based rules or bulk-derived heuristics break down.",1.1.0.0.0.47,,,,,,,,,,,,,,,,,,,,,,,,,,,,,,,,,,,,,,,,,,,,,,,,,,,,,,,,,,,,,,,,,,,,,,,,,,,,,,,,,,,,,,,,,,,,,,,,,,,
1,2,0,0,0,48,This project aims to evaluate and enhance the use of machine-learned interatomic potentials (MLPs) for predicting the relative stability of material interfaces.,1.2.0.0.0.48,,,,,,,,,,,,,,,,,,,,,,,,,,,,,,,,,,,,,,,,,,,,,,,,,,,,,,,,,,,,,,,,,,,,,,,,,,,,,,,,,,,,,,,,,,,,,,,,,,,
1,2,0,0,0,49,"By replacing expensive density functional theory (DFT) calculations in the early stages of interface screening, MLPs offer a route to scalable evaluation across diverse chemical systems and stacking configurations.",1.2.0.0.0.49,,,,,,,,,,,,,,,,,,,,,,,,,,,,,,,,,,,,,,,,,,,,,,,,,,,,,,,,,,,,,,,,,,,,,,,,,,,,,,,,,,,,,,,,,,,,,,,,,,,
1,2,0,0,0,50,"Interfaces govern the functional behaviour of materials in microelectronics, energy storage, and optoelectronics, mediating phenomena such as band alignment, carrier confinement, and local defect formation.",1.2.0.0.0.50,,,,,,,,,,,,,,,,,,,,,,,,,,,,,,,,,,,,,,,,,,,,,,,,,,,,,,,,,,,,,,,,,,,,,,,,,,,,,,,,,,,,,,,,,,,,,,,,,,,
1,2,0,0,0,51,"However, the configurational landscape of interface structures is combinatorially large.",1.2.0.0.0.51,,,,,,,,,,,,,,,,,,,,,,,,,,,,,,,,,,,,,,,,,,,,,,,,,,,,,,,,,,,,,,,,,,,,,,,,,,,,,,,,,,,,,,,,,,,,,,,,,,,
1,2,0,0,0,52,"Even for lattice-matched systems, variations in Miller planes, interfacial shifts, and terminations can lead to significant changes in formation energy and electronic response.",1.2.0.0.0.52,,,,,,,,,,,,,,,,,,,,,,,,,,,,,,,,,,,,,,,,,,,,,,,,,,,,,,,,,,,,,,,,,,,,,,,,,,,,,,,,,,,,,,,,,,,,,,,,,,,
1,2,0,0,0,53,"Traditional DFT methods, while accurate, are computationally prohibitive when applied to hundreds or thousands of such configurations.",1.2.0.0.0.53,,,,,,,,,,,,,,,,,,,,,,,,,,,,,,,,,,,,,,,,,,,,,,,,,,,,,,,,,,,,,,,,,,,,,,,,,,,,,,,,,,,,,,,,,,,,,,,,,,,
1,2,0,0,0,54,"This work builds on the integration of MLPs, particularly the MACE model, into high-throughput interface generation and evaluation pipelines.",1.2.0.0.0.54,,,,,,,,,,,,,,,,,,,,,,,,,,,,,,,,,,,,,,,,,,,,,,,,,,,,,,,,,,,,,,,,,,,,,,,,,,,,,,,,,,,,,,,,,,,,,,,,,,,
1,2,0,0,0,55,"It focuses not only on energy prediction, but also on favourability ranking, robustness to system-specific errors, and hybrid workflows where MLPs are used as a pre-screening stage ahead of final DFT validation.",1.2.0.0.0.55,,,,,,,,,,,,,,,,,,,,,,,,,,,,,,,,,,,,,,,,,,,,,,,,,,,,,,,,,,,,,,,,,,,,,,,,,,,,,,,,,,,,,,,,,,,,,,,,,,,
1,2,0,0,1,56,\begin{enumerate} \item \textbf{Benchmark MLP-predicted rankings against DFT across diverse interfaces.},1.2.0.0.1.56,,,,,,,,,,,,,,,,,,,,,,,,,,,,,,,,,,,,,,,,,,,,,,,,,,,,,,,,,,,,,,,,,,,,,,,,,,,,,,,,,,,,,,,,,,,,,,,,,,,
1,2,0,0,1,57,"Using MACE-evaluated relaxations and energies, this study quantifies how well MLPs preserve the DFT ordering of interface favourability across multiple group-IV homostructures and heterostructures.",1.2.0.0.1.57,,,,,,,,,,,,,,,,,,,,,,,,,,,,,,,,,,,,,,,,,,,,,,,,,,,,,,,,,,,,,,,,,,,,,,,,,,,,,,,,,,,,,,,,,,,,,,,,,,,
1,2,0,0,1,58,\item \textbf{Diagnose system-specific discrepancies and explore delta-learning corrections.},1.2.0.0.1.58,,,,,,,,,,,,,,,,,,,,,,,,,,,,,,,,,,,,,,,,,,,,,,,,,,,,,,,,,,,,,,,,,,,,,,,,,,,,,,,,,,,,,,,,,,,,,,,,,,,
1,2,0,0,1,59,"Particular attention is given to cases, such as pure-Si systems, where MLP rank fidelity degrades.",1.2.0.0.1.59,,,,,,,,,,,,,,,,,,,,,,,,,,,,,,,,,,,,,,,,,,,,,,,,,,,,,,,,,,,,,,,,,,,,,,,,,,,,,,,,,,,,,,,,,,,,,,,,,,,
1,2,0,0,1,60,Chapter~\ref{chapter:next_steps} proposes training delta models to correct these systematic energy errors.,1.2.0.0.1.60,,,,,,,,,,,,,,,,,,,,,,,,,,,,,,,,,,,,,,,,,,,,,,,,,,,,,,,,,,,,,,,,,,,,,,,,,,,,,,,,,,,,,,,,,,,,,,,,,,,
1,2,0,0,1,61,\item \textbf{Develop structure-based predictors of interface energy.},1.2.0.0.1.61,,,,,,,,,,,,,,,,,,,,,,,,,,,,,,,,,,,,,,,,,,,,,,,,,,,,,,,,,,,,,,,,,,,,,,,,,,,,,,,,,,,,,,,,,,,,,,,,,,,
1,2,0,0,1,62,"Surface and slab-level features (e.g. orientation, element type, symmetry, strain) will be used to train models capable of predicting favourability prior to full interface assembly, reducing reliance on supercell enumeration.",1.2.0.0.1.62,,,,,,,,,,,,,,,,,,,,,,,,,,,,,,,,,,,,,,,,,,,,,,,,,,,,,,,,,,,,,,,,,,,,,,,,,,,,,,,,,,,,,,,,,,,,,,,,,,,
1,2,0,0,1,63,\item \textbf{Integrate MLPs and predictors into automated workflows.},1.2.0.0.1.63,,,,,,,,,,,,,,,,,,,,,,,,,,,,,,,,,,,,,,,,,,,,,,,,,,,,,,,,,,,,,,,,,,,,,,,,,,,,,,,,,,,,,,,,,,,,,,,,,,,
1,2,0,0,1,64,"Tools such as ARTEMIS and RAFFLE will be extended to incorporate MLP-based scoring or filtering, enabling efficient identification of favourable configurations before expensive DFT refinement.",1.2.0.0.1.64,,,,,,,,,,,,,,,,,,,,,,,,,,,,,,,,,,,,,,,,,,,,,,,,,,,,,,,,,,,,,,,,,,,,,,,,,,,,,,,,,,,,,,,,,,,,,,,,,,,
1,2,0,0,1,65,"\item \end{enumerate} In the long term, this approach supports scalable interface screening, facilitates the design of functional heterostructures, and lays groundwork for autonomous modelling pipelines.",1.2.0.0.1.65,,,,,,,,,,,,,,,,,,,,,,,,,,,,,,,,,,,,,,,,,,,,,,,,,,,,,,,,,,,,,,,,,,,,,,,,,,,,,,,,,,,,,,,,,,,,,,,,,,,
1,2,0,0,1,66,"It targets regimes where standard coherence rules or bulk-derived heuristics fail, providing a data-driven alternative grounded in atomic-level energetics.",1.2.0.0.1.66,,,,,,,,,,,,,,,,,,,,,,,,,,,,,,,,,,,,,,,,,,,,,,,,,,,,,,,,,,,,,,,,,,,,,,,,,,,,,,,,,,,,,,,,,,,,,,,,,,,
1,3,0,0,0,67,"Material interfaces are central to the behaviour of functional solids, especially at the nanoscale where surface and interfacial effects dominate bulk properties.",1.3.0.0.0.67,,,,,,,,,,,,,,,,,,,,,,,,,,,,,,,,,,,,,,,,,,,,,,,,,,,,,,,,,,,,,,,,,,,,,,,,,,,,,,,,,,,,,,,,,,,,,,,,,,,
1,3,0,0,0,68,"In semiconductors, they define charge transport pathways by setting potential barriers and band offsets.",1.3.0.0.0.68,,,,,,,,,,,,,,,,,,,,,,,,,,,,,,,,,,,,,,,,,,,,,,,,,,,,,,,,,,,,,,,,,,,,,,,,,,,,,,,,,,,,,,,,,,,,,,,,,,,
1,3,0,0,0,69,"In batteries, they regulate ionic conductivity, chemical stability, and degradation kinetics.",1.3.0.0.0.69,,,,,,,,,,,,,,,,,,,,,,,,,,,,,,,,,,,,,,,,,,,,,,,,,,,,,,,,,,,,,,,,,,,,,,,,,,,,,,,,,,,,,,,,,,,,,,,,,,,
1,3,0,0,0,70,"In photovoltaics and quantum devices, interfacial dipoles, tunnelling channels, and confinement effects underpin key device operations.",1.3.0.0.0.70,,,,,,,,,,,,,,,,,,,,,,,,,,,,,,,,,,,,,,,,,,,,,,,,,,,,,,,,,,,,,,,,,,,,,,,,,,,,,,,,,,,,,,,,,,,,,,,,,,,
1,3,0,0,0,71,"Subtle differences in stacking, registry, or atomic reconstruction can shift critical electronic properties by several electronvolts; altering conductivity, carrier lifetimes, or activation barriers.",1.3.0.0.0.71,,,,,,,,,,,,,,,,,,,,,,,,,,,,,,,,,,,,,,,,,,,,,,,,,,,,,,,,,,,,,,,,,,,,,,,,,,,,,,,,,,,,,,,,,,,,,,,,,,,
1,3,0,0,0,72,"These shifts emerge from a complex interplay of interfacial strain, chemical bonding, and electronic redistribution, and are sensitive to both global structure and local environment.",1.3.0.0.0.72,,,,,,,,,,,,,,,,,,,,,,,,,,,,,,,,,,,,,,,,,,,,,,,,,,,,,,,,,,,,,,,,,,,,,,,,,,,,,,,,,,,,,,,,,,,,,,,,,,,
1,3,0,0,0,73,"As such, predicting interface stability and functionality from atomic configuration alone remains a demanding task.",1.3.0.0.0.73,,,,,,,,,,,,,,,,,,,,,,,,,,,,,,,,,,,,,,,,,,,,,,,,,,,,,,,,,,,,,,,,,,,,,,,,,,,,,,,,,,,,,,,,,,,,,,,,,,,
1,3,0,0,0,74,"While Density Functional Theory (DFT) offers a robust ab initio framework for computing interfacial energies and electronic properties, its computational cost scales poorly with system size.",1.3.0.0.0.74,,,,,,,,,,,,,,,,,,,,,,,,,,,,,,,,,,,,,,,,,,,,,,,,,,,,,,,,,,,,,,,,,,,,,,,,,,,,,,,,,,,,,,,,,,,,,,,,,,,
1,3,0,0,0,75,"Realistic supercells, often comprising hundreds of atoms, are therefore difficult to study in large numbers.",1.3.0.0.0.75,,,,,,,,,,,,,,,,,,,,,,,,,,,,,,,,,,,,,,,,,,,,,,,,,,,,,,,,,,,,,,,,,,,,,,,,,,,,,,,,,,,,,,,,,,,,,,,,,,,
1,3,0,0,0,76,"DFT is well-suited to final validation, but ill-suited to exhaustive exploration across configurational space.",1.3.0.0.0.76,,,,,,,,,,,,,,,,,,,,,,,,,,,,,,,,,,,,,,,,,,,,,,,,,,,,,,,,,,,,,,,,,,,,,,,,,,,,,,,,,,,,,,,,,,,,,,,,,,,
1,3,0,0,0,77,"Machine learning (ML) models, particularly machine-learned interatomic potentials (MLPs), provide a way forward.",1.3.0.0.0.77,,,,,,,,,,,,,,,,,,,,,,,,,,,,,,,,,,,,,,,,,,,,,,,,,,,,,,,,,,,,,,,,,,,,,,,,,,,,,,,,,,,,,,,,,,,,,,,,,,,
1,3,0,0,0,78,"When trained on DFT data, MLPs can reproduce formation energies and atomic forces at orders-of-magnitude lower cost, making them suitable for broad screening applications.",1.3.0.0.0.78,,,,,,,,,,,,,,,,,,,,,,,,,,,,,,,,,,,,,,,,,,,,,,,,,,,,,,,,,,,,,,,,,,,,,,,,,,,,,,,,,,,,,,,,,,,,,,,,,,,
1,3,0,0,0,79,"Their integration into automated workflows, using tools such as ARTEMIS and RAFFLE, enables systematic generation and evaluation of interface candidates across crystallographic orientations, stacking shifts, and chemical combinations.",1.3.0.0.0.79,,,,,,,,,,,,,,,,,,,,,,,,,,,,,,,,,,,,,,,,,,,,,,,,,,,,,,,,,,,,,,,,,,,,,,,,,,,,,,,,,,,,,,,,,,,,,,,,,,,
1,3,0,0,0,80,"Importantly, the utility of ML does not stop at static energetics.",1.3.0.0.0.80,,,,,,,,,,,,,,,,,,,,,,,,,,,,,,,,,,,,,,,,,,,,,,,,,,,,,,,,,,,,,,,,,,,,,,,,,,,,,,,,,,,,,,,,,,,,,,,,,,,
1,3,0,0,0,81,"Many applications require insight into how interfaces behave under external stimuli; electric fields, temperature gradients, or chemical exposure.",1.3.0.0.0.81,,,,,,,,,,,,,,,,,,,,,,,,,,,,,,,,,,,,,,,,,,,,,,,,,,,,,,,,,,,,,,,,,,,,,,,,,,,,,,,,,,,,,,,,,,,,,,,,,,,
1,3,0,0,0,82,"Emerging interfacial phases, such as field-tunable dielectric layers or metastable heterostructures, challenge traditional heuristics and call for more adaptive and scalable modelling approaches.",1.3.0.0.0.82,,,,,,,,,,,,,,,,,,,,,,,,,,,,,,,,,,,,,,,,,,,,,,,,,,,,,,,,,,,,,,,,,,,,,,,,,,,,,,,,,,,,,,,,,,,,,,,,,,,
1,3,0,0,0,83,This project contributes to that broader effort.,1.3.0.0.0.83,,,,,,,,,,,,,,,,,,,,,,,,,,,,,,,,,,,,,,,,,,,,,,,,,,,,,,,,,,,,,,,,,,,,,,,,,,,,,,,,,,,,,,,,,,,,,,,,,,,
1,3,0,0,0,84,"It assesses the ability of MLPs, specifically MACE, to recover DFT-derived favourability rankings, identifies where discrepancies arise, and proposes delta-learning corrections to address them.",1.3.0.0.0.84,,,,,,,,,,,,,,,,,,,,,,,,,,,,,,,,,,,,,,,,,,,,,,,,,,,,,,,,,,,,,,,,,,,,,,,,,,,,,,,,,,,,,,,,,,,,,,,,,,,
1,3,0,0,0,85,"It also lays groundwork for predictive models that estimate interface properties from top and bottom slabs, enabling pre-screening before full interface construction.",1.3.0.0.0.85,,,,,,,,,,,,,,,,,,,,,,,,,,,,,,,,,,,,,,,,,,,,,,,,,,,,,,,,,,,,,,,,,,,,,,,,,,,,,,,,,,,,,,,,,,,,,,,,,,,
1,3,0,0,0,86,"By focusing on group-IV semiconductor systems and both homostructure and heterostructure cases, this work targets a class of technologically relevant interfaces where modelling uncertainty remains high and conventional rules often fail.",1.3.0.0.0.86,,,,,,,,,,,,,,,,,,,,,,,,,,,,,,,,,,,,,,,,,,,,,,,,,,,,,,,,,,,,,,,,,,,,,,,,,,,,,,,,,,,,,,,,,,,,,,,,,,,
1,3,0,0,0,87,"Ultimately, this research supports the advancement of data-driven, scalable methods for interface discovery; bridging the gap between computational feasibility and the physical fidelity required for next-generation materials design.",1.3.0.0.0.87,,,,,,,,,,,,,,,,,,,,,,,,,,,,,,,,,,,,,,,,,,,,,,,,,,,,,,,,,,,,,,,,,,,,,,,,,,,,,,,,,,,,,,,,,,,,,,,,,,,
2,1,0,0,0,1,"This subsection establishes a foundational understanding of material interfaces, the boundary regions where two distinct phases, often different materials, meet.",2.1.0.0.0.1,,,,,,,,,,,,,,,,,,,,,,,,,,,,,,,,,,,,,,,,,,,,,,,,,,,,,,,,,,,,,,,,,,,,,,,,,,,,,,,,,,,,,,,,,,,,,,,,,,,
2,1,0,0,0,2,"These interfaces are critical in determining the structural, electronic, and thermal behaviour of composite systems.",2.1.0.0.0.2,,,,,,,,,,,,,,,,,,,,,,,,,,,,,,,,,,,,,,,,,,,,,,,,,,,,,,,,,,,,,,,,,,,,,,,,,,,,,,,,,,,,,,,,,,,,,,,,,,,
2,1,0,0,0,3,"In solid-state devices, subtle atomic arrangements and local electronic environments at interfaces can profoundly influence macroscopic properties.",2.1.0.0.0.3,,,,,,,,,,,,,,,,,,,,,,,,,,,,,,,,,,,,,,,,,,,,,,,,,,,,,,,,,,,,,,,,,,,,,,,,,,,,,,,,,,,,,,,,,,,,,,,,,,,
2,1,0,0,0,4,"This is especially true in modern micro- and nanoscale technologies, where the continual miniaturisation of components has shifted the paradigm from bulk-dominated behaviour to interface-dominated performance.",2.1.0.0.0.4,,,,,,,,,,,,,,,,,,,,,,,,,,,,,,,,,,,,,,,,,,,,,,,,,,,,,,,,,,,,,,,,,,,,,,,,,,,,,,,,,,,,,,,,,,,,,,,,,,,
2,1,0,0,0,5,"As devices shrink, interfaces no longer represent isolated regions but instead constitute a significant fraction of the material, making their precise definition and understanding essential for predictive modelling and materials design.",2.1.0.0.0.5,,,,,,,,,,,,,,,,,,,,,,,,,,,,,,,,,,,,,,,,,,,,,,,,,,,,,,,,,,,,,,,,,,,,,,,,,,,,,,,,,,,,,,,,,,,,,,,,,,,
2,1,1,0,0,6,"A material interface is the region where two distinct solids meet and form a junction, commonly arising in heterostructures, grain boundaries, or thin film systems.",2.1.1.0.0.6,,,,,,,,,,,,,,,,,,,,,,,,,,,,,,,,,,,,,,,,,,,,,,,,,,,,,,,,,,,,,,,,,,,,,,,,,,,,,,,,,,,,,,,,,,,,,,,,,,,
2,1,1,0,0,7,"These regions are not only geometrical boundaries but exhibit unique atomic, electronic, and thermal properties that distinguish them from the bulk phases of the parent materials.",2.1.1.0.0.7,,,,,,,,,,,,,,,,,,,,,,,,,,,,,,,,,,,,,,,,,,,,,,,,,,,,,,,,,,,,,,,,,,,,,,,,,,,,,,,,,,,,,,,,,,,,,,,,,,,
2,1,1,0,0,8,"The local structure at the interface can include strain fields, atomic reconstruction, and intermixing of constituent elements, all of which can significantly influence the behaviour of the composite system.",2.1.1.0.0.8,,,,,,,,,,,,,,,,,,,,,,,,,,,,,,,,,,,,,,,,,,,,,,,,,,,,,,,,,,,,,,,,,,,,,,,,,,,,,,,,,,,,,,,,,,,,,,,,,,,
2,1,1,0,0,9,"In this research, material interfaces are studied predominantly through \textit{ab initio} methods, particularly Density Functional Theory (DFT), with a focus on predicting and analysing the structural and energetic properties of 2D|2D and 2D|3D junctions.",2.1.1.0.0.9,,,,,,,,,,,,,,,,,,,,,,,,,,,,,,,,,,,,,,,,,,,,,,,,,,,,,,,,,,,,,,,,,,,,,,,,,,,,,,,,,,,,,,,,,,,,,,,,,,,
2,1,1,0,0,10,Interfaces are modelled as systems with finite thickness that bridge two crystalline lattices.,2.1.1.0.0.10,,,,,,,,,,,,,,,,,,,,,,,,,,,,,,,,,,,,,,,,,,,,,,,,,,,,,,,,,,,,,,,,,,,,,,,,,,,,,,,,,,,,,,,,,,,,,,,,,,,
2,1,1,0,0,11,"Depending on their geometric orientation, interfaces are categorised as either \emph{stacked}, where a 2D layer rests atop a substrate, or \emph{lateral}, where edge-on growth leads to in-plane bonding between dissimilar materials.",2.1.1.0.0.11,,,,,,,,,,,,,,,,,,,,,,,,,,,,,,,,,,,,,,,,,,,,,,,,,,,,,,,,,,,,,,,,,,,,,,,,,,,,,,,,,,,,,,,,,,,,,,,,,,,
2,1,1,0,0,12,"A critical motivation for interface studies lies in their role in determining key device properties such as band alignment, carrier transport, and thermal resistance.",2.1.1.0.0.12,,,,,,,,,,,,,,,,,,,,,,,,,,,,,,,,,,,,,,,,,,,,,,,,,,,,,,,,,,,,,,,,,,,,,,,,,,,,,,,,,,,,,,,,,,,,,,,,,,,
2,1,1,0,0,13,"Band offsets at interfaces, often deviating from predictions by simple models like Anderson\rqs rule, are governed by local charge redistribution, dipole formation, and interface-specific states.",2.1.1.0.0.13,,,,,,,,,,,,,,,,,,,,,,,,,,,,,,,,,,,,,,,,,,,,,,,,,,,,,,,,,,,,,,,,,,,,,,,,,,,,,,,,,,,,,,,,,,,,,,,,,,,
2,1,1,0,0,14,"The emergence of new electronic phases at interfaces, such as Ohmic contact formation or type-II band alignments, necessitates accurate modelling beyond bulk considerations.",2.1.1.0.0.14,,,,,,,,,,,,,,,,,,,,,,,,,,,,,,,,,,,,,,,,,,,,,,,,,,,,,,,,,,,,,,,,,,,,,,,,,,,,,,,,,,,,,,,,,,,,,,,,,,,
2,1,1,0,0,15,Several methodologies have been developed to address the challenges of constructing realistic interface models.,2.1.1.0.0.15,,,,,,,,,,,,,,,,,,,,,,,,,,,,,,,,,,,,,,,,,,,,,,,,,,,,,,,,,,,,,,,,,,,,,,,,,,,,,,,,,,,,,,,,,,,,,,,,,,,
2,1,1,0,0,16,"The ARTEMIS tool enables high-throughput generation of interface structures through lattice matching and surface termination selection, allowing systematic exploration of the complex interfacial phase space.",2.1.1.0.0.16,,,,,,,,,,,,,,,,,,,,,,,,,,,,,,,,,,,,,,,,,,,,,,,,,,,,,,,,,,,,,,,,,,,,,,,,,,,,,,,,,,,,,,,,,,,,,,,,,,,
2,1,1,0,0,17,"Similarly, the RAFFLE method uses statistical learning and void-filling algorithms to construct interface phases that are energetically favourable and representative of plausible morphologies.",2.1.1.0.0.17,,,,,,,,,,,,,,,,,,,,,,,,,,,,,,,,,,,,,,,,,,,,,,,,,,,,,,,,,,,,,,,,,,,,,,,,,,,,,,,,,,,,,,,,,,,,,,,,,,,
2,1,1,0,0,18,Interfaces also significantly influence phonon transport.,2.1.1.0.0.18,,,,,,,,,,,,,,,,,,,,,,,,,,,,,,,,,,,,,,,,,,,,,,,,,,,,,,,,,,,,,,,,,,,,,,,,,,,,,,,,,,,,,,,,,,,,,,,,,,,
2,1,1,0,0,19,They can reduce thermal conductivity compared to bulk values; an effect exploitable in thermoelectric applications.,2.1.1.0.0.19,,,,,,,,,,,,,,,,,,,,,,,,,,,,,,,,,,,,,,,,,,,,,,,,,,,,,,,,,,,,,,,,,,,,,,,,,,,,,,,,,,,,,,,,,,,,,,,,,,,
2,1,1,0,0,20,"Interfacial scattering, acoustic impedance mismatch, and atomic-scale disorder all contribute to this behaviour, reinforcing the interface\rqs role as a functional component rather than a passive boundary.",2.1.1.0.0.20,,,,,,,,,,,,,,,,,,,,,,,,,,,,,,,,,,,,,,,,,,,,,,,,,,,,,,,,,,,,,,,,,,,,,,,,,,,,,,,,,,,,,,,,,,,,,,,,,,,
2,1,1,0,0,21,"Thus, in the context of this research, a material interface is not merely a geometric boundary but an emergent, functionally distinct region.",2.1.1.0.0.21,,,,,,,,,,,,,,,,,,,,,,,,,,,,,,,,,,,,,,,,,,,,,,,,,,,,,,,,,,,,,,,,,,,,,,,,,,,,,,,,,,,,,,,,,,,,,,,,,,,
2,1,1,0,0,22,"It governs critical physical properties, demands precise structural modelling, and serves as a fertile ground for material innovation and device engineering.",2.1.1.0.0.22,,,,,,,,,,,,,,,,,,,,,,,,,,,,,,,,,,,,,,,,,,,,,,,,,,,,,,,,,,,,,,,,,,,,,,,,,,,,,,,,,,,,,,,,,,,,,,,,,,,
2,1,1,1,0,23,"Material interfaces can be broadly categorised by their crystallographic orientation, dimensionality, and degree of lattice registry.",2.1.1.1.0.23,,,,,,,,,,,,,,,,,,,,,,,,,,,,,,,,,,,,,,,,,,,,,,,,,,,,,,,,,,,,,,,,,,,,,,,,,,,,,,,,,,,,,,,,,,,,,,,,,,,
2,1,1,1,0,24,These classifications are instrumental in understanding interfacial phenomena and in designing simulation protocols that are physically realistic and computationally tractable.,2.1.1.1.0.24,,,,,,,,,,,,,,,,,,,,,,,,,,,,,,,,,,,,,,,,,,,,,,,,,,,,,,,,,,,,,,,,,,,,,,,,,,,,,,,,,,,,,,,,,,,,,,,,,,,
2,1,1,1,2,25,"\begin{itemize} \item \textbf{Coherent interfaces} exhibit perfect registry between atomic planes, typically occurring when lattice mismatch is negligible.",2.1.1.1.2.25,,,,,,,,,,,,,,,,,,,,,,,,,,,,,,,,,,,,,,,,,,,,,,,,,,,,,,,,,,,,,,,,,,,,,,,,,,,,,,,,,,,,,,,,,,,,,,,,,,,
2,1,1,1,2,26,These interfaces preserve the translational symmetry across the junction and are often found in homoepitaxial or pseudomorphic systems.,2.1.1.1.2.26,,,,,,,,,,,,,,,,,,,,,,,,,,,,,,,,,,,,,,,,,,,,,,,,,,,,,,,,,,,,,,,,,,,,,,,,,,,,,,,,,,,,,,,,,,,,,,,,,,,
2,1,1,1,2,27,\item \textbf{Semi-coherent interfaces} accommodate lattice mismatch through periodic misfit dislocations.,2.1.1.1.2.27,,,,,,,,,,,,,,,,,,,,,,,,,,,,,,,,,,,,,,,,,,,,,,,,,,,,,,,,,,,,,,,,,,,,,,,,,,,,,,,,,,,,,,,,,,,,,,,,,,,
2,1,1,1,2,28,"These dislocations relieve interfacial strain while maintaining partial registry, allowing larger domains of coherency interspersed with localised defects.",2.1.1.1.2.28,,,,,,,,,,,,,,,,,,,,,,,,,,,,,,,,,,,,,,,,,,,,,,,,,,,,,,,,,,,,,,,,,,,,,,,,,,,,,,,,,,,,,,,,,,,,,,,,,,,
2,1,1,1,2,29,"\item \textbf{Incoherent interfaces} display no periodicity match across the interface, leading to structurally disordered junctions.",2.1.1.1.2.29,,,,,,,,,,,,,,,,,,,,,,,,,,,,,,,,,,,,,,,,,,,,,,,,,,,,,,,,,,,,,,,,,,,,,,,,,,,,,,,,,,,,,,,,,,,,,,,,,,,
2,1,1,1,2,30,These are often found in polycrystalline or amorphous/crystalline composites and can act as strong phonon or electron scattering centres.,2.1.1.1.2.30,,,,,,,,,,,,,,,,,,,,,,,,,,,,,,,,,,,,,,,,,,,,,,,,,,,,,,,,,,,,,,,,,,,,,,,,,,,,,,,,,,,,,,,,,,,,,,,,,,,
2,1,1,1,3,31,"These classifications are not mutually exclusive; real interfaces may be simultaneously lateral and semi-coherent, or stacked but chemically graded.",2.1.1.1.3.31,,,,,,,,,,,,,,,,,,,,,,,,,,,,,,,,,,,,,,,,,,,,,,,,,,,,,,,,,,,,,,,,,,,,,,,,,,,,,,,,,,,,,,,,,,,,,,,,,,,
2,1,1,1,3,32,Understanding these distinctions is essential when generating or interpreting simulation results for both idealised and realistic interfacial systems.,2.1.1.1.3.32,,,,,,,,,,,,,,,,,,,,,,,,,,,,,,,,,,,,,,,,,,,,,,,,,,,,,,,,,,,,,,,,,,,,,,,,,,,,,,,,,,,,,,,,,,,,,,,,,,,
2,1,2,0,0,33,"Material interfaces influence a wide array of physical and electronic properties, often determining the functional behaviour of composite systems and devices.",2.1.2.0.0.33,,,,,,,,,,,,,,,,,,,,,,,,,,,,,,,,,,,,,,,,,,,,,,,,,,,,,,,,,,,,,,,,,,,,,,,,,,,,,,,,,,,,,,,,,,,,,,,,,,,
2,1,2,0,0,34,"At the atomic level, interfaces introduce discontinuities in crystal symmetry, strain fields, and chemical potential that can lead to emergent phenomena not observed in bulk constituents.",2.1.2.0.0.34,,,,,,,,,,,,,,,,,,,,,,,,,,,,,,,,,,,,,,,,,,,,,,,,,,,,,,,,,,,,,,,,,,,,,,,,,,,,,,,,,,,,,,,,,,,,,,,,,,,
2,1,2,0,0,35,"These effects are particularly pronounced in systems involving 2D materials, complex oxides, or strongly correlated electron systems.",2.1.2.0.0.35,,,,,,,,,,,,,,,,,,,,,,,,,,,,,,,,,,,,,,,,,,,,,,,,,,,,,,,,,,,,,,,,,,,,,,,,,,,,,,,,,,,,,,,,,,,,,,,,,,,
2,1,2,1,0,36,Perhaps the most critical electronic property influenced by interfaces is the band alignment between materials.,2.1.2.1.0.36,,,,,,,,,,,,,,,,,,,,,,,,,,,,,,,,,,,,,,,,,,,,,,,,,,,,,,,,,,,,,,,,,,,,,,,,,,,,,,,,,,,,,,,,,,,,,,,,,,,
2,1,2,1,0,37,"Misalignment of conduction and valence band edges creates energy barriers or wells that determine whether an interface behaves as a Schottky barrier, Ohmic contact, or heterojunction.",2.1.2.1.0.37,,,,,,,,,,,,,,,,,,,,,,,,,,,,,,,,,,,,,,,,,,,,,,,,,,,,,,,,,,,,,,,,,,,,,,,,,,,,,,,,,,,,,,,,,,,,,,,,,,,
2,1,2,1,0,38,"These alignments are crucial for device operation in field-effect transistors, diodes, and photovoltaics.",2.1.2.1.0.38,,,,,,,,,,,,,,,,,,,,,,,,,,,,,,,,,,,,,,,,,,,,,,,,,,,,,,,,,,,,,,,,,,,,,,,,,,,,,,,,,,,,,,,,,,,,,,,,,,,
2,1,2,1,0,39,"Interfacial dipoles, charge transfer, and electronic reconstruction can shift the effective band edges, often invalidating simple rules like Anderson\rqs model.",2.1.2.1.0.39,,,,,,,,,,,,,,,,,,,,,,,,,,,,,,,,,,,,,,,,,,,,,,,,,,,,,,,,,,,,,,,,,,,,,,,,,,,,,,,,,,,,,,,,,,,,,,,,,,,
2,1,2,2,0,40,"Interfaces often host localised states arising from atomic mismatch, bonding reconstruction, or impurity segregation.",2.1.2.2.0.40,,,,,,,,,,,,,,,,,,,,,,,,,,,,,,,,,,,,,,,,,,,,,,,,,,,,,,,,,,,,,,,,,,,,,,,,,,,,,,,,,,,,,,,,,,,,,,,,,,,
2,1,2,2,0,41,"These can act as traps or recombination centres, significantly affecting carrier lifetimes and mobility.",2.1.2.2.0.41,,,,,,,,,,,,,,,,,,,,,,,,,,,,,,,,,,,,,,,,,,,,,,,,,,,,,,,,,,,,,,,,,,,,,,,,,,,,,,,,,,,,,,,,,,,,,,,,,,,
2,1,2,2,0,42,"In 2D|3D systems, tunnelling, leakage, or enhanced recombination may occur depending on the barrier height and band offset at the junction.",2.1.2.2.0.42,,,,,,,,,,,,,,,,,,,,,,,,,,,,,,,,,,,,,,,,,,,,,,,,,,,,,,,,,,,,,,,,,,,,,,,,,,,,,,,,,,,,,,,,,,,,,,,,,,,
2,1,2,3,0,43,The dielectric properties of materials can be strongly altered at interfaces.,2.1.2.3.0.43,,,,,,,,,,,,,,,,,,,,,,,,,,,,,,,,,,,,,,,,,,,,,,,,,,,,,,,,,,,,,,,,,,,,,,,,,,,,,,,,,,,,,,,,,,,,,,,,,,,
2,1,2,3,0,44,"In systems like \ce{CaCu3Ti4O12}, colossal permittivity arises not from the bulk crystal but from insulating grain boundaries and a semiconducting interior, exemplifying the Maxwell-Wagner effect.",2.1.2.3.0.44,,,,,,,,,,,,,,,,,,,,,,,,,,,,,,,,,,,,,,,,,,,,,,,,,,,,,,,,,,,,,,,,,,,,,,,,,,,,,,,,,,,,,,,,,,,,,,,,,,,
2,1,2,3,0,45,"Interface-induced polarisation, charge accumulation, and ionic displacements all contribute to enhanced dielectric responses.",2.1.2.3.0.45,,,,,,,,,,,,,,,,,,,,,,,,,,,,,,,,,,,,,,,,,,,,,,,,,,,,,,,,,,,,,,,,,,,,,,,,,,,,,,,,,,,,,,,,,,,,,,,,,,,
2,1,2,4,0,46,"Thermal transport across interfaces is typically suppressed due to phonon scattering, mass disorder, and acoustic impedance mismatch.",2.1.2.4.0.46,,,,,,,,,,,,,,,,,,,,,,,,,,,,,,,,,,,,,,,,,,,,,,,,,,,,,,,,,,,,,,,,,,,,,,,,,,,,,,,,,,,,,,,,,,,,,,,,,,,
2,1,2,4,0,47,"This results in thermal boundary resistance (or Kapitza resistance), a key factor in thermoelectric design and heat management in microelectronics.",2.1.2.4.0.47,,,,,,,,,,,,,,,,,,,,,,,,,,,,,,,,,,,,,,,,,,,,,,,,,,,,,,,,,,,,,,,,,,,,,,,,,,,,,,,,,,,,,,,,,,,,,,,,,,,
2,1,2,4,0,48,"In 2D heterostructures, the interface often acts as a dominant phonon scattering site, reducing the effective thermal conductivity below that of either constituent layer.",2.1.2.4.0.48,,,,,,,,,,,,,,,,,,,,,,,,,,,,,,,,,,,,,,,,,,,,,,,,,,,,,,,,,,,,,,,,,,,,,,,,,,,,,,,,,,,,,,,,,,,,,,,,,,,
2,1,2,5,0,49,Interfaces can stabilise new or metastable phases not accessible in bulk.,2.1.2.5.0.49,,,,,,,,,,,,,,,,,,,,,,,,,,,,,,,,,,,,,,,,,,,,,,,,,,,,,,,,,,,,,,,,,,,,,,,,,,,,,,,,,,,,,,,,,,,,,,,,,,,
2,1,2,5,0,50,"For instance, the interface between \ce{BaTiO3} and \ce{SiO2} has been shown to promote the spontaneous formation of the fresnoite phase \ce{Ba2TiSi2O8}, altering both electronic and mechanical response.",2.1.2.5.0.50,,,,,,,,,,,,,,,,,,,,,,,,,,,,,,,,,,,,,,,,,,,,,,,,,,,,,,,,,,,,,,,,,,,,,,,,,,,,,,,,,,,,,,,,,,,,,,,,,,,
2,1,2,5,0,51,"A more nuanced example is the graphene|\ce{MgO} interface: while monolayer MgO confined between graphene layers often adopts a rocksalt-like structure, this is not simply a case of one phase being energetically favoured.",2.1.2.5.0.51,,,,,,,,,,,,,,,,,,,,,,,,,,,,,,,,,,,,,,,,,,,,,,,,,,,,,,,,,,,,,,,,,,,,,,,,,,,,,,,,,,,,,,,,,,,,,,,,,,,
2,1,2,5,0,52,"Instead, the local environment, including charge transfer and encapsulation, stabilises the rocksalt phase relative to the expected hexagonal phase in unsupported monolayers.",2.1.2.5.0.52,,,,,,,,,,,,,,,,,,,,,,,,,,,,,,,,,,,,,,,,,,,,,,,,,,,,,,,,,,,,,,,,,,,,,,,,,,,,,,,,,,,,,,,,,,,,,,,,,,,
2,1,2,5,0,53,"However, experimental and theoretical studies suggest that a mixed or hybrid phase may also eme.g.",2.1.2.5.0.53,,,,,,,,,,,,,,,,,,,,,,,,,,,,,,,,,,,,,,,,,,,,,,,,,,,,,,,,,,,,,,,,,,,,,,,,,,,,,,,,,,,,,,,,,,,,,,,,,,,
2,1,2,5,0,54,with phase stability dependent on thickness and interface strain.,2.1.2.5.0.54,,,,,,,,,,,,,,,,,,,,,,,,,,,,,,,,,,,,,,,,,,,,,,,,,,,,,,,,,,,,,,,,,,,,,,,,,,,,,,,,,,,,,,,,,,,,,,,,,,,
2,1,2,6,0,55,"Mechanical properties such as bulk modulus, shear strength, and adhesion energy are modified at interfaces due to altered bonding environments and lattice mismatch.",2.1.2.6.0.55,,,,,,,,,,,,,,,,,,,,,,,,,,,,,,,,,,,,,,,,,,,,,,,,,,,,,,,,,,,,,,,,,,,,,,,,,,,,,,,,,,,,,,,,,,,,,,,,,,,
2,1,2,6,0,56,"These variations are important in the design of composite materials, flexible electronics, and nanoindentation studies.",2.1.2.6.0.56,,,,,,,,,,,,,,,,,,,,,,,,,,,,,,,,,,,,,,,,,,,,,,,,,,,,,,,,,,,,,,,,,,,,,,,,,,,,,,,,,,,,,,,,,,,,,,,,,,,
2,1,2,7,0,57,Interfaces affect the optical absorption spectrum by introducing new electronic states and modifying the joint density of states.,2.1.2.7.0.57,,,,,,,,,,,,,,,,,,,,,,,,,,,,,,,,,,,,,,,,,,,,,,,,,,,,,,,,,,,,,,,,,,,,,,,,,,,,,,,,,,,,,,,,,,,,,,,,,,,
2,1,2,7,0,58,"This can lead to bandgap narrowing or broadening, shifts in refractive index, and enhancement of excitonic effects; features exploited in photodetectors and photovoltaic devices.",2.1.2.7.0.58,,,,,,,,,,,,,,,,,,,,,,,,,,,,,,,,,,,,,,,,,,,,,,,,,,,,,,,,,,,,,,,,,,,,,,,,,,,,,,,,,,,,,,,,,,,,,,,,,,,
2,1,3,0,0,59,"Interfaces are not merely passive boundaries between materials; they are active, functional regions that frequently control and even dominate the physical properties of the system.",2.1.3.0.0.59,,,,,,,,,,,,,,,,,,,,,,,,,,,,,,,,,,,,,,,,,,,,,,,,,,,,,,,,,,,,,,,,,,,,,,,,,,,,,,,,,,,,,,,,,,,,,,,,,,,
2,1,3,0,0,60,"As materials and devices are engineered at ever smaller scales, the role of interfaces becomes more pronounced.",2.1.3.0.0.60,,,,,,,,,,,,,,,,,,,,,,,,,,,,,,,,,,,,,,,,,,,,,,,,,,,,,,,,,,,,,,,,,,,,,,,,,,,,,,,,,,,,,,,,,,,,,,,,,,,
2,1,3,0,0,61,"In conventional bulk systems, interfaces may be limited to grain boundaries or inter-phase regions.",2.1.3.0.0.61,,,,,,,,,,,,,,,,,,,,,,,,,,,,,,,,,,,,,,,,,,,,,,,,,,,,,,,,,,,,,,,,,,,,,,,,,,,,,,,,,,,,,,,,,,,,,,,,,,,
2,1,3,0,0,62,"However, in nanomaterials, layered heterostructures, and device-scale systems, interfacial regions can constitute a non-negligible fraction of the total volume or surface area.",2.1.3.0.0.62,,,,,,,,,,,,,,,,,,,,,,,,,,,,,,,,,,,,,,,,,,,,,,,,,,,,,,,,,,,,,,,,,,,,,,,,,,,,,,,,,,,,,,,,,,,,,,,,,,,
2,1,3,0,0,63,Their influence is therefore not ancillary but foundational to system performance.,2.1.3.0.0.63,,,,,,,,,,,,,,,,,,,,,,,,,,,,,,,,,,,,,,,,,,,,,,,,,,,,,,,,,,,,,,,,,,,,,,,,,,,,,,,,,,,,,,,,,,,,,,,,,,,
2,1,3,0,0,64,"In materials engineering, interfaces govern a wide array of properties including adhesion, corrosion resistance, mechanical strength, and diffusion kinetics.",2.1.3.0.0.64,,,,,,,,,,,,,,,,,,,,,,,,,,,,,,,,,,,,,,,,,,,,,,,,,,,,,,,,,,,,,,,,,,,,,,,,,,,,,,,,,,,,,,,,,,,,,,,,,,,
2,1,3,0,0,65,The strength and ductility of composite systems or coatings often depend on interfacial bonding and lattice compatibility.,2.1.3.0.0.65,,,,,,,,,,,,,,,,,,,,,,,,,,,,,,,,,,,,,,,,,,,,,,,,,,,,,,,,,,,,,,,,,,,,,,,,,,,,,,,,,,,,,,,,,,,,,,,,,,,
2,1,3,0,0,66,"Tailoring interfacial chemistry or morphology, through methods such as surface functionalisation, alloying, or atomic layer deposition, is often essential for achieving desired macroscopic performance metrics.",2.1.3.0.0.66,,,,,,,,,,,,,,,,,,,,,,,,,,,,,,,,,,,,,,,,,,,,,,,,,,,,,,,,,,,,,,,,,,,,,,,,,,,,,,,,,,,,,,,,,,,,,,,,,,,
2,1,3,0,0,67,"In electronic devices, interfaces critically influence charge transport, band alignment, and contact resistance.",2.1.3.0.0.67,,,,,,,,,,,,,,,,,,,,,,,,,,,,,,,,,,,,,,,,,,,,,,,,,,,,,,,,,,,,,,,,,,,,,,,,,,,,,,,,,,,,,,,,,,,,,,,,,,,
2,1,3,0,0,68,"Semiconductor heterojunctions, metal-semiconductor contacts, and dielectric boundaries are fundamental to the operation of transistors, diodes, and capacitors.",2.1.3.0.0.68,,,,,,,,,,,,,,,,,,,,,,,,,,,,,,,,,,,,,,,,,,,,,,,,,,,,,,,,,,,,,,,,,,,,,,,,,,,,,,,,,,,,,,,,,,,,,,,,,,,
2,1,3,0,0,69,"Localised changes in atomic registry, roughness, or defect density at the interface can significantly alter tunnelling behaviour, barrier heights, and mobility.",2.1.3.0.0.69,,,,,,,,,,,,,,,,,,,,,,,,,,,,,,,,,,,,,,,,,,,,,,,,,,,,,,,,,,,,,,,,,,,,,,,,,,,,,,,,,,,,,,,,,,,,,,,,,,,
2,1,3,0,0,70,"This is especially true in 2D|3D systems, where interfacial dipoles, charge redistribution, and electrostatic reconstruction result in complex electronic responses not captured by bulk models.",2.1.3.0.0.70,,,,,,,,,,,,,,,,,,,,,,,,,,,,,,,,,,,,,,,,,,,,,,,,,,,,,,,,,,,,,,,,,,,,,,,,,,,,,,,,,,,,,,,,,,,,,,,,,,,
2,1,3,0,0,71,"As devices shrink to the nanometre scale, quantum confinement and interfacial electrostatics become dominant factors, necessitating atomically precise interface control.",2.1.3.0.0.71,,,,,,,,,,,,,,,,,,,,,,,,,,,,,,,,,,,,,,,,,,,,,,,,,,,,,,,,,,,,,,,,,,,,,,,,,,,,,,,,,,,,,,,,,,,,,,,,,,,
2,1,3,0,0,72,Energy systems are similarly interface-dominated.,2.1.3.0.0.72,,,,,,,,,,,,,,,,,,,,,,,,,,,,,,,,,,,,,,,,,,,,,,,,,,,,,,,,,,,,,,,,,,,,,,,,,,,,,,,,,,,,,,,,,,,,,,,,,,,
2,1,3,0,0,73,"In lithium-ion batteries, for example, the solid-electrolyte interphase (SEI) acts as a metastable interfacial layer that dictates both stability and charge transport.",2.1.3.0.0.73,,,,,,,,,,,,,,,,,,,,,,,,,,,,,,,,,,,,,,,,,,,,,,,,,,,,,,,,,,,,,,,,,,,,,,,,,,,,,,,,,,,,,,,,,,,,,,,,,,,
2,1,3,0,0,74,"The performance and longevity of solid-state batteries, fuel cells, and thermoelectric devices depend on the engineered properties of interfaces, which affect ionic conductivity, catalytic activity, thermal transport, and electronic insulation.",2.1.3.0.0.74,,,,,,,,,,,,,,,,,,,,,,,,,,,,,,,,,,,,,,,,,,,,,,,,,,,,,,,,,,,,,,,,,,,,,,,,,,,,,,,,,,,,,,,,,,,,,,,,,,,
2,1,3,0,0,75,"In photovoltaics, interfacial band offsets between donor and acceptor layers, or between absorber materials and charge transport layers, govern charge separation efficiency and open-circuit voltage.",2.1.3.0.0.75,,,,,,,,,,,,,,,,,,,,,,,,,,,,,,,,,,,,,,,,,,,,,,,,,,,,,,,,,,,,,,,,,,,,,,,,,,,,,,,,,,,,,,,,,,,,,,,,,,,
2,1,3,0,0,76,"Overall, interfaces are not incidental features but active design parameters.",2.1.3.0.0.76,,,,,,,,,,,,,,,,,,,,,,,,,,,,,,,,,,,,,,,,,,,,,,,,,,,,,,,,,,,,,,,,,,,,,,,,,,,,,,,,,,,,,,,,,,,,,,,,,,,
2,1,3,0,0,77,"They serve as sites of emergent phenomena, such as interfacial polarisation, bandgap renormalisation, and phonon scattering, that cannot be predicted from bulk properties alone.",2.1.3.0.0.77,,,,,,,,,,,,,,,,,,,,,,,,,,,,,,,,,,,,,,,,,,,,,,,,,,,,,,,,,,,,,,,,,,,,,,,,,,,,,,,,,,,,,,,,,,,,,,,,,,,
2,1,3,0,0,78,"As such, mastering interfacial science is a gateway to developing high-performance materials and devices.",2.1.3.0.0.78,,,,,,,,,,,,,,,,,,,,,,,,,,,,,,,,,,,,,,,,,,,,,,,,,,,,,,,,,,,,,,,,,,,,,,,,,,,,,,,,,,,,,,,,,,,,,,,,,,,
2,1,4,0,0,79,"Material interfaces are regions where two or more distinct phases meet, and their atomic-level structure plays a critical role in determining the physical, electronic, and thermal properties of the overall system.",2.1.4.0.0.79,,,,,,,,,,,,,,,,,,,,,,,,,,,,,,,,,,,,,,,,,,,,,,,,,,,,,,,,,,,,,,,,,,,,,,,,,,,,,,,,,,,,,,,,,,,,,,,,,,,
2,1,4,0,0,80,"These interfaces are not merely passive boundaries; rather, they are active regions that can be engineered for specific functionality, particularly in devices involving electronic, optoelectronic, and energy materials.",2.1.4.0.0.80,,,,,,,,,,,,,,,,,,,,,,,,,,,,,,,,,,,,,,,,,,,,,,,,,,,,,,,,,,,,,,,,,,,,,,,,,,,,,,,,,,,,,,,,,,,,,,,,,,,
2,1,4,0,0,81,"The structural features that influence interface behaviour include crystallographic orientation, the nature of the phase boundary, and the presence of defects.",2.1.4.0.0.81,,,,,,,,,,,,,,,,,,,,,,,,,,,,,,,,,,,,,,,,,,,,,,,,,,,,,,,,,,,,,,,,,,,,,,,,,,,,,,,,,,,,,,,,,,,,,,,,,,,
2,1,4,1,0,82,"The relative orientation of crystals on either side of an interface can significantly affect the atomic registry, bond continuity, and symmetry breaking across the interface.",2.1.4.1.0.82,,,,,,,,,,,,,,,,,,,,,,,,,,,,,,,,,,,,,,,,,,,,,,,,,,,,,,,,,,,,,,,,,,,,,,,,,,,,,,,,,,,,,,,,,,,,,,,,,,,
2,1,4,1,0,83,"Epitaxial alignment, where lattice planes across the interface maintain a well-defined relationship, typically results in low-strain, coherent interfaces.",2.1.4.1.0.83,,,,,,,,,,,,,,,,,,,,,,,,,,,,,,,,,,,,,,,,,,,,,,,,,,,,,,,,,,,,,,,,,,,,,,,,,,,,,,,,,,,,,,,,,,,,,,,,,,,
2,1,4,1,0,84,"In contrast, a mismatch in orientation can lead to misfit dislocations or interfacial strain, influencing charge carrier transport, interfacial states, and mechanical stability.",2.1.4.1.0.84,,,,,,,,,,,,,,,,,,,,,,,,,,,,,,,,,,,,,,,,,,,,,,,,,,,,,,,,,,,,,,,,,,,,,,,,,,,,,,,,,,,,,,,,,,,,,,,,,,,
2,1,4,1,0,85,"Orientation also affects the formation energy and electronic reconstruction at the interface, which can lead to phenomena like interface-induced states or altered band alignments.",2.1.4.1.0.85,,,,,,,,,,,,,,,,,,,,,,,,,,,,,,,,,,,,,,,,,,,,,,,,,,,,,,,,,,,,,,,,,,,,,,,,,,,,,,,,,,,,,,,,,,,,,,,,,,,
2,1,4,2,0,86,"When the interface forms between distinct structural phases, such as cubic and hexagonal polymorphs, unique bonding geometries and strain fields arise.",2.1.4.2.0.86,,,,,,,,,,,,,,,,,,,,,,,,,,,,,,,,,,,,,,,,,,,,,,,,,,,,,,,,,,,,,,,,,,,,,,,,,,,,,,,,,,,,,,,,,,,,,,,,,,,
2,1,4,2,0,87,"For instance, in layered 2D|3D systems like \ce{HfS2}|\ce{HfO2}, the band alignment changes depending on whether the materials are stacked or laterally connected, with lateral interfaces showing increased reconstruction due to bonding mismatch between the different crystalline motifs.",2.1.4.2.0.87,,,,,,,,,,,,,,,,,,,,,,,,,,,,,,,,,,,,,,,,,,,,,,,,,,,,,,,,,,,,,,,,,,,,,,,,,,,,,,,,,,,,,,,,,,,,,,,,,,,
2,1,4,2,0,88,"These reconstructions are not merely geometric; they result in different electrostatic and electronic behaviours, influencing band offsets and charge transfer dynamics.",2.1.4.2.0.88,,,,,,,,,,,,,,,,,,,,,,,,,,,,,,,,,,,,,,,,,,,,,,,,,,,,,,,,,,,,,,,,,,,,,,,,,,,,,,,,,,,,,,,,,,,,,,,,,,,
2,1,4,3,0,89,"Defects, including vacancies, interstitials, dislocations, and grain boundaries, are often intrinsic to interface formation and can profoundly modify interfacial properties.",2.1.4.3.0.89,,,,,,,,,,,,,,,,,,,,,,,,,,,,,,,,,,,,,,,,,,,,,,,,,,,,,,,,,,,,,,,,,,,,,,,,,,,,,,,,,,,,,,,,,,,,,,,,,,,
2,1,4,3,0,90,"They may serve as scattering centres, recombination sites, or sources of local doping.",2.1.4.3.0.90,,,,,,,,,,,,,,,,,,,,,,,,,,,,,,,,,,,,,,,,,,,,,,,,,,,,,,,,,,,,,,,,,,,,,,,,,,,,,,,,,,,,,,,,,,,,,,,,,,,
2,1,4,3,0,91,"In grain boundaries of polycrystalline materials, for example, variations in local stoichiometry and strain can create regions of localised metallicity or enhanced dielectric response, as shown in systems exhibiting colossal permittivity.",2.1.4.3.0.91,,,,,,,,,,,,,,,,,,,,,,,,,,,,,,,,,,,,,,,,,,,,,,,,,,,,,,,,,,,,,,,,,,,,,,,,,,,,,,,,,,,,,,,,,,,,,,,,,,,
2,1,4,3,0,92,"In some systems, such as CCTO (\ce{CaCu3Ti4O12}), interfacial defects and microstructural features have been shown to dominate the macroscopic dielectric properties.",2.1.4.3.0.92,,,,,,,,,,,,,,,,,,,,,,,,,,,,,,,,,,,,,,,,,,,,,,,,,,,,,,,,,,,,,,,,,,,,,,,,,,,,,,,,,,,,,,,,,,,,,,,,,,,
2,1,4,3,0,93,"In computational studies, predicting the impact of such defects requires careful treatment of their spatial distribution, charge state, and interaction with surrounding lattice atoms.",2.1.4.3.0.93,,,,,,,,,,,,,,,,,,,,,,,,,,,,,,,,,,,,,,,,,,,,,,,,,,,,,,,,,,,,,,,,,,,,,,,,,,,,,,,,,,,,,,,,,,,,,,,,,,,
2,1,4,3,0,94,"Modern approaches like the RAFFLE algorithm allow for machine learning-driven structure prediction that accounts for void-filling and local bonding environments, enabling more realistic models of defect-laden interfaces.",2.1.4.3.0.94,,,,,,,,,,,,,,,,,,,,,,,,,,,,,,,,,,,,,,,,,,,,,,,,,,,,,,,,,,,,,,,,,,,,,,,,,,,,,,,,,,,,,,,,,,,,,,,,,,,
2,1,5,0,0,95,"Material interfaces, where two distinct phases or materials meet, play a pivotal role in determining the performance and function of a wide array of modern technologies.",2.1.5.0.0.95,,,,,,,,,,,,,,,,,,,,,,,,,,,,,,,,,,,,,,,,,,,,,,,,,,,,,,,,,,,,,,,,,,,,,,,,,,,,,,,,,,,,,,,,,,,,,,,,,,,
2,1,5,0,0,96,"These regions often exhibit structural, electronic, or thermal properties that differ markedly from those of the bulk constituents.",2.1.5.0.0.96,,,,,,,,,,,,,,,,,,,,,,,,,,,,,,,,,,,,,,,,,,,,,,,,,,,,,,,,,,,,,,,,,,,,,,,,,,,,,,,,,,,,,,,,,,,,,,,,,,,
2,1,5,0,0,97,"Depending on their nature, interfaces may enhance or impede material performance.",2.1.5.0.0.97,,,,,,,,,,,,,,,,,,,,,,,,,,,,,,,,,,,,,,,,,,,,,,,,,,,,,,,,,,,,,,,,,,,,,,,,,,,,,,,,,,,,,,,,,,,,,,,,,,,
2,1,5,0,0,98,This subsection surveys several application domains in which understanding and engineering interfacial properties is essential.,2.1.5.0.0.98,,,,,,,,,,,,,,,,,,,,,,,,,,,,,,,,,,,,,,,,,,,,,,,,,,,,,,,,,,,,,,,,,,,,,,,,,,,,,,,,,,,,,,,,,,,,,,,,,,,
2,1,5,0,0,99,"In semiconductor devices, the interface between the gate dielectric and the semiconducting channel is a critical design parameter.",2.1.5.0.0.99,,,,,,,,,,,,,,,,,,,,,,,,,,,,,,,,,,,,,,,,,,,,,,,,,,,,,,,,,,,,,,,,,,,,,,,,,,,,,,,,,,,,,,,,,,,,,,,,,,,
2,1,5,0,0,100,"As traditional \ce{SiO2} dielectrics are replaced by high-$\kappa$ materials such as \ce{HfO2} to meet miniaturisation demands, understanding charge transfer and band alignment across interfaces like \ce{HfS2}| \ce{HfO2} becomes essential for ensuring device reliability and performance.",2.1.5.0.0.100,,,,,,,,,,,,,,,,,,,,,,,,,,,,,,,,,,,,,,,,,,,,,,,,,,,,,,,,,,,,,,,,,,,,,,,,,,,,,,,,,,,,,,,,,,,,,,,,,,,
2,1,5,0,0,101,"Notably, in such 2D|3D heterostructures, the type and strength of bonding (e.g. van der Waals vs. chemical) directly influences charge redistribution and can cause significant deviation from band alignments predicted by Anderson\rqs rule.",2.1.5.0.0.101,,,,,,,,,,,,,,,,,,,,,,,,,,,,,,,,,,,,,,,,,,,,,,,,,,,,,,,,,,,,,,,,,,,,,,,,,,,,,,,,,,,,,,,,,,,,,,,,,,,
2,1,5,0,0,102,"In layered 2D electronics, especially those using transition metal dichalcogenides (TMDCs), the stacking geometry, layer orientation, and interfacial disorder all strongly influence the band alignment.",2.1.5.0.0.102,,,,,,,,,,,,,,,,,,,,,,,,,,,,,,,,,,,,,,,,,,,,,,,,,,,,,,,,,,,,,,,,,,,,,,,,,,,,,,,,,,,,,,,,,,,,,,,,,,,
2,1,5,0,0,103,"These factors affect carrier dynamics, optical transitions, and switching behaviour.",2.1.5.0.0.103,,,,,,,,,,,,,,,,,,,,,,,,,,,,,,,,,,,,,,,,,,,,,,,,,,,,,,,,,,,,,,,,,,,,,,,,,,,,,,,,,,,,,,,,,,,,,,,,,,,
2,1,5,0,0,104,Traditional models such as Anderson\rqss rule have proven insufficient; corrections using terms such as $\Delta E_\Gamma$ and $\Delta E_{\text{IF}}$ have been developed to capture hybridisation and interface dipole contributions more accurately.,2.1.5.0.0.104,,,,,,,,,,,,,,,,,,,,,,,,,,,,,,,,,,,,,,,,,,,,,,,,,,,,,,,,,,,,,,,,,,,,,,,,,,,,,,,,,,,,,,,,,,,,,,,,,,,
2,1,5,0,0,105,These corrections allow for predictive modelling of heterostructure behaviour and support targeted band offset engineering.,2.1.5.0.0.105,,,,,,,,,,,,,,,,,,,,,,,,,,,,,,,,,,,,,,,,,,,,,,,,,,,,,,,,,,,,,,,,,,,,,,,,,,,,,,,,,,,,,,,,,,,,,,,,,,,
2,1,5,0,0,106,Interfaces also govern performance in energy storage systems.,2.1.5.0.0.106,,,,,,,,,,,,,,,,,,,,,,,,,,,,,,,,,,,,,,,,,,,,,,,,,,,,,,,,,,,,,,,,,,,,,,,,,,,,,,,,,,,,,,,,,,,,,,,,,,,
2,1,5,0,0,107,"In all-solid-state batteries, the interface between electrode and solid electrolyte dictates ion mobility, chemical stability, and space charge layer formation.",2.1.5.0.0.107,,,,,,,,,,,,,,,,,,,,,,,,,,,,,,,,,,,,,,,,,,,,,,,,,,,,,,,,,,,,,,,,,,,,,,,,,,,,,,,,,,,,,,,,,,,,,,,,,,,
2,1,5,0,0,108,"Such interfacial processes can lead to resistive interphases or dendrite formation, reducing battery life and safety.",2.1.5.0.0.108,,,,,,,,,,,,,,,,,,,,,,,,,,,,,,,,,,,,,,,,,,,,,,,,,,,,,,,,,,,,,,,,,,,,,,,,,,,,,,,,,,,,,,,,,,,,,,,,,,,
2,1,5,0,0,109,Density Functional Theory (DFT) modelling has shown that interfacial reconstructions and electrostatic gradients can dominate device behaviour.,2.1.5.0.0.109,,,,,,,,,,,,,,,,,,,,,,,,,,,,,,,,,,,,,,,,,,,,,,,,,,,,,,,,,,,,,,,,,,,,,,,,,,,,,,,,,,,,,,,,,,,,,,,,,,,
2,1,5,0,0,110,"In thermoelectric materials, interfaces are employed to decouple electrical and thermal transport.",2.1.5.0.0.110,,,,,,,,,,,,,,,,,,,,,,,,,,,,,,,,,,,,,,,,,,,,,,,,,,,,,,,,,,,,,,,,,,,,,,,,,,,,,,,,,,,,,,,,,,,,,,,,,,,
2,1,5,0,0,111,"Interface-induced phonon scattering suppresses thermal conductivity while preserving electronic conductivity; enhancing the thermoelectric figure of merit, $ZT$.",2.1.5.0.0.111,,,,,,,,,,,,,,,,,,,,,,,,,,,,,,,,,,,,,,,,,,,,,,,,,,,,,,,,,,,,,,,,,,,,,,,,,,,,,,,,,,,,,,,,,,,,,,,,,,,
2,1,5,0,0,112,Layered TMDCs and heterostructures with nanostructured interfaces exploit this mechanism to improve thermal management.,2.1.5.0.0.112,,,,,,,,,,,,,,,,,,,,,,,,,,,,,,,,,,,,,,,,,,,,,,,,,,,,,,,,,,,,,,,,,,,,,,,,,,,,,,,,,,,,,,,,,,,,,,,,,,,
2,1,5,0,0,113,"Finally, in optoelectronics and photovoltaics, interfaces play a central role in determining band bending, exciton dissociation, and charge carrier collection.",2.1.5.0.0.113,,,,,,,,,,,,,,,,,,,,,,,,,,,,,,,,,,,,,,,,,,,,,,,,,,,,,,,,,,,,,,,,,,,,,,,,,,,,,,,,,,,,,,,,,,,,,,,,,,,
2,1,5,0,0,114,"In oxide-based devices, such as proposed all-oxide solar cells (e.g. \ce{CaO}|(\ce{Sn}:\ce{Ca})$_{7:1}$\ce{O}|\ce{TiO2}), interface energetics must be carefully tuned to support efficient charge separation and transport.",2.1.5.0.0.114,,,,,,,,,,,,,,,,,,,,,,,,,,,,,,,,,,,,,,,,,,,,,,,,,,,,,,,,,,,,,,,,,,,,,,,,,,,,,,,,,,,,,,,,,,,,,,,,,,,
2,1,5,0,0,115,"The formation of intermediate phases or interfacial dipoles can critically affect performance, necessitating first-principles modelling for reliable device design.",2.1.5.0.0.115,,,,,,,,,,,,,,,,,,,,,,,,,,,,,,,,,,,,,,,,,,,,,,,,,,,,,,,,,,,,,,,,,,,,,,,,,,,,,,,,,,,,,,,,,,,,,,,,,,,
2,1,5,0,0,116,"Across these examples, it is evident that interfaces are not passive boundaries, but active, tunable regions that critically determine macroscopic functionality.",2.1.5.0.0.116,,,,,,,,,,,,,,,,,,,,,,,,,,,,,,,,,,,,,,,,,,,,,,,,,,,,,,,,,,,,,,,,,,,,,,,,,,,,,,,,,,,,,,,,,,,,,,,,,,,
2,1,5,0,0,117,"Their predictive modelling, through DFT, machine learning potentials, or interface-specific structure search tools like ARTEMIS, remains a central challenge in modern materials design.",2.1.5.0.0.117,,,,,,,,,,,,,,,,,,,,,,,,,,,,,,,,,,,,,,,,,,,,,,,,,,,,,,,,,,,,,,,,,,,,,,,,,,,,,,,,,,,,,,,,,,,,,,,,,,,
2,2,0,0,0,118,Understanding and predicting the behaviour of material interfaces requires a firm foundation in computational methods that are rooted in quantum and statistical mechanics.,2.2.0.0.0.118,,,,,,,,,,,,,,,,,,,,,,,,,,,,,,,,,,,,,,,,,,,,,,,,,,,,,,,,,,,,,,,,,,,,,,,,,,,,,,,,,,,,,,,,,,,,,,,,,,,
2,2,0,0,0,119,"This section introduces the core approaches historically used to model interfaces at the atomic and mesoscale level, focusing primarily on first-principles methods and classical simulation techniques.",2.2.0.0.0.119,,,,,,,,,,,,,,,,,,,,,,,,,,,,,,,,,,,,,,,,,,,,,,,,,,,,,,,,,,,,,,,,,,,,,,,,,,,,,,,,,,,,,,,,,,,,,,,,,,,
2,2,0,0,0,120,"Although each of these methods offers powerful insights, their accuracy, computational cost, and suitability for interface modelling vary substantially.",2.2.0.0.0.120,,,,,,,,,,,,,,,,,,,,,,,,,,,,,,,,,,,,,,,,,,,,,,,,,,,,,,,,,,,,,,,,,,,,,,,,,,,,,,,,,,,,,,,,,,,,,,,,,,,
2,2,0,0,0,121,"A primary tool in this field is \textit{Density Functional Theory} (DFT), a quantum-mechanical framework capable of describing electronic structure with high precision.",2.2.0.0.0.121,,,,,,,,,,,,,,,,,,,,,,,,,,,,,,,,,,,,,,,,,,,,,,,,,,,,,,,,,,,,,,,,,,,,,,,,,,,,,,,,,,,,,,,,,,,,,,,,,,,
2,2,0,0,0,122,DFT is well-suited to calculating key interfacial properties such as formation ene.g.,2.2.0.0.0.122,,,,,,,,,,,,,,,,,,,,,,,,,,,,,,,,,,,,,,,,,,,,,,,,,,,,,,,,,,,,,,,,,,,,,,,,,,,,,,,,,,,,,,,,,,,,,,,,,,,
2,2,0,0,0,123,"charge redistribution, and band alignment, making it an essential component of most modern interface studies.",2.2.0.0.0.123,,,,,,,,,,,,,,,,,,,,,,,,,,,,,,,,,,,,,,,,,,,,,,,,,,,,,,,,,,,,,,,,,,,,,,,,,,,,,,,,,,,,,,,,,,,,,,,,,,,
2,2,0,0,0,124,"Within this domain, software packages such as \textsc{VASP} have become widely adopted for their efficient implementations of the Kohn-Sham formalism.",2.2.0.0.0.124,,,,,,,,,,,,,,,,,,,,,,,,,,,,,,,,,,,,,,,,,,,,,,,,,,,,,,,,,,,,,,,,,,,,,,,,,,,,,,,,,,,,,,,,,,,,,,,,,,,
2,2,0,0,0,125,"However, DFT\rqss cubic scaling with system size makes it computationally prohibitive for large or disordered interface models.",2.2.0.0.0.125,,,,,,,,,,,,,,,,,,,,,,,,,,,,,,,,,,,,,,,,,,,,,,,,,,,,,,,,,,,,,,,,,,,,,,,,,,,,,,,,,,,,,,,,,,,,,,,,,,,
2,2,0,0,0,126,"As a result, researchers also turn to \textit{classical methods}, such as \textit{Molecular Dynamics} (MD) and \textit{Kinetic Monte Carlo} (KMC).",2.2.0.0.0.126,,,,,,,,,,,,,,,,,,,,,,,,,,,,,,,,,,,,,,,,,,,,,,,,,,,,,,,,,,,,,,,,,,,,,,,,,,,,,,,,,,,,,,,,,,,,,,,,,,,
2,2,0,0,0,127,"MD enables the simulation of dynamic processes and thermal fluctuations over nanosecond timescales, whereas KMC offers access to much longer time evolution by modelling stochastic transitions between states.",2.2.0.0.0.127,,,,,,,,,,,,,,,,,,,,,,,,,,,,,,,,,,,,,,,,,,,,,,,,,,,,,,,,,,,,,,,,,,,,,,,,,,,,,,,,,,,,,,,,,,,,,,,,,,,
2,2,0,0,0,128,"Each method has its own niche---MD is adept at capturing thermal effects and atomic rearrangements, while KMC is particularly valuable for studying diffusion and growth kinetics over experimental timescales.",2.2.0.0.0.128,,,,,,,,,,,,,,,,,,,,,,,,,,,,,,,,,,,,,,,,,,,,,,,,,,,,,,,,,,,,,,,,,,,,,,,,,,,,,,,,,,,,,,,,,,,,,,,,,,,
2,2,0,0,0,129,These conventional approaches provide the groundwork for predicting critical interfacial properties---including adhesion ene.g.,2.2.0.0.0.129,,,,,,,,,,,,,,,,,,,,,,,,,,,,,,,,,,,,,,,,,,,,,,,,,,,,,,,,,,,,,,,,,,,,,,,,,,,,,,,,,,,,,,,,,,,,,,,,,,,
2,2,0,0,0,130,"charge transfer behaviour, and electron or phonon transport.",2.2.0.0.0.130,,,,,,,,,,,,,,,,,,,,,,,,,,,,,,,,,,,,,,,,,,,,,,,,,,,,,,,,,,,,,,,,,,,,,,,,,,,,,,,,,,,,,,,,,,,,,,,,,,,
2,2,0,0,0,131,"They remain indispensable despite their limitations, particularly when used in tandem.",2.2.0.0.0.131,,,,,,,,,,,,,,,,,,,,,,,,,,,,,,,,,,,,,,,,,,,,,,,,,,,,,,,,,,,,,,,,,,,,,,,,,,,,,,,,,,,,,,,,,,,,,,,,,,,
2,2,0,0,0,132,"This section surveys these methods in turn, addressing their theoretical underpinnings, practical implementations, and their relative advantages and constraints in the context of interface science.",2.2.0.0.0.132,,,,,,,,,,,,,,,,,,,,,,,,,,,,,,,,,,,,,,,,,,,,,,,,,,,,,,,,,,,,,,,,,,,,,,,,,,,,,,,,,,,,,,,,,,,,,,,,,,,
2,2,1,0,0,133,Traditional computational approaches to modelling interfaces have historically focused on atomistic methods grounded in quantum mechanics or statistical physics.,2.2.1.0.0.133,,,,,,,,,,,,,,,,,,,,,,,,,,,,,,,,,,,,,,,,,,,,,,,,,,,,,,,,,,,,,,,,,,,,,,,,,,,,,,,,,,,,,,,,,,,,,,,,,,,
2,2,1,0,0,134,"The most widely adopted of these are \textit{first-principles} or \textit{ab initio} methods, particularly Density Functional Theory (DFT), as well as Molecular Dynamics (MD) and Kinetic Monte Carlo (KMC).",2.2.1.0.0.134,,,,,,,,,,,,,,,,,,,,,,,,,,,,,,,,,,,,,,,,,,,,,,,,,,,,,,,,,,,,,,,,,,,,,,,,,,,,,,,,,,,,,,,,,,,,,,,,,,,
2,2,1,0,0,135,"Each offers a different perspective on interfacial structure, energetics, and evolution.",2.2.1.0.0.135,,,,,,,,,,,,,,,,,,,,,,,,,,,,,,,,,,,,,,,,,,,,,,,,,,,,,,,,,,,,,,,,,,,,,,,,,,,,,,,,,,,,,,,,,,,,,,,,,,,
2,2,1,1,0,136,A foundational step in many interface modelling workflows is lattice matching between two crystalline materials.,2.2.1.1.0.136,,,,,,,,,,,,,,,,,,,,,,,,,,,,,,,,,,,,,,,,,,,,,,,,,,,,,,,,,,,,,,,,,,,,,,,,,,,,,,,,,,,,,,,,,,,,,,,,,,,
2,2,1,1,0,137,This involves aligning compatible Miller planes to minimise strain and identify viable supercell geometries.,2.2.1.1.0.137,,,,,,,,,,,,,,,,,,,,,,,,,,,,,,,,,,,,,,,,,,,,,,,,,,,,,,,,,,,,,,,,,,,,,,,,,,,,,,,,,,,,,,,,,,,,,,,,,,,
2,2,1,1,0,138,"The method introduced by Zur et al.~(1984) laid the groundwork for many subsequent algorithms used in tools such as \textsc{METADISE} and \textsc{ARTEMIS}, which systematically enumerate low-strain combinations, slips, terminations, and atomic registries.",2.2.1.1.0.138,,,,,,,,,,,,,,,,,,,,,,,,,,,,,,,,,,,,,,,,,,,,,,,,,,,,,,,,,,,,,,,,,,,,,,,,,,,,,,,,,,,,,,,,,,,,,,,,,,,
2,2,1,1,0,139,"These approaches assume idealised surfaces and often neglect more complex processes such as surface reconstructions, chemical interdiffusion, or local disorder.",2.2.1.1.0.139,,,,,,,,,,,,,,,,,,,,,,,,,,,,,,,,,,,,,,,,,,,,,,,,,,,,,,,,,,,,,,,,,,,,,,,,,,,,,,,,,,,,,,,,,,,,,,,,,,,
2,2,1,2,0,140,DFT remains the most accurate and widely used quantum mechanical method for predicting interfacial properties.,2.2.1.2.0.140,,,,,,,,,,,,,,,,,,,,,,,,,,,,,,,,,,,,,,,,,,,,,,,,,,,,,,,,,,,,,,,,,,,,,,,,,,,,,,,,,,,,,,,,,,,,,,,,,,,
2,2,1,2,0,141,"It solves the Kohn--Sham equations to determine the electronic ground state, providing access to total energies, charge densities, and band edge positions.",2.2.1.2.0.141,,,,,,,,,,,,,,,,,,,,,,,,,,,,,,,,,,,,,,,,,,,,,,,,,,,,,,,,,,,,,,,,,,,,,,,,,,,,,,,,,,,,,,,,,,,,,,,,,,,
2,2,1,2,0,142,DFT can reliably predict key quantities such as adhesion ene.g.,2.2.1.2.0.142,,,,,,,,,,,,,,,,,,,,,,,,,,,,,,,,,,,,,,,,,,,,,,,,,,,,,,,,,,,,,,,,,,,,,,,,,,,,,,,,,,,,,,,,,,,,,,,,,,,
2,2,1,2,0,143,"charge transfer, and local band alignment.",2.2.1.2.0.143,,,,,,,,,,,,,,,,,,,,,,,,,,,,,,,,,,,,,,,,,,,,,,,,,,,,,,,,,,,,,,,,,,,,,,,,,,,,,,,,,,,,,,,,,,,,,,,,,,,
2,2,1,2,0,144,"However, it scales cubically with system size ($\mathcal{O}(N^3)$), limiting its application to relatively small supercells and coherent interfaces.",2.2.1.2.0.144,,,,,,,,,,,,,,,,,,,,,,,,,,,,,,,,,,,,,,,,,,,,,,,,,,,,,,,,,,,,,,,,,,,,,,,,,,,,,,,,,,,,,,,,,,,,,,,,,,,
2,2,1,2,0,145,"For disordered systems or long-range relaxations, DFT becomes prohibitively expensive.",2.2.1.2.0.145,,,,,,,,,,,,,,,,,,,,,,,,,,,,,,,,,,,,,,,,,,,,,,,,,,,,,,,,,,,,,,,,,,,,,,,,,,,,,,,,,,,,,,,,,,,,,,,,,,,
2,2,1,3,0,146,"MD simulates the atomic trajectories under classical Newtonian mechanics, governed by interatomic potentials.",2.2.1.3.0.146,,,,,,,,,,,,,,,,,,,,,,,,,,,,,,,,,,,,,,,,,,,,,,,,,,,,,,,,,,,,,,,,,,,,,,,,,,,,,,,,,,,,,,,,,,,,,,,,,,,
2,2,1,3,0,147,"Classical MD is well-suited to studying thermal processes such as diffusion, defect migration, and strain relaxation on picosecond to nanosecond timescales.",2.2.1.3.0.147,,,,,,,,,,,,,,,,,,,,,,,,,,,,,,,,,,,,,,,,,,,,,,,,,,,,,,,,,,,,,,,,,,,,,,,,,,,,,,,,,,,,,,,,,,,,,,,,,,,
2,2,1,3,0,148,"It can handle much larger system sizes than DFT but sacrifices electronic accuracy, particularly in capturing bond rearrangements or charge redistribution.",2.2.1.3.0.148,,,,,,,,,,,,,,,,,,,,,,,,,,,,,,,,,,,,,,,,,,,,,,,,,,,,,,,,,,,,,,,,,,,,,,,,,,,,,,,,,,,,,,,,,,,,,,,,,,,
2,2,1,3,0,149,Reactive MD and ab initio MD (e.g. Car-Parrinello) offer improved fidelity at increased computational cost.,2.2.1.3.0.149,,,,,,,,,,,,,,,,,,,,,,,,,,,,,,,,,,,,,,,,,,,,,,,,,,,,,,,,,,,,,,,,,,,,,,,,,,,,,,,,,,,,,,,,,,,,,,,,,,,
2,2,1,4,0,150,"KMC provides a probabilistic approach to simulate rare events and long-term evolution, such as grain growth, interdiffusion, or defect clustering.",2.2.1.4.0.150,,,,,,,,,,,,,,,,,,,,,,,,,,,,,,,,,,,,,,,,,,,,,,,,,,,,,,,,,,,,,,,,,,,,,,,,,,,,,,,,,,,,,,,,,,,,,,,,,,,
2,2,1,4,0,151,"It models a system as a sequence of stochastic transitions between predefined states, with rates typically derived from DFT or MD simulations.",2.2.1.4.0.151,,,,,,,,,,,,,,,,,,,,,,,,,,,,,,,,,,,,,,,,,,,,,,,,,,,,,,,,,,,,,,,,,,,,,,,,,,,,,,,,,,,,,,,,,,,,,,,,,,,
2,2,1,4,0,152,"KMC can simulate processes on experimentally relevant timescales (up to seconds), but lacks atomic-resolution trajectories and requires a comprehensive catalogue of rate-limiting events.",2.2.1.4.0.152,,,,,,,,,,,,,,,,,,,,,,,,,,,,,,,,,,,,,,,,,,,,,,,,,,,,,,,,,,,,,,,,,,,,,,,,,,,,,,,,,,,,,,,,,,,,,,,,,,,
2,2,1,5,0,153,"Together, these methods form the traditional computational toolkit for interface modelling.",2.2.1.5.0.153,,,,,,,,,,,,,,,,,,,,,,,,,,,,,,,,,,,,,,,,,,,,,,,,,,,,,,,,,,,,,,,,,,,,,,,,,,,,,,,,,,,,,,,,,,,,,,,,,,,
2,2,1,5,0,154,DFT provides high-accuracy predictions of interfacial energies and electronic structure; MD captures time-resolved atomistic behaviour; and KMC enables long-timescale simulations of kinetic evolution.,2.2.1.5.0.154,,,,,,,,,,,,,,,,,,,,,,,,,,,,,,,,,,,,,,,,,,,,,,,,,,,,,,,,,,,,,,,,,,,,,,,,,,,,,,,,,,,,,,,,,,,,,,,,,,,
2,2,1,5,0,155,"While powerful individually, these methods are increasingly applied in tandem to span multiple length and time scales.",2.2.1.5.0.155,,,,,,,,,,,,,,,,,,,,,,,,,,,,,,,,,,,,,,,,,,,,,,,,,,,,,,,,,,,,,,,,,,,,,,,,,,,,,,,,,,,,,,,,,,,,,,,,,,,
2,2,2,0,0,156,"Density Functional Theory (DFT) is a first-principles quantum mechanical method used extensively to model the electronic structure of condensed matter systems, including molecules, solids, and, critically, material interfaces.",2.2.2.0.0.156,,,,,,,,,,,,,,,,,,,,,,,,,,,,,,,,,,,,,,,,,,,,,,,,,,,,,,,,,,,,,,,,,,,,,,,,,,,,,,,,,,,,,,,,,,,,,,,,,,,
2,2,2,0,0,157,"It provides a variational framework in which the ground-state properties of a many-electron system can be obtained from a functional of the electron density $\rho(\mathbf{r})$, rather than from the many-body wavefunction $\Psi(\mathbf{r}_1, \dots, \mathbf{r}_N)$.",2.2.2.0.0.157,,,,,,,,,,,,,,,,,,,,,,,,,,,,,,,,,,,,,,,,,,,,,,,,,,,,,,,,,,,,,,,,,,,,,,,,,,,,,,,,,,,,,,,,,,,,,,,,,,,
2,2,2,0,0,158,"This simplification, formalised through the Hohenberg-Kohn theorems, underpins the modern implementation of DFT via the Kohn-Sham approach, where the interacting system is replaced by an auxiliary system of non-interacting electrons subject to an effective potential that captures Coulomb, exchange, and correlation interactions.",2.2.2.0.0.158,,,,,,,,,,,,,,,,,,,,,,,,,,,,,,,,,,,,,,,,,,,,,,,,,,,,,,,,,,,,,,,,,,,,,,,,,,,,,,,,,,,,,,,,,,,,,,,,,,,
2,2,2,0,0,159,"The total Kohn-Sham energy is given by: \begin{equation} E_{\mathrm{KS}}[\rho] = T_s[\rho] + \int V_{\mathrm{ext}}(\mathbf{r}) \rho(\mathbf{r}) \, \mathrm{d}\mathbf{r} + \frac{1}{2} \int \int \frac{\rho(\mathbf{r}) \rho(\mathbf{r'})}{|\mathbf{r} - \mathbf{r'}|} \, \mathrm{d}\mathbf{r} \, \mathrm{d}\mathbf{r'} + E_{\mathrm{xc}}[\rho], \end{equation} where $T_s[\rho]$ is the kinetic energy of the non-interacting electrons, $V_{\mathrm{ext}}$ is the external (ionic) potential, and $E_{\mathrm{xc}}[\rho]$ is the exchange-correlation functional, the exact form of which remains unknown.",2.2.2.0.0.159,,,,,,,,,,,,,,,,,,,,,,,,,,,,,,,,,,,,,,,,,,,,,,,,,,,,,,,,,,,,,,,,,,,,,,,,,,,,,,,,,,,,,,,,,,,,,,,,,,,
2,2,2,0,0,160,"Common approximations include the Local Density Approximation (LDA), Generalised Gradient Approximation (GGA), and hybrid functionals.",2.2.2.0.0.160,,,,,,,,,,,,,,,,,,,,,,,,,,,,,,,,,,,,,,,,,,,,,,,,,,,,,,,,,,,,,,,,,,,,,,,,,,,,,,,,,,,,,,,,,,,,,,,,,,,
2,2,2,0,0,161,"While LDA assumes a locally uniform electron gas and often leads to overbinding, GGA incorporates density gradients and improves accuracy for molecular and inhomogeneous systems.",2.2.2.0.0.161,,,,,,,,,,,,,,,,,,,,,,,,,,,,,,,,,,,,,,,,,,,,,,,,,,,,,,,,,,,,,,,,,,,,,,,,,,,,,,,,,,,,,,,,,,,,,,,,,,,
2,2,2,0,0,162,"Hybrid functionals, such as HSE06, incorporate a portion of exact exchange and offer improved bandgap and localisation predictions at significantly greater computational cost.",2.2.2.0.0.162,,,,,,,,,,,,,,,,,,,,,,,,,,,,,,,,,,,,,,,,,,,,,,,,,,,,,,,,,,,,,,,,,,,,,,,,,,,,,,,,,,,,,,,,,,,,,,,,,,,
2,2,2,0,0,163,"DFT has become foundational in materials modelling due to its ability to predict not only total energies and optimised geometries, but also derived properties including electronic band structures, charge densities, dielectric responses, phonon spectra, and interfacial energetics.",2.2.2.0.0.163,,,,,,,,,,,,,,,,,,,,,,,,,,,,,,,,,,,,,,,,,,,,,,,,,,,,,,,,,,,,,,,,,,,,,,,,,,,,,,,,,,,,,,,,,,,,,,,,,,,
2,2,2,0,0,164,"Its applications to interface modelling, however, are computationally constrained.",2.2.2.0.0.164,,,,,,,,,,,,,,,,,,,,,,,,,,,,,,,,,,,,,,,,,,,,,,,,,,,,,,,,,,,,,,,,,,,,,,,,,,,,,,,,,,,,,,,,,,,,,,,,,,,
2,2,2,0,0,165,"Systems containing hundreds of atoms, often required to model misfit dislocations, strain relief, and interfacial disorder, can become prohibitively expensive, with computational scaling on the order of $\mathcal{O}(N^3)$ with system size.",2.2.2.0.0.165,,,,,,,,,,,,,,,,,,,,,,,,,,,,,,,,,,,,,,,,,,,,,,,,,,,,,,,,,,,,,,,,,,,,,,,,,,,,,,,,,,,,,,,,,,,,,,,,,,,
2,2,2,1,0,166,"All DFT simulations in this project are conducted using the Vienna Ab initio Simulation Package (VASP), a widely used plane-wave-based implementation of Kohn-Sham DFT.",2.2.2.1.0.166,,,,,,,,,,,,,,,,,,,,,,,,,,,,,,,,,,,,,,,,,,,,,,,,,,,,,,,,,,,,,,,,,,,,,,,,,,,,,,,,,,,,,,,,,,,,,,,,,,,
2,2,2,1,0,167,"VASP employs the projector-augmented wave (PAW) method to model core-valence interactions, and supports a variety of exchange-correlation functionals including GGA-PBE and hybrid HSE06.",2.2.2.1.0.167,,,,,,,,,,,,,,,,,,,,,,,,,,,,,,,,,,,,,,,,,,,,,,,,,,,,,,,,,,,,,,,,,,,,,,,,,,,,,,,,,,,,,,,,,,,,,,,,,,,
2,2,2,1,0,168,Structural relaxations are typically performed with conjugate gradient algorithms until residual forces fall below a chosen threshold (e.g. 0.01 eV/\AA).,2.2.2.1.0.168,,,,,,,,,,,,,,,,,,,,,,,,,,,,,,,,,,,,,,,,,,,,,,,,,,,,,,,,,,,,,,,,,,,,,,,,,,,,,,,,,,,,,,,,,,,,,,,,,,,
2,2,2,1,0,169,"Periodic boundary conditions are employed in all three spatial directions, necessitating the introduction of vacuum regions for slab models and sufficient supercell dimensions to minimise image-image interactions in interface simulations.",2.2.2.1.0.169,,,,,,,,,,,,,,,,,,,,,,,,,,,,,,,,,,,,,,,,,,,,,,,,,,,,,,,,,,,,,,,,,,,,,,,,,,,,,,,,,,,,,,,,,,,,,,,,,,,
2,2,2,1,0,170,"For phonon and dielectric property calculations, VASP supports both finite displacement and Density Functional Perturbation Theory (DFPT) approaches, though care must be taken when treating low-symmetry systems or low-frequency modes.",2.2.2.1.0.170,,,,,,,,,,,,,,,,,,,,,,,,,,,,,,,,,,,,,,,,,,,,,,,,,,,,,,,,,,,,,,,,,,,,,,,,,,,,,,,,,,,,,,,,,,,,,,,,,,,
2,2,2,1,0,171,"The simulation input is controlled via the INCAR, POSCAR, KPOINTS, and POTCAR files, with convergence typically assessed by k-point density and energy cutoff tests.",2.2.2.1.0.171,,,,,,,,,,,,,,,,,,,,,,,,,,,,,,,,,,,,,,,,,,,,,,,,,,,,,,,,,,,,,,,,,,,,,,,,,,,,,,,,,,,,,,,,,,,,,,,,,,,
2,2,2,1,0,172,"Pulay and Broyden mixing schemes are used for charge density convergence, and dipole corrections may be employed for asymmetric slab geometries.",2.2.2.1.0.172,,,,,,,,,,,,,,,,,,,,,,,,,,,,,,,,,,,,,,,,,,,,,,,,,,,,,,,,,,,,,,,,,,,,,,,,,,,,,,,,,,,,,,,,,,,,,,,,,,,
2,2,2,1,0,173,"While VASP provides accurate and robust results for interfacial modelling, it remains computationally intensive.",2.2.2.1.0.173,,,,,,,,,,,,,,,,,,,,,,,,,,,,,,,,,,,,,,,,,,,,,,,,,,,,,,,,,,,,,,,,,,,,,,,,,,,,,,,,,,,,,,,,,,,,,,,,,,,
2,2,2,1,0,174,"For extended or complex interfacial systems, this motivates the introduction of machine-learned potentials (MLPs), which aim to reproduce DFT accuracy at substantially lower cost; enabling exploration of larger supercells, disordered motifs, and thermodynamic ensembles that are otherwise intractable.",2.2.2.1.0.174,,,,,,,,,,,,,,,,,,,,,,,,,,,,,,,,,,,,,,,,,,,,,,,,,,,,,,,,,,,,,,,,,,,,,,,,,,,,,,,,,,,,,,,,,,,,,,,,,,,
2,2,3,0,0,175,"In addition to Density Functional Theory (DFT), two other classes of atomistic modelling, Molecular Dynamics (MD) and Kinetic Monte Carlo (KMC), have proven valuable for exploring material interfaces, particularly when temporal evolution or thermal effects are of interest.",2.2.3.0.0.175,,,,,,,,,,,,,,,,,,,,,,,,,,,,,,,,,,,,,,,,,,,,,,,,,,,,,,,,,,,,,,,,,,,,,,,,,,,,,,,,,,,,,,,,,,,,,,,,,,,
2,2,3,1,0,176,Molecular Dynamics is a time-resolved simulation method in which the trajectories of atoms are computed by numerically integrating Newton\rqss equations of motion.,2.2.3.1.0.176,,,,,,,,,,,,,,,,,,,,,,,,,,,,,,,,,,,,,,,,,,,,,,,,,,,,,,,,,,,,,,,,,,,,,,,,,,,,,,,,,,,,,,,,,,,,,,,,,,,
2,2,3,1,0,177,"Forces on each atom are derived either from empirical interatomic potentials (classical MD) or quantum-mechanical calculations (ab initio MD, e.g. Car-Parrinello or Born-Oppenheimer approaches).",2.2.3.1.0.177,,,,,,,,,,,,,,,,,,,,,,,,,,,,,,,,,,,,,,,,,,,,,,,,,,,,,,,,,,,,,,,,,,,,,,,,,,,,,,,,,,,,,,,,,,,,,,,,,,,
2,2,3,1,0,178,"In interface science, MD is used to study thermal stability, strain relaxation, diffusion, and defect evolution at finite temperatures.",2.2.3.1.0.178,,,,,,,,,,,,,,,,,,,,,,,,,,,,,,,,,,,,,,,,,,,,,,,,,,,,,,,,,,,,,,,,,,,,,,,,,,,,,,,,,,,,,,,,,,,,,,,,,,,
2,2,3,1,0,179,"One advantage of MD is its capacity to resolve dynamic processes at the atomic level, such as dislocation glide, grain boundary motion, or interfacial melting.",2.2.3.1.0.179,,,,,,,,,,,,,,,,,,,,,,,,,,,,,,,,,,,,,,,,,,,,,,,,,,,,,,,,,,,,,,,,,,,,,,,,,,,,,,,,,,,,,,,,,,,,,,,,,,,
2,2,3,1,0,180,"However, timescales are severely limited: typical simulations span nanoseconds, far shorter than the seconds to minutes often relevant in experiments.",2.2.3.1.0.180,,,,,,,,,,,,,,,,,,,,,,,,,,,,,,,,,,,,,,,,,,,,,,,,,,,,,,,,,,,,,,,,,,,,,,,,,,,,,,,,,,,,,,,,,,,,,,,,,,,
2,2,3,1,0,181,"Classical MD can scale to millions of atoms but sacrifices accuracy; ab initio MD is more accurate but typically limited to fewer than 1,000 atoms and short timescales due to computational cost.",2.2.3.1.0.181,,,,,,,,,,,,,,,,,,,,,,,,,,,,,,,,,,,,,,,,,,,,,,,,,,,,,,,,,,,,,,,,,,,,,,,,,,,,,,,,,,,,,,,,,,,,,,,,,,,
2,2,3,1,0,182,"For interface modelling, MD is particularly useful when studying thermally activated restructuring, interdiffusion, and local vibrational behaviour, especially under conditions such as annealing or irradiation.",2.2.3.1.0.182,,,,,,,,,,,,,,,,,,,,,,,,,,,,,,,,,,,,,,,,,,,,,,,,,,,,,,,,,,,,,,,,,,,,,,,,,,,,,,,,,,,,,,,,,,,,,,,,,,,
2,2,3,1,0,183,"It also serves as a preliminary stage in workflows involving machine-learned potentials, providing dynamical data for training.",2.2.3.1.0.183,,,,,,,,,,,,,,,,,,,,,,,,,,,,,,,,,,,,,,,,,,,,,,,,,,,,,,,,,,,,,,,,,,,,,,,,,,,,,,,,,,,,,,,,,,,,,,,,,,,
2,2,3,2,0,184,"Kinetic Monte Carlo methods simulate the time evolution of materials by selecting thermally activated events (such as diffusion, adsorption, or defect migration) based on their rates, derived from either experimental data or calculated energy barriers.",2.2.3.2.0.184,,,,,,,,,,,,,,,,,,,,,,,,,,,,,,,,,,,,,,,,,,,,,,,,,,,,,,,,,,,,,,,,,,,,,,,,,,,,,,,,,,,,,,,,,,,,,,,,,,,
2,2,3,2,0,185,"Rather than resolving individual atomic vibrations, KMC focuses on probabilistic transitions between states, making it well-suited to model slow processes over long timescales, up to seconds or beyond.",2.2.3.2.0.185,,,,,,,,,,,,,,,,,,,,,,,,,,,,,,,,,,,,,,,,,,,,,,,,,,,,,,,,,,,,,,,,,,,,,,,,,,,,,,,,,,,,,,,,,,,,,,,,,,,
2,2,3,2,0,186,"KMC has found particular utility in modelling interface evolution under conditions of growth, ion exchange, oxidation, and defect diffusion.",2.2.3.2.0.186,,,,,,,,,,,,,,,,,,,,,,,,,,,,,,,,,,,,,,,,,,,,,,,,,,,,,,,,,,,,,,,,,,,,,,,,,,,,,,,,,,,,,,,,,,,,,,,,,,,
2,2,3,2,0,187,"In grain boundary studies, for example, KMC can capture the gradual restructuring of interfaces under chemical potential gradients or during irradiation recovery.",2.2.3.2.0.187,,,,,,,,,,,,,,,,,,,,,,,,,,,,,,,,,,,,,,,,,,,,,,,,,,,,,,,,,,,,,,,,,,,,,,,,,,,,,,,,,,,,,,,,,,,,,,,,,,,
2,2,3,2,0,188,Its main limitation is the requirement for a comprehensive event catalogue with well-characterised energy barriers and transition rates.,2.2.3.2.0.188,,,,,,,,,,,,,,,,,,,,,,,,,,,,,,,,,,,,,,,,,,,,,,,,,,,,,,,,,,,,,,,,,,,,,,,,,,,,,,,,,,,,,,,,,,,,,,,,,,,
2,2,3,2,0,189,"These are often obtained from DFT or empirical fitting, and inaccuracies in this input can compromise the reliability of the predictions.",2.2.3.2.0.189,,,,,,,,,,,,,,,,,,,,,,,,,,,,,,,,,,,,,,,,,,,,,,,,,,,,,,,,,,,,,,,,,,,,,,,,,,,,,,,,,,,,,,,,,,,,,,,,,,,
2,2,3,2,0,190,"Furthermore, KMC lacks atomic-resolution trajectories and cannot directly model phonon-mediated transport or structural vibrations.",2.2.3.2.0.190,,,,,,,,,,,,,,,,,,,,,,,,,,,,,,,,,,,,,,,,,,,,,,,,,,,,,,,,,,,,,,,,,,,,,,,,,,,,,,,,,,,,,,,,,,,,,,,,,,,
2,2,3,3,0,191,Both MD and KMC complement DFT in the modelling of interfaces.,2.2.3.3.0.191,,,,,,,,,,,,,,,,,,,,,,,,,,,,,,,,,,,,,,,,,,,,,,,,,,,,,,,,,,,,,,,,,,,,,,,,,,,,,,,,,,,,,,,,,,,,,,,,,,,
2,2,3,3,0,192,"While DFT offers high-fidelity energetics and electronic structure, MD enables atomistic dynamics over nanoseconds, and KMC extends the accessible timescale to macroscopic phenomena.",2.2.3.3.0.192,,,,,,,,,,,,,,,,,,,,,,,,,,,,,,,,,,,,,,,,,,,,,,,,,,,,,,,,,,,,,,,,,,,,,,,,,,,,,,,,,,,,,,,,,,,,,,,,,,,
2,2,3,3,0,193,"As such, hybrid approaches are increasingly common, with DFT used to parameterise MD or KMC models, or machine learning techniques introduced to accelerate sampling across scales.",2.2.3.3.0.193,,,,,,,,,,,,,,,,,,,,,,,,,,,,,,,,,,,,,,,,,,,,,,,,,,,,,,,,,,,,,,,,,,,,,,,,,,,,,,,,,,,,,,,,,,,,,,,,,,,
2,2,4,0,0,194,"Each computational method traditionally employed in the modelling of interfaces, Density Functional Theory (DFT), Molecular Dynamics (MD), and Kinetic Monte Carlo (KMC), offers a distinct balance between accuracy, computational efficiency, and physical scale.",2.2.4.0.0.194,,,,,,,,,,,,,,,,,,,,,,,,,,,,,,,,,,,,,,,,,,,,,,,,,,,,,,,,,,,,,,,,,,,,,,,,,,,,,,,,,,,,,,,,,,,,,,,,,,,
2,2,4,0,0,195,"While often applied in isolation, their complementary regimes suggest the need for hybrid or hierarchical approaches in the study of real interfaces.",2.2.4.0.0.195,,,,,,,,,,,,,,,,,,,,,,,,,,,,,,,,,,,,,,,,,,,,,,,,,,,,,,,,,,,,,,,,,,,,,,,,,,,,,,,,,,,,,,,,,,,,,,,,,,,
2,2,4,0,0,196,\textbf{Density Functional Theory (DFT)} is the most widely used \textit{ab initio} method for predicting atomic-scale properties at interfaces.,2.2.4.0.0.196,,,,,,,,,,,,,,,,,,,,,,,,,,,,,,,,,,,,,,,,,,,,,,,,,,,,,,,,,,,,,,,,,,,,,,,,,,,,,,,,,,,,,,,,,,,,,,,,,,,
2,2,4,0,0,197,"It provides access to ground-state energies, relaxed geometries, charge densities, and band alignments with a strong quantum mechanical foundation.",2.2.4.0.0.197,,,,,,,,,,,,,,,,,,,,,,,,,,,,,,,,,,,,,,,,,,,,,,,,,,,,,,,,,,,,,,,,,,,,,,,,,,,,,,,,,,,,,,,,,,,,,,,,,,,
2,2,4,0,0,198,"Crucially, DFT is capable of modelling materials across the periodic table and is the backbone of modern electronic structure prediction.",2.2.4.0.0.198,,,,,,,,,,,,,,,,,,,,,,,,,,,,,,,,,,,,,,,,,,,,,,,,,,,,,,,,,,,,,,,,,,,,,,,,,,,,,,,,,,,,,,,,,,,,,,,,,,,
2,2,4,0,0,199,"Its limitations, however, are twofold.",2.2.4.0.0.199,,,,,,,,,,,,,,,,,,,,,,,,,,,,,,,,,,,,,,,,,,,,,,,,,,,,,,,,,,,,,,,,,,,,,,,,,,,,,,,,,,,,,,,,,,,,,,,,,,,
2,2,4,0,0,200,"Firstly, the method scales poorly with system size, typically as $\mathcal{O}(N^3)$ with respect to the number of electrons or basis functions, making simulations involving more than a few hundred atoms prohibitively expensive.",2.2.4.0.0.200,,,,,,,,,,,,,,,,,,,,,,,,,,,,,,,,,,,,,,,,,,,,,,,,,,,,,,,,,,,,,,,,,,,,,,,,,,,,,,,,,,,,,,,,,,,,,,,,,,,
2,2,4,0,0,201,"Secondly, conventional exchange-correlation functionals (e.g. GGA) systematically underestimate band gaps and cannot capture excited-state dynamics without costly extensions such as GW or time-dependent DFT.",2.2.4.0.0.201,,,,,,,,,,,,,,,,,,,,,,,,,,,,,,,,,,,,,,,,,,,,,,,,,,,,,,,,,,,,,,,,,,,,,,,,,,,,,,,,,,,,,,,,,,,,,,,,,,,
2,2,4,0,0,202,\textbf{Molecular Dynamics (MD)} offers time-resolved access to thermally activated processes and interfacial dynamics.,2.2.4.0.0.202,,,,,,,,,,,,,,,,,,,,,,,,,,,,,,,,,,,,,,,,,,,,,,,,,,,,,,,,,,,,,,,,,,,,,,,,,,,,,,,,,,,,,,,,,,,,,,,,,,,
2,2,4,0,0,203,"Classical MD, using empirical or machine-learned interatomic potentials, enables simulation of thousands to millions of atoms over nanosecond to microsecond timescales.",2.2.4.0.0.203,,,,,,,,,,,,,,,,,,,,,,,,,,,,,,,,,,,,,,,,,,,,,,,,,,,,,,,,,,,,,,,,,,,,,,,,,,,,,,,,,,,,,,,,,,,,,,,,,,,
2,2,4,0,0,204,"It is well-suited to studying lattice relaxation, phonon scattering, or diffusion across interfaces.",2.2.4.0.0.204,,,,,,,,,,,,,,,,,,,,,,,,,,,,,,,,,,,,,,,,,,,,,,,,,,,,,,,,,,,,,,,,,,,,,,,,,,,,,,,,,,,,,,,,,,,,,,,,,,,
2,2,4,0,0,205,"However, MD inherits limitations from its force field or potential model: empirical potentials may not transfer well across bonding environments, while high-fidelity machine-learned potentials require extensive and chemically diverse training data.",2.2.4.0.0.205,,,,,,,,,,,,,,,,,,,,,,,,,,,,,,,,,,,,,,,,,,,,,,,,,,,,,,,,,,,,,,,,,,,,,,,,,,,,,,,,,,,,,,,,,,,,,,,,,,,
2,2,4,0,0,206,"Furthermore, standard MD remains constrained to accessible timescales, making it ill-suited for capturing rare events such as defect migration, reconstruction, or long-term phase evolution.",2.2.4.0.0.206,,,,,,,,,,,,,,,,,,,,,,,,,,,,,,,,,,,,,,,,,,,,,,,,,,,,,,,,,,,,,,,,,,,,,,,,,,,,,,,,,,,,,,,,,,,,,,,,,,,
2,2,4,0,0,207,\textbf{Kinetic Monte Carlo (KMC)} bridges the gap between atomistic fidelity and long-timescale evolution by explicitly simulating stochastic processes with predefined transition rates.,2.2.4.0.0.207,,,,,,,,,,,,,,,,,,,,,,,,,,,,,,,,,,,,,,,,,,,,,,,,,,,,,,,,,,,,,,,,,,,,,,,,,,,,,,,,,,,,,,,,,,,,,,,,,,,
2,2,4,0,0,208,"It is particularly useful for modelling diffusion, growth, or reaction networks at interfaces.",2.2.4.0.0.208,,,,,,,,,,,,,,,,,,,,,,,,,,,,,,,,,,,,,,,,,,,,,,,,,,,,,,,,,,,,,,,,,,,,,,,,,,,,,,,,,,,,,,,,,,,,,,,,,,,
2,2,4,0,0,209,"The method can span experimental timescales (seconds to hours), offering a unique perspective on kinetic stability and metastability.",2.2.4.0.0.209,,,,,,,,,,,,,,,,,,,,,,,,,,,,,,,,,,,,,,,,,,,,,,,,,,,,,,,,,,,,,,,,,,,,,,,,,,,,,,,,,,,,,,,,,,,,,,,,,,,
2,2,4,0,0,210,The key limitation lies in its dependency on an accurate catalogue of possible events and associated rates.,2.2.4.0.0.210,,,,,,,,,,,,,,,,,,,,,,,,,,,,,,,,,,,,,,,,,,,,,,,,,,,,,,,,,,,,,,,,,,,,,,,,,,,,,,,,,,,,,,,,,,,,,,,,,,,
2,2,4,0,0,211,"These must be either calculated from first principles or parametrised experimentally, introducing significant uncertainty and limiting transferability to novel systems.",2.2.4.0.0.211,,,,,,,,,,,,,,,,,,,,,,,,,,,,,,,,,,,,,,,,,,,,,,,,,,,,,,,,,,,,,,,,,,,,,,,,,,,,,,,,,,,,,,,,,,,,,,,,,,,
2,2,5,0,0,212,"The accurate prediction of interfacial properties, such as adhesion energy and electron transport, is central to understanding and designing functional materials.",2.2.5.0.0.212,,,,,,,,,,,,,,,,,,,,,,,,,,,,,,,,,,,,,,,,,,,,,,,,,,,,,,,,,,,,,,,,,,,,,,,,,,,,,,,,,,,,,,,,,,,,,,,,,,,
2,2,5,0,0,213,"These properties emerge from complex interplays of bonding, charge distribution, and band alignment at the interface, and are typically predicted through first-principles simulations based on density functional theory (DFT).",2.2.5.0.0.213,,,,,,,,,,,,,,,,,,,,,,,,,,,,,,,,,,,,,,,,,,,,,,,,,,,,,,,,,,,,,,,,,,,,,,,,,,,,,,,,,,,,,,,,,,,,,,,,,,,
2,2,5,0,0,214,"Increasingly, these predictions are augmented or accelerated using machine-learned interatomic potentials (MLPs).",2.2.5.0.0.214,,,,,,,,,,,,,,,,,,,,,,,,,,,,,,,,,,,,,,,,,,,,,,,,,,,,,,,,,,,,,,,,,,,,,,,,,,,,,,,,,,,,,,,,,,,,,,,,,,,
2,2,5,0,0,215,\textbf{Adhesion energy} is a thermodynamic quantity describing the work required to separate two materials at their interface.,2.2.5.0.0.215,,,,,,,,,,,,,,,,,,,,,,,,,,,,,,,,,,,,,,,,,,,,,,,,,,,,,,,,,,,,,,,,,,,,,,,,,,,,,,,,,,,,,,,,,,,,,,,,,,,
2,2,5,0,0,216,It is commonly computed from the total energies of the isolated constituents and the relaxed interface configuration.,2.2.5.0.0.216,,,,,,,,,,,,,,,,,,,,,,,,,,,,,,,,,,,,,,,,,,,,,,,,,,,,,,,,,,,,,,,,,,,,,,,,,,,,,,,,,,,,,,,,,,,,,,,,,,,
2,2,5,0,0,217,"Within DFT, the adhesion energy $E_\mathrm{adh}$ is given by: \[ E_\mathrm{adh} = \frac{1}{A} \left( E_\mathrm{slab1} + E_\mathrm{slab2} - E_\mathrm{interface} \right), \] where $A$ is the interface area, and the energies refer to fully relaxed geometries of the individual slabs and the interface supercell.",2.2.5.0.0.217,,,,,,,,,,,,,,,,,,,,,,,,,,,,,,,,,,,,,,,,,,,,,,,,,,,,,,,,,,,,,,,,,,,,,,,,,,,,,,,,,,,,,,,,,,,,,,,,,,,
2,2,5,0,0,218,"For 2D|2D lateral heterostructures, where the interface is line-like rather than planar, a line energy formulation in eV/\AA is typically used to account for the dimensionality of bonding.",2.2.5.0.0.218,,,,,,,,,,,,,,,,,,,,,,,,,,,,,,,,,,,,,,,,,,,,,,,,,,,,,,,,,,,,,,,,,,,,,,,,,,,,,,,,,,,,,,,,,,,,,,,,,,,
2,2,5,0,0,219,\textbf{Electron transport} across interfaces is more nuanced and often requires evaluation of both band alignment and carrier mobility.,2.2.5.0.0.219,,,,,,,,,,,,,,,,,,,,,,,,,,,,,,,,,,,,,,,,,,,,,,,,,,,,,,,,,,,,,,,,,,,,,,,,,,,,,,,,,,,,,,,,,,,,,,,,,,,
2,2,5,0,0,220,Band alignment can be predicted via several approaches.,2.2.5.0.0.220,,,,,,,,,,,,,,,,,,,,,,,,,,,,,,,,,,,,,,,,,,,,,,,,,,,,,,,,,,,,,,,,,,,,,,,,,,,,,,,,,,,,,,,,,,,,,,,,,,,
2,2,5,0,0,221,"The simplest, Anderson\rqss rule, aligns vacuum levels to estimate offsets from electron affinities or ionisation potentials.",2.2.5.0.0.221,,,,,,,,,,,,,,,,,,,,,,,,,,,,,,,,,,,,,,,,,,,,,,,,,,,,,,,,,,,,,,,,,,,,,,,,,,,,,,,,,,,,,,,,,,,,,,,,,,,
2,2,5,0,0,222,"However, this often fails to capture interface-specific effects such as charge transfer, built-in fields, or hybridisation.",2.2.5.0.0.222,,,,,,,,,,,,,,,,,,,,,,,,,,,,,,,,,,,,,,,,,,,,,,,,,,,,,,,,,,,,,,,,,,,,,,,,,,,,,,,,,,,,,,,,,,,,,,,,,,,
2,2,5,0,0,223,More accurate predictions therefore rely on self-consistent DFT calculations that extract the local electrostatic potential across the heterostructure to determine band offsets directly.,2.2.5.0.0.223,,,,,,,,,,,,,,,,,,,,,,,,,,,,,,,,,,,,,,,,,,,,,,,,,,,,,,,,,,,,,,,,,,,,,,,,,,,,,,,,,,,,,,,,,,,,,,,,,,,
2,2,5,0,0,224,"For example, the offset between conduction or valence band edges across an interface can be obtained by aligning the macroscopic average electrostatic potentials of the constituent slabs with that of the full interface.",2.2.5.0.0.224,,,,,,,,,,,,,,,,,,,,,,,,,,,,,,,,,,,,,,,,,,,,,,,,,,,,,,,,,,,,,,,,,,,,,,,,,,,,,,,,,,,,,,,,,,,,,,,,,,,
2,2,5,0,0,225,"This method accounts for relaxation, dipole formation, and interfacial reconstruction.",2.2.5.0.0.225,,,,,,,,,,,,,,,,,,,,,,,,,,,,,,,,,,,,,,,,,,,,,,,,,,,,,,,,,,,,,,,,,,,,,,,,,,,,,,,,,,,,,,,,,,,,,,,,,,,
2,2,5,0,0,226,"In cases where electronic coupling is strong, or the valence states are spatially delocalised across layers (as in type-II or type-III band alignment), transport characteristics such as charge separation, carrier confinement, or tunnelling probability can change significantly.",2.2.5.0.0.226,,,,,,,,,,,,,,,,,,,,,,,,,,,,,,,,,,,,,,,,,,,,,,,,,,,,,,,,,,,,,,,,,,,,,,,,,,,,,,,,,,,,,,,,,,,,,,,,,,,
2,2,5,0,0,227,"Additionally, charge transport properties such as electrical conductivity, Seebeck coefficient, or mobility may be approximated from the band dispersion near the Fermi level using Boltzmann transport theory, or more rigorously via non-equilibrium Green\rqss function (NEGF) methods, especially for low-dimensional or nanoscale interfaces.",2.2.5.0.0.227,,,,,,,,,,,,,,,,,,,,,,,,,,,,,,,,,,,,,,,,,,,,,,,,,,,,,,,,,,,,,,,,,,,,,,,,,,,,,,,,,,,,,,,,,,,,,,,,,,,
2,2,5,0,0,228,"Overall, both adhesion and electronic transport predictions depend on the level of theory and the nature of the interface.",2.2.5.0.0.228,,,,,,,,,,,,,,,,,,,,,,,,,,,,,,,,,,,,,,,,,,,,,,,,,,,,,,,,,,,,,,,,,,,,,,,,,,,,,,,,,,,,,,,,,,,,,,,,,,,
2,2,5,0,0,229,"While DFT remains the most widely used method for accuracy, its computational cost limits system size.",2.2.5.0.0.229,,,,,,,,,,,,,,,,,,,,,,,,,,,,,,,,,,,,,,,,,,,,,,,,,,,,,,,,,,,,,,,,,,,,,,,,,,,,,,,,,,,,,,,,,,,,,,,,,,,
2,2,5,0,0,230,"For larger systems or rapid screening, surrogate models such as machine-learned potentials or analytical approximations may be employed, with the understanding that they must be carefully validated against reference calculations.",2.2.5.0.0.230,,,,,,,,,,,,,,,,,,,,,,,,,,,,,,,,,,,,,,,,,,,,,,,,,,,,,,,,,,,,,,,,,,,,,,,,,,,,,,,,,,,,,,,,,,,,,,,,,,,
2,3,0,0,0,231,"Over the past decade, machine learning (ML) has emerged as a transformative tool in materials modelling, offering a route to accelerate predictions and expand accessible system sizes beyond those tractable by first-principles methods.",2.3.0.0.0.231,,,,,,,,,,,,,,,,,,,,,,,,,,,,,,,,,,,,,,,,,,,,,,,,,,,,,,,,,,,,,,,,,,,,,,,,,,,,,,,,,,,,,,,,,,,,,,,,,,,
2,3,0,0,0,232,"Traditional computational techniques, such as Density Functional Theory (DFT), Molecular Dynamics (MD), and Kinetic Monte Carlo (KMC), have established themselves as accurate and rigorous, but they often scale poorly with system size or configurational complexity.",2.3.0.0.0.232,,,,,,,,,,,,,,,,,,,,,,,,,,,,,,,,,,,,,,,,,,,,,,,,,,,,,,,,,,,,,,,,,,,,,,,,,,,,,,,,,,,,,,,,,,,,,,,,,,,
2,3,0,0,0,233,"This limitation becomes particularly acute in the modelling of interfaces, where subtle geometric, chemical, and electronic variations can dramatically affect material behaviour.",2.3.0.0.0.233,,,,,,,,,,,,,,,,,,,,,,,,,,,,,,,,,,,,,,,,,,,,,,,,,,,,,,,,,,,,,,,,,,,,,,,,,,,,,,,,,,,,,,,,,,,,,,,,,,,
2,3,0,0,0,234,"ML offers a complementary paradigm, enabling the construction of surrogate models trained on high-fidelity data, which can interpolate or even extrapolate to predict key material properties across vast configuration spaces.",2.3.0.0.0.234,,,,,,,,,,,,,,,,,,,,,,,,,,,,,,,,,,,,,,,,,,,,,,,,,,,,,,,,,,,,,,,,,,,,,,,,,,,,,,,,,,,,,,,,,,,,,,,,,,,
2,3,0,0,0,235,"This section introduces the growing role of ML in materials prediction, highlighting its application in interface modelling and the broader landscape of data-driven approaches.",2.3.0.0.0.235,,,,,,,,,,,,,,,,,,,,,,,,,,,,,,,,,,,,,,,,,,,,,,,,,,,,,,,,,,,,,,,,,,,,,,,,,,,,,,,,,,,,,,,,,,,,,,,,,,,
2,3,0,0,0,236,"Subsequent subsections will examine the types of models in use, including classical regressors and deep neural architectures, alongside the nature of training data, typical input descriptors, and validation strategies.",2.3.0.0.0.236,,,,,,,,,,,,,,,,,,,,,,,,,,,,,,,,,,,,,,,,,,,,,,,,,,,,,,,,,,,,,,,,,,,,,,,,,,,,,,,,,,,,,,,,,,,,,,,,,,,
2,3,0,0,0,237,"Special attention will be given to machine-learned interatomic potentials (MLPs), particularly those with demonstrated success in interfacial contexts such as MACE and ChgNet.",2.3.0.0.0.237,,,,,,,,,,,,,,,,,,,,,,,,,,,,,,,,,,,,,,,,,,,,,,,,,,,,,,,,,,,,,,,,,,,,,,,,,,,,,,,,,,,,,,,,,,,,,,,,,,,
2,3,0,0,0,238,"Finally, we reflect on the benefits and ongoing limitations of ML methods in materials science, including issues of transferability, uncertainty quantification, and integration into automated modelling pipelines.",2.3.0.0.0.238,,,,,,,,,,,,,,,,,,,,,,,,,,,,,,,,,,,,,,,,,,,,,,,,,,,,,,,,,,,,,,,,,,,,,,,,,,,,,,,,,,,,,,,,,,,,,,,,,,,
2,3,1,0,0,239,"Machine learning (ML) has been introduced into materials prediction as a complementary tool to traditional first-principles methods, offering improved scalability, predictive flexibility, and the potential for workflow automation.",2.3.1.0.0.239,,,,,,,,,,,,,,,,,,,,,,,,,,,,,,,,,,,,,,,,,,,,,,,,,,,,,,,,,,,,,,,,,,,,,,,,,,,,,,,,,,,,,,,,,,,,,,,,,,,
2,3,1,0,0,240,"Its adoption has been driven by limitations in conventional approaches such as Density Functional Theory (DFT), particularly in capturing the structural and chemical complexity of real-world systems such as interfaces.",2.3.1.0.0.240,,,,,,,,,,,,,,,,,,,,,,,,,,,,,,,,,,,,,,,,,,,,,,,,,,,,,,,,,,,,,,,,,,,,,,,,,,,,,,,,,,,,,,,,,,,,,,,,,,,
2,3,1,1,0,241,"First-principles methods scale poorly with system size, typically as \( \mathcal{O}(N^3) \), where \( N \) is the number of electrons or basis functions.",2.3.1.1.0.241,,,,,,,,,,,,,,,,,,,,,,,,,,,,,,,,,,,,,,,,,,,,,,,,,,,,,,,,,,,,,,,,,,,,,,,,,,,,,,,,,,,,,,,,,,,,,,,,,,,
2,3,1,1,0,242,"This makes simulations of large or disordered systems, especially those involving interfaces with long-range strain relaxation, misfit dislocations, or extended defects, computationally prohibitive.",2.3.1.1.0.242,,,,,,,,,,,,,,,,,,,,,,,,,,,,,,,,,,,,,,,,,,,,,,,,,,,,,,,,,,,,,,,,,,,,,,,,,,,,,,,,,,,,,,,,,,,,,,,,,,,
2,3,1,1,0,243,"Machine-learned interatomic potentials (MLPs) such as MACE or ChgNet offer near-DFT accuracy at a fraction of the cost, enabling simulations with thousands of atoms.",2.3.1.1.0.243,,,,,,,,,,,,,,,,,,,,,,,,,,,,,,,,,,,,,,,,,,,,,,,,,,,,,,,,,,,,,,,,,,,,,,,,,,,,,,,,,,,,,,,,,,,,,,,,,,,
2,3,1,2,0,244,"ML enables efficient exploration of vast configurational landscapes, where brute-force DFT sampling would be infeasible.",2.3.1.2.0.244,,,,,,,,,,,,,,,,,,,,,,,,,,,,,,,,,,,,,,,,,,,,,,,,,,,,,,,,,,,,,,,,,,,,,,,,,,,,,,,,,,,,,,,,,,,,,,,,,,,
2,3,1,2,0,245,"This is particularly important in interface modelling, where multiple stacking orders, terminations, and slip configurations can exist.",2.3.1.2.0.245,,,,,,,,,,,,,,,,,,,,,,,,,,,,,,,,,,,,,,,,,,,,,,,,,,,,,,,,,,,,,,,,,,,,,,,,,,,,,,,,,,,,,,,,,,,,,,,,,,,
2,3,1,2,0,246,ML-driven screening allows researchers to rapidly identify promising candidates for further evaluation.,2.3.1.2.0.246,,,,,,,,,,,,,,,,,,,,,,,,,,,,,,,,,,,,,,,,,,,,,,,,,,,,,,,,,,,,,,,,,,,,,,,,,,,,,,,,,,,,,,,,,,,,,,,,,,,
2,3,1,3,0,247,"Early ML applications focused on surrogate models trained to replicate DFT-derived energies, forces, or properties.",2.3.1.3.0.247,,,,,,,,,,,,,,,,,,,,,,,,,,,,,,,,,,,,,,,,,,,,,,,,,,,,,,,,,,,,,,,,,,,,,,,,,,,,,,,,,,,,,,,,,,,,,,,,,,,
2,3,1,3,0,248,"Descriptor-based regression models, using quantities such as coordination numbers, Bader charges, or bond lengths, were employed to predict interfacial stability or band alignments.",2.3.1.3.0.248,,,,,,,,,,,,,,,,,,,,,,,,,,,,,,,,,,,,,,,,,,,,,,,,,,,,,,,,,,,,,,,,,,,,,,,,,,,,,,,,,,,,,,,,,,,,,,,,,,,
2,3,1,3,0,249,These approaches have evolved toward end-to-end learning frameworks using physically-informed descriptors or graph-based representations.,2.3.1.3.0.249,,,,,,,,,,,,,,,,,,,,,,,,,,,,,,,,,,,,,,,,,,,,,,,,,,,,,,,,,,,,,,,,,,,,,,,,,,,,,,,,,,,,,,,,,,,,,,,,,,,
2,3,1,4,0,250,ML is now embedded into iterative prediction--generation--evaluation cycles.,2.3.1.4.0.250,,,,,,,,,,,,,,,,,,,,,,,,,,,,,,,,,,,,,,,,,,,,,,,,,,,,,,,,,,,,,,,,,,,,,,,,,,,,,,,,,,,,,,,,,,,,,,,,,,,
2,3,1,4,0,251,"For example, predicted interface favourability informs structure generation (e.g. stacking vectors or surface terminations), which are then evaluated by DFT or ML surrogates.",2.3.1.4.0.251,,,,,,,,,,,,,,,,,,,,,,,,,,,,,,,,,,,,,,,,,,,,,,,,,,,,,,,,,,,,,,,,,,,,,,,,,,,,,,,,,,,,,,,,,,,,,,,,,,,
2,3,1,4,0,252,"The results feed back into model training, supporting a self-refining loop.",2.3.1.4.0.252,,,,,,,,,,,,,,,,,,,,,,,,,,,,,,,,,,,,,,,,,,,,,,,,,,,,,,,,,,,,,,,,,,,,,,,,,,,,,,,,,,,,,,,,,,,,,,,,,,,
2,3,1,4,0,253,Tools such as ARTEMIS benefit from such integration.,2.3.1.4.0.253,,,,,,,,,,,,,,,,,,,,,,,,,,,,,,,,,,,,,,,,,,,,,,,,,,,,,,,,,,,,,,,,,,,,,,,,,,,,,,,,,,,,,,,,,,,,,,,,,,,
2,3,1,5,0,254,"More recent work employs graph neural networks (GNNs), such as MACE or NequIP, which are equivariant to Euclidean transformations and thus well-suited for atomistic systems.",2.3.1.5.0.254,,,,,,,,,,,,,,,,,,,,,,,,,,,,,,,,,,,,,,,,,,,,,,,,,,,,,,,,,,,,,,,,,,,,,,,,,,,,,,,,,,,,,,,,,,,,,,,,,,,
2,3,1,5,0,255,"These models learn directly from atomic positions and species, avoiding the need for handcrafted features while preserving symmetry constraints essential for interface modelling.",2.3.1.5.0.255,,,,,,,,,,,,,,,,,,,,,,,,,,,,,,,,,,,,,,,,,,,,,,,,,,,,,,,,,,,,,,,,,,,,,,,,,,,,,,,,,,,,,,,,,,,,,,,,,,,
2,3,1,6,0,256,"Ultimately, ML enables a shift from static modelling pipelines to more autonomous workflows.",2.3.1.6.0.256,,,,,,,,,,,,,,,,,,,,,,,,,,,,,,,,,,,,,,,,,,,,,,,,,,,,,,,,,,,,,,,,,,,,,,,,,,,,,,,,,,,,,,,,,,,,,,,,,,,
2,3,1,6,0,257,"When coupled with structure-generation protocols and physical constraints, ML can be used not only to accelerate predictions but to guide the discovery of novel interfacial phenomena in mixed-dimensional and disordered materials.",2.3.1.6.0.257,,,,,,,,,,,,,,,,,,,,,,,,,,,,,,,,,,,,,,,,,,,,,,,,,,,,,,,,,,,,,,,,,,,,,,,,,,,,,,,,,,,,,,,,,,,,,,,,,,,
2,3,2,0,0,258,"Recent advances in machine learning (ML) have introduced a diverse range of models for predicting materials properties, including those relevant to interface stability, energy and structure.",2.3.2.0.0.258,,,,,,,,,,,,,,,,,,,,,,,,,,,,,,,,,,,,,,,,,,,,,,,,,,,,,,,,,,,,,,,,,,,,,,,,,,,,,,,,,,,,,,,,,,,,,,,,,,,
2,3,2,0,0,259,These models can be broadly categorised into classical learning algorithms and deep learning approaches.,2.3.2.0.0.259,,,,,,,,,,,,,,,,,,,,,,,,,,,,,,,,,,,,,,,,,,,,,,,,,,,,,,,,,,,,,,,,,,,,,,,,,,,,,,,,,,,,,,,,,,,,,,,,,,,
2,3,2,0,0,260,"Classical methods include random forests, gradient boosting, support vector machines (SVMs), and Gaussian process regression (GPR), the latter being particularly valuable for small datasets due to its uncertainty estimation capability.",2.3.2.0.0.260,,,,,,,,,,,,,,,,,,,,,,,,,,,,,,,,,,,,,,,,,,,,,,,,,,,,,,,,,,,,,,,,,,,,,,,,,,,,,,,,,,,,,,,,,,,,,,,,,,,
2,3,2,0,0,261,"Deep learning architectures include feedforward neural networks and, more notably, graph neural networks (GNNs), which are well-suited for materials modelling due to their ability to represent variable-sized atomic graphs with complex bonding topologies.",2.3.2.0.0.261,,,,,,,,,,,,,,,,,,,,,,,,,,,,,,,,,,,,,,,,,,,,,,,,,,,,,,,,,,,,,,,,,,,,,,,,,,,,,,,,,,,,,,,,,,,,,,,,,,,
2,3,2,0,0,262,The input to these models typically consists of numerical representations of atomic configurations known as descriptors.,2.3.2.0.0.262,,,,,,,,,,,,,,,,,,,,,,,,,,,,,,,,,,,,,,,,,,,,,,,,,,,,,,,,,,,,,,,,,,,,,,,,,,,,,,,,,,,,,,,,,,,,,,,,,,,
2,3,2,0,0,263,"Geometric descriptors include bond lengths, coordination numbers, angular distributions, $n$-body distribution functions, and radial symmetry functions; many of which feature prominently in Behler-Parrinello-type neural networks.",2.3.2.0.0.263,,,,,,,,,,,,,,,,,,,,,,,,,,,,,,,,,,,,,,,,,,,,,,,,,,,,,,,,,,,,,,,,,,,,,,,,,,,,,,,,,,,,,,,,,,,,,,,,,,,
2,3,2,0,0,264,Chemical descriptors such as electronegativity differences and Bader charges capture bonding character and charge transfer.,2.3.2.0.0.264,,,,,,,,,,,,,,,,,,,,,,,,,,,,,,,,,,,,,,,,,,,,,,,,,,,,,,,,,,,,,,,,,,,,,,,,,,,,,,,,,,,,,,,,,,,,,,,,,,,
2,3,2,0,0,265,Electronic descriptors like partial density of states (PDOS) and local work functions are relevant for predicting band alignment and interfacial transport properties.,2.3.2.0.0.265,,,,,,,,,,,,,,,,,,,,,,,,,,,,,,,,,,,,,,,,,,,,,,,,,,,,,,,,,,,,,,,,,,,,,,,,,,,,,,,,,,,,,,,,,,,,,,,,,,,
2,3,2,0,0,266,"Interface-specific features, such as interfacial roughness or vacuum level offsets, are particularly crucial in 2D|3D and mixed-dimensional heterostructures.",2.3.2.0.0.266,,,,,,,,,,,,,,,,,,,,,,,,,,,,,,,,,,,,,,,,,,,,,,,,,,,,,,,,,,,,,,,,,,,,,,,,,,,,,,,,,,,,,,,,,,,,,,,,,,,
2,3,2,0,0,267,"To support learning across such heterogeneous and high-dimensional features, symmetry-invariant and scale-independent representations have become increasingly important.",2.3.2.0.0.267,,,,,,,,,,,,,,,,,,,,,,,,,,,,,,,,,,,,,,,,,,,,,,,,,,,,,,,,,,,,,,,,,,,,,,,,,,,,,,,,,,,,,,,,,,,,,,,,,,,
2,3,2,0,0,268,These ensure that models generalise across materials with different atom counts or lattice sizes.,2.3.2.0.0.268,,,,,,,,,,,,,,,,,,,,,,,,,,,,,,,,,,,,,,,,,,,,,,,,,,,,,,,,,,,,,,,,,,,,,,,,,,,,,,,,,,,,,,,,,,,,,,,,,,,
2,3,2,0,0,269,Dimensionality reduction methods and learned embeddings (e.g. via autoencoders or message passing) are frequently used to compress structural information into a lower-dimensional latent space optimised for prediction.,2.3.2.0.0.269,,,,,,,,,,,,,,,,,,,,,,,,,,,,,,,,,,,,,,,,,,,,,,,,,,,,,,,,,,,,,,,,,,,,,,,,,,,,,,,,,,,,,,,,,,,,,,,,,,,
2,3,2,0,0,270,The datasets used to train such models vary in size and fidelity.,2.3.2.0.0.270,,,,,,,,,,,,,,,,,,,,,,,,,,,,,,,,,,,,,,,,,,,,,,,,,,,,,,,,,,,,,,,,,,,,,,,,,,,,,,,,,,,,,,,,,,,,,,,,,,,
2,3,2,0,0,271,They often derive from high-throughput DFT calculations available in public repositories such as the Materials Project or AFLOW.,2.3.2.0.0.271,,,,,,,,,,,,,,,,,,,,,,,,,,,,,,,,,,,,,,,,,,,,,,,,,,,,,,,,,,,,,,,,,,,,,,,,,,,,,,,,,,,,,,,,,,,,,,,,,,,
2,3,2,0,0,272,"In cases targeting interfaces, the training data may originate from internal simulations using structure generation pipelines like ARTEMIS or RAFFLE, where candidate structures are pre-screened by DFT or empirical methods for energetic viability.",2.3.2.0.0.272,,,,,,,,,,,,,,,,,,,,,,,,,,,,,,,,,,,,,,,,,,,,,,,,,,,,,,,,,,,,,,,,,,,,,,,,,,,,,,,,,,,,,,,,,,,,,,,,,,,
2,3,2,0,0,273,"The combination of curated descriptors, structured data from known interfaces, and model architectures sensitive to local and long-range atomic interactions underpins the growing success of ML in materials interface prediction.",2.3.2.0.0.273,,,,,,,,,,,,,,,,,,,,,,,,,,,,,,,,,,,,,,,,,,,,,,,,,,,,,,,,,,,,,,,,,,,,,,,,,,,,,,,,,,,,,,,,,,,,,,,,,,,
2,3,3,0,0,274,"Machine learning (ML) has emerged as a promising strategy for accelerating materials modelling, particularly in the context of complex interfacial systems.",2.3.3.0.0.274,,,,,,,,,,,,,,,,,,,,,,,,,,,,,,,,,,,,,,,,,,,,,,,,,,,,,,,,,,,,,,,,,,,,,,,,,,,,,,,,,,,,,,,,,,,,,,,,,,,
2,3,3,0,0,275,"Its strengths lie chiefly in efficiency, scalability, and adaptability.",2.3.3.0.0.275,,,,,,,,,,,,,,,,,,,,,,,,,,,,,,,,,,,,,,,,,,,,,,,,,,,,,,,,,,,,,,,,,,,,,,,,,,,,,,,,,,,,,,,,,,,,,,,,,,,
2,3,3,0,0,276,"ML models, once trained, can rapidly approximate formation energies, surface reactivities, and stability metrics for thousands of configurations, many of which would be prohibitively expensive to assess using first-principles methods alone.",2.3.3.0.0.276,,,,,,,,,,,,,,,,,,,,,,,,,,,,,,,,,,,,,,,,,,,,,,,,,,,,,,,,,,,,,,,,,,,,,,,,,,,,,,,,,,,,,,,,,,,,,,,,,,,
2,3,3,0,0,277,"This computational efficiency enables exploration of broader configurational and chemical spaces, including systems with disorder, stacking faults, or metastable structures that pose challenges for traditional simulations.",2.3.3.0.0.277,,,,,,,,,,,,,,,,,,,,,,,,,,,,,,,,,,,,,,,,,,,,,,,,,,,,,,,,,,,,,,,,,,,,,,,,,,,,,,,,,,,,,,,,,,,,,,,,,,,
2,3,3,0,0,278,"Another key advantage is the capacity of ML to capture subtle, non-linear correlations in high-dimensional datasets.",2.3.3.0.0.278,,,,,,,,,,,,,,,,,,,,,,,,,,,,,,,,,,,,,,,,,,,,,,,,,,,,,,,,,,,,,,,,,,,,,,,,,,,,,,,,,,,,,,,,,,,,,,,,,,,
2,3,3,0,0,279,"When used in conjunction with tools such as ARTEMIS or RAFFLE, ML can assist not only in predicting energetics, but also in prioritising candidate geometries during structure generation.",2.3.3.0.0.279,,,,,,,,,,,,,,,,,,,,,,,,,,,,,,,,,,,,,,,,,,,,,,,,,,,,,,,,,,,,,,,,,,,,,,,,,,,,,,,,,,,,,,,,,,,,,,,,,,,
2,3,3,0,0,280,"Moreover, deep learning approaches such as graph neural networks (GNNs) and equivariant message-passing architectures have demonstrated good performance on systems with varied local coordination environments, as frequently found at 2D|3D or lateral heterointerfaces.",2.3.3.0.0.280,,,,,,,,,,,,,,,,,,,,,,,,,,,,,,,,,,,,,,,,,,,,,,,,,,,,,,,,,,,,,,,,,,,,,,,,,,,,,,,,,,,,,,,,,,,,,,,,,,,
2,3,3,0,0,281,"However, ML approaches also exhibit critical limitations.",2.3.3.0.0.281,,,,,,,,,,,,,,,,,,,,,,,,,,,,,,,,,,,,,,,,,,,,,,,,,,,,,,,,,,,,,,,,,,,,,,,,,,,,,,,,,,,,,,,,,,,,,,,,,,,
2,3,3,0,0,282,A foremost concern is their dependence on the training dataset: models typically interpolate well within the domain of known examples but generalise poorly to unseen chemistries or extreme geometries.,2.3.3.0.0.282,,,,,,,,,,,,,,,,,,,,,,,,,,,,,,,,,,,,,,,,,,,,,,,,,,,,,,,,,,,,,,,,,,,,,,,,,,,,,,,,,,,,,,,,,,,,,,,,,,,
2,3,3,0,0,283,"This limits their reliability when extrapolating to novel material classes or interface types, unless training sets are curated with care to ensure coverage of relevant chemical and structural motifs.",2.3.3.0.0.283,,,,,,,,,,,,,,,,,,,,,,,,,,,,,,,,,,,,,,,,,,,,,,,,,,,,,,,,,,,,,,,,,,,,,,,,,,,,,,,,,,,,,,,,,,,,,,,,,,,
2,3,3,0,0,284,Another limitation is interpretability.,2.3.3.0.0.284,,,,,,,,,,,,,,,,,,,,,,,,,,,,,,,,,,,,,,,,,,,,,,,,,,,,,,,,,,,,,,,,,,,,,,,,,,,,,,,,,,,,,,,,,,,,,,,,,,,
2,3,3,0,0,285,"While classical models (e.g. those based on density functional theory) yield physically grounded outputs, such as charge densities or band structures, many ML models operate as statistical black boxes.",2.3.3.0.0.285,,,,,,,,,,,,,,,,,,,,,,,,,,,,,,,,,,,,,,,,,,,,,,,,,,,,,,,,,,,,,,,,,,,,,,,,,,,,,,,,,,,,,,,,,,,,,,,,,,,
2,3,3,0,0,286,"Though efforts are underway to integrate physically meaningful descriptors (e.g. n-body distribution functions, local work function, or Bader charges), ensuring transparency and robustness remains a work in progress.",2.3.3.0.0.286,,,,,,,,,,,,,,,,,,,,,,,,,,,,,,,,,,,,,,,,,,,,,,,,,,,,,,,,,,,,,,,,,,,,,,,,,,,,,,,,,,,,,,,,,,,,,,,,,,,
2,3,3,0,0,287,"Finally, ML alone cannot fully replace physics-based methods.",2.3.3.0.0.287,,,,,,,,,,,,,,,,,,,,,,,,,,,,,,,,,,,,,,,,,,,,,,,,,,,,,,,,,,,,,,,,,,,,,,,,,,,,,,,,,,,,,,,,,,,,,,,,,,,
2,3,3,0,0,288,"For systems exhibiting emergent interfacial phases, electronic reconstructions, or coupled phonon-electron effects, high-fidelity methods like DFT or many-body perturbation theory remain necessary for validation and refinement.",2.3.3.0.0.288,,,,,,,,,,,,,,,,,,,,,,,,,,,,,,,,,,,,,,,,,,,,,,,,,,,,,,,,,,,,,,,,,,,,,,,,,,,,,,,,,,,,,,,,,,,,,,,,,,,
2,3,3,0,0,289,"As such, a hybrid strategy is often advocated; using ML to pre-screen candidate structures and flag configurations for further high-accuracy assessment.",2.3.3.0.0.289,,,,,,,,,,,,,,,,,,,,,,,,,,,,,,,,,,,,,,,,,,,,,,,,,,,,,,,,,,,,,,,,,,,,,,,,,,,,,,,,,,,,,,,,,,,,,,,,,,,
2,3,4,0,0,290,Machine-learned interatomic potentials (MLPs) have emerged as a powerful alternative to classical force fields and first-principles methods for atomistic simulations.,2.3.4.0.0.290,,,,,,,,,,,,,,,,,,,,,,,,,,,,,,,,,,,,,,,,,,,,,,,,,,,,,,,,,,,,,,,,,,,,,,,,,,,,,,,,,,,,,,,,,,,,,,,,,,,
2,3,4,0,0,291,"By learning from high-fidelity data, typically generated from Density Functional Theory (DFT), these models aim to reproduce the accuracy of ab initio methods while offering orders-of-magnitude reductions in computational cost.",2.3.4.0.0.291,,,,,,,,,,,,,,,,,,,,,,,,,,,,,,,,,,,,,,,,,,,,,,,,,,,,,,,,,,,,,,,,,,,,,,,,,,,,,,,,,,,,,,,,,,,,,,,,,,,
2,3,4,0,0,292,"This is particularly valuable for interface modelling, where large supercells and long-range relaxation effects often render direct DFT approaches intractable.",2.3.4.0.0.292,,,,,,,,,,,,,,,,,,,,,,,,,,,,,,,,,,,,,,,,,,,,,,,,,,,,,,,,,,,,,,,,,,,,,,,,,,,,,,,,,,,,,,,,,,,,,,,,,,,
2,3,4,1,0,293,"The MACE (Many-body Attention and Correlation Equivariant) model represents a recent advancement in equivariant message passing neural networks (MPNNs), tailored for high-accuracy and scalable force field construction.",2.3.4.1.0.293,,,,,,,,,,,,,,,,,,,,,,,,,,,,,,,,,,,,,,,,,,,,,,,,,,,,,,,,,,,,,,,,,,,,,,,,,,,,,,,,,,,,,,,,,,,,,,,,,,,
2,3,4,1,0,294,"Unlike earlier MPNNs which rely primarily on two-body invariant messages, MACE employs many-body interactions and equivariant tensor contractions to capture angular and chemical complexity with improved expressivity and data efficiency.",2.3.4.1.0.294,,,,,,,,,,,,,,,,,,,,,,,,,,,,,,,,,,,,,,,,,,,,,,,,,,,,,,,,,,,,,,,,,,,,,,,,,,,,,,,,,,,,,,,,,,,,,,,,,,,
2,3,4,1,0,295,"One notable strength of MACE is its capacity to reach state-of-the-art accuracy on diverse benchmarks, including rMD17, 3BPA, and AcAc, while requiring only two message passing iterations, due to its use of high-body-order messages.",2.3.4.1.0.295,,,,,,,,,,,,,,,,,,,,,,,,,,,,,,,,,,,,,,,,,,,,,,,,,,,,,,,,,,,,,,,,,,,,,,,,,,,,,,,,,,,,,,,,,,,,,,,,,,,
2,3,4,1,0,296,"For instance, in extrapolation tasks involving out-of-distribution molecular geometries or high-temperature trajectories, MACE (particularly with $L=2$) has demonstrated superior performance and robustness relative to competing models such as NequIP and BOTNet.",2.3.4.1.0.296,,,,,,,,,,,,,,,,,,,,,,,,,,,,,,,,,,,,,,,,,,,,,,,,,,,,,,,,,,,,,,,,,,,,,,,,,,,,,,,,,,,,,,,,,,,,,,,,,,,
2,3,4,1,0,297,"Critically for materials modelling, MACE supports parallel evaluation across many GPUs by limiting its receptive field through local message construction and efficient tensor operations.",2.3.4.1.0.297,,,,,,,,,,,,,,,,,,,,,,,,,,,,,,,,,,,,,,,,,,,,,,,,,,,,,,,,,,,,,,,,,,,,,,,,,,,,,,,,,,,,,,,,,,,,,,,,,,,
2,3,4,1,0,298,This makes it attractive for large-scale interface studies involving thousands of atoms; especially where relaxation and strain distribution across the interface play a pivotal role.,2.3.4.1.0.298,,,,,,,,,,,,,,,,,,,,,,,,,,,,,,,,,,,,,,,,,,,,,,,,,,,,,,,,,,,,,,,,,,,,,,,,,,,,,,,,,,,,,,,,,,,,,,,,,,,
2,3,4,2,0,299,"ChgNet is a neural network potential that incorporates both atomic positions and charge distributions into its prediction framework, thereby explicitly learning charge transfer phenomena.",2.3.4.2.0.299,,,,,,,,,,,,,,,,,,,,,,,,,,,,,,,,,,,,,,,,,,,,,,,,,,,,,,,,,,,,,,,,,,,,,,,,,,,,,,,,,,,,,,,,,,,,,,,,,,,
2,3,4,2,0,300,"This is particularly relevant for interfaces where electrostatics, dipole formation, and local charge accumulation significantly affect electronic properties such as band alignment.",2.3.4.2.0.300,,,,,,,,,,,,,,,,,,,,,,,,,,,,,,,,,,,,,,,,,,,,,,,,,,,,,,,,,,,,,,,,,,,,,,,,,,,,,,,,,,,,,,,,,,,,,,,,,,,
2,3,4,2,0,301,"While detailed benchmark results for ChgNet are less mature compared to MACE, its underlying design philosophy, embedding local charge environments directly into the model, offers a complementary advantage.",2.3.4.2.0.301,,,,,,,,,,,,,,,,,,,,,,,,,,,,,,,,,,,,,,,,,,,,,,,,,,,,,,,,,,,,,,,,,,,,,,,,,,,,,,,,,,,,,,,,,,,,,,,,,,,
2,3,4,2,0,302,"For instance, ChgNet could be better suited to capturing interface-induced dipoles, charge spillover, or mixed-valence behaviour, which are challenging to encode via purely structural descriptors.",2.3.4.2.0.302,,,,,,,,,,,,,,,,,,,,,,,,,,,,,,,,,,,,,,,,,,,,,,,,,,,,,,,,,,,,,,,,,,,,,,,,,,,,,,,,,,,,,,,,,,,,,,,,,,,
2,3,4,3,0,303,"In the context of this project, MLPs like MACE and ChgNet offer distinct but synergistic advantages.",2.3.4.3.0.303,,,,,,,,,,,,,,,,,,,,,,,,,,,,,,,,,,,,,,,,,,,,,,,,,,,,,,,,,,,,,,,,,,,,,,,,,,,,,,,,,,,,,,,,,,,,,,,,,,,
2,3,4,3,0,304,"MACE, with its speed, high accuracy, and symmetry-respecting architecture, is well-suited for structure relaxation and force prediction across multi-material junctions.",2.3.4.3.0.304,,,,,,,,,,,,,,,,,,,,,,,,,,,,,,,,,,,,,,,,,,,,,,,,,,,,,,,,,,,,,,,,,,,,,,,,,,,,,,,,,,,,,,,,,,,,,,,,,,,
2,3,4,3,0,305,"ChgNet, on the other hand, may provide more faithful predictions of electronic interface effects arising from local charge redistribution.",2.3.4.3.0.305,,,,,,,,,,,,,,,,,,,,,,,,,,,,,,,,,,,,,,,,,,,,,,,,,,,,,,,,,,,,,,,,,,,,,,,,,,,,,,,,,,,,,,,,,,,,,,,,,,,
2,3,4,3,0,306,"Nonetheless, these models are not without limitations.",2.3.4.3.0.306,,,,,,,,,,,,,,,,,,,,,,,,,,,,,,,,,,,,,,,,,,,,,,,,,,,,,,,,,,,,,,,,,,,,,,,,,,,,,,,,,,,,,,,,,,,,,,,,,,,
2,3,4,3,0,307,MLPs depend heavily on the representativeness of their training data and can struggle to generalise to unseen chemistries or dissimilar interface environments.,2.3.4.3.0.307,,,,,,,,,,,,,,,,,,,,,,,,,,,,,,,,,,,,,,,,,,,,,,,,,,,,,,,,,,,,,,,,,,,,,,,,,,,,,,,,,,,,,,,,,,,,,,,,,,,
2,3,4,3,0,308,"Therefore, hybrid workflows that use MLPs for broad structural exploration, followed by targeted DFT recalculations for ambiguous configurations, are increasingly being adopted.",2.3.4.3.0.308,,,,,,,,,,,,,,,,,,,,,,,,,,,,,,,,,,,,,,,,,,,,,,,,,,,,,,,,,,,,,,,,,,,,,,,,,,,,,,,,,,,,,,,,,,,,,,,,,,,
2,3,4,3,0,309,"The eventual goal is to integrate MLPs into an active learning pipeline alongside tools like RAFFLE or ARTEMIS, facilitating the generation, screening, and optimisation of candidate interface structures at scale.",2.3.4.3.0.309,,,,,,,,,,,,,,,,,,,,,,,,,,,,,,,,,,,,,,,,,,,,,,,,,,,,,,,,,,,,,,,,,,,,,,,,,,,,,,,,,,,,,,,,,,,,,,,,,,,
2,4,0,0,0,310,"Despite notable advances in both physics-based and machine learning (ML) approaches to materials modelling, several persistent limitations constrain the predictive fidelity, scalability, and generalisability of current methods; particularly when applied to realistic interface systems.",2.4.0.0.0.310,,,,,,,,,,,,,,,,,,,,,,,,,,,,,,,,,,,,,,,,,,,,,,,,,,,,,,,,,,,,,,,,,,,,,,,,,,,,,,,,,,,,,,,,,,,,,,,,,,,
2,4,0,0,0,311,"This section outlines three critical domains in which these limitations manifest, motivating the hybrid methodologies explored later in this report: \begin{itemize} \item \textbf{What are the current bottlenecks in interface prediction?}",2.4.0.0.0.311,,,,,,,,,,,,,,,,,,,,,,,,,,,,,,,,,,,,,,,,,,,,,,,,,,,,,,,,,,,,,,,,,,,,,,,,,,,,,,,,,,,,,,,,,,,,,,,,,,,
2,4,0,0,0,312,"Interface prediction remains an inherently multiscale problem, combining combinatorial complexity at the atomic level with long-range elastic and electrostatic effects.",2.4.0.0.0.312,,,,,,,,,,,,,,,,,,,,,,,,,,,,,,,,,,,,,,,,,,,,,,,,,,,,,,,,,,,,,,,,,,,,,,,,,,,,,,,,,,,,,,,,,,,,,,,,,,,
2,4,0,0,0,313,"First-principles approaches such as density functional theory (DFT) offer high accuracy but scale cubically with system size, making them infeasible for large or disordered systems typical of interfaces.",2.4.0.0.0.313,,,,,,,,,,,,,,,,,,,,,,,,,,,,,,,,,,,,,,,,,,,,,,,,,,,,,,,,,,,,,,,,,,,,,,,,,,,,,,,,,,,,,,,,,,,,,,,,,,,
2,4,0,0,0,314,"Even with machine-learned interatomic potentials (MLPs), exploring configurational space, e.g. over terminations, interlayer slips, and misfit reconstructions, requires extensive sampling and often yields flat energy landscapes with many metastable minima.",2.4.0.0.0.314,,,,,,,,,,,,,,,,,,,,,,,,,,,,,,,,,,,,,,,,,,,,,,,,,,,,,,,,,,,,,,,,,,,,,,,,,,,,,,,,,,,,,,,,,,,,,,,,,,,
2,4,0,0,0,315,\item \textbf{Where do both ML and physics-based methods fall short?},2.4.0.0.0.315,,,,,,,,,,,,,,,,,,,,,,,,,,,,,,,,,,,,,,,,,,,,,,,,,,,,,,,,,,,,,,,,,,,,,,,,,,,,,,,,,,,,,,,,,,,,,,,,,,,
2,4,0,0,0,316,"DFT underestimates band gaps and struggles to capture emergent interfacial phenomena such as dipole formation, phase reconstruction, or charge transfer without recourse to hybrid functionals or many-body perturbation theory.",2.4.0.0.0.316,,,,,,,,,,,,,,,,,,,,,,,,,,,,,,,,,,,,,,,,,,,,,,,,,,,,,,,,,,,,,,,,,,,,,,,,,,,,,,,,,,,,,,,,,,,,,,,,,,,
2,4,0,0,0,317,"Conversely, ML models, especially those trained on bulk or idealised configurations, exhibit limited transferability to chemically complex, strained, or disordered interfaces.",2.4.0.0.0.317,,,,,,,,,,,,,,,,,,,,,,,,,,,,,,,,,,,,,,,,,,,,,,,,,,,,,,,,,,,,,,,,,,,,,,,,,,,,,,,,,,,,,,,,,,,,,,,,,,,
2,4,0,0,0,318,"Without embedded physical constraints or domain-specific descriptors, ML models often fail to resolve interfacial states, misfit dislocations, or partial intermixing.",2.4.0.0.0.318,,,,,,,,,,,,,,,,,,,,,,,,,,,,,,,,,,,,,,,,,,,,,,,,,,,,,,,,,,,,,,,,,,,,,,,,,,,,,,,,,,,,,,,,,,,,,,,,,,,
2,4,0,0,0,319,\item \textbf{Are there data or generalisation issues?},2.4.0.0.0.319,,,,,,,,,,,,,,,,,,,,,,,,,,,,,,,,,,,,,,,,,,,,,,,,,,,,,,,,,,,,,,,,,,,,,,,,,,,,,,,,,,,,,,,,,,,,,,,,,,,
2,4,0,0,0,320,"Interface-specific datasets are significantly less developed than those for bulk crystals, due in part to the vast configurational diversity of junctions and the lack of standardised repositories.",2.4.0.0.0.320,,,,,,,,,,,,,,,,,,,,,,,,,,,,,,,,,,,,,,,,,,,,,,,,,,,,,,,,,,,,,,,,,,,,,,,,,,,,,,,,,,,,,,,,,,,,,,,,,,,
2,4,0,0,0,321,"This data sparsity hampers the ability of ML models to generalise across terminations, chemistries, or stacking motifs.",2.4.0.0.0.321,,,,,,,,,,,,,,,,,,,,,,,,,,,,,,,,,,,,,,,,,,,,,,,,,,,,,,,,,,,,,,,,,,,,,,,,,,,,,,,,,,,,,,,,,,,,,,,,,,,
2,4,0,0,0,322,"Additionally, many early ML workflows lack symmetry-invariant and scale-independent representations, increasing the risk of overfitting to specific atom counts or lattice types.",2.4.0.0.0.322,,,,,,,,,,,,,,,,,,,,,,,,,,,,,,,,,,,,,,,,,,,,,,,,,,,,,,,,,,,,,,,,,,,,,,,,,,,,,,,,,,,,,,,,,,,,,,,,,,,
2,4,0,0,0,323,"\end{itemize} These limitations underscore the need for hybrid workflows that integrate ML potentials (e.g. MACE, ChgNet) for large-scale screening, DFT for high-fidelity validation, and structure-generation tools such as ARTEMIS or RAFFLE for efficient sampling of the configurational landscape.",2.4.0.0.0.323,,,,,,,,,,,,,,,,,,,,,,,,,,,,,,,,,,,,,,,,,,,,,,,,,,,,,,,,,,,,,,,,,,,,,,,,,,,,,,,,,,,,,,,,,,,,,,,,,,,
2,4,0,0,0,324,"Such frameworks aim to balance accuracy, efficiency, and transferability in modelling the behaviour of realistic interfacial systems.",2.4.0.0.0.324,,,,,,,,,,,,,,,,,,,,,,,,,,,,,,,,,,,,,,,,,,,,,,,,,,,,,,,,,,,,,,,,,,,,,,,,,,,,,,,,,,,,,,,,,,,,,,,,,,,
2,4,1,0,0,325,"Despite considerable advances in computational materials science, reliable prediction of interface structures remains a fundamental bottleneck.",2.4.1.0.0.325,,,,,,,,,,,,,,,,,,,,,,,,,,,,,,,,,,,,,,,,,,,,,,,,,,,,,,,,,,,,,,,,,,,,,,,,,,,,,,,,,,,,,,,,,,,,,,,,,,,
2,4,1,0,0,326,"This difficulty stems from the intrinsic complexity of real interfaces, which are often chemically heterogeneous, strain-mediated, and structurally disordered.",2.4.1.0.0.326,,,,,,,,,,,,,,,,,,,,,,,,,,,,,,,,,,,,,,,,,,,,,,,,,,,,,,,,,,,,,,,,,,,,,,,,,,,,,,,,,,,,,,,,,,,,,,,,,,,
2,4,1,0,0,327,"The configurational degrees of freedom, ranging from slip vectors, surface terminations, and intermixing patterns to stacking sequences and misfit accommodation, create a vast structural landscape that resists exhaustive exploration via conventional methods.",2.4.1.0.0.327,,,,,,,,,,,,,,,,,,,,,,,,,,,,,,,,,,,,,,,,,,,,,,,,,,,,,,,,,,,,,,,,,,,,,,,,,,,,,,,,,,,,,,,,,,,,,,,,,,,
2,4,1,0,6,328,"Overcoming these bottlenecks likely requires hybrid workflows that combine MLP-based structural exploration with targeted DFT refinements, supported by uncertainty quantification and descriptor-led screening.",2.4.1.0.6.328,,,,,,,,,,,,,,,,,,,,,,,,,,,,,,,,,,,,,,,,,,,,,,,,,,,,,,,,,,,,,,,,,,,,,,,,,,,,,,,,,,,,,,,,,,,,,,,,,,,
2,4,1,0,6,329,"Such frameworks are increasingly positioned as a pathway to scalable, realistic, and physics-informed interface prediction.",2.4.1.0.6.329,,,,,,,,,,,,,,,,,,,,,,,,,,,,,,,,,,,,,,,,,,,,,,,,,,,,,,,,,,,,,,,,,,,,,,,,,,,,,,,,,,,,,,,,,,,,,,,,,,,
2,4,2,0,0,330,"Despite significant progress in both first-principles and machine learning (ML) approaches, key limitations persist in the predictive modelling of material interfaces.",2.4.2.0.0.330,,,,,,,,,,,,,,,,,,,,,,,,,,,,,,,,,,,,,,,,,,,,,,,,,,,,,,,,,,,,,,,,,,,,,,,,,,,,,,,,,,,,,,,,,,,,,,,,,,,
2,4,2,0,0,331,These limitations arise not only from computational constraints but also from intrinsic mismatches between real interfacial complexity and the assumptions underpinning current models.,2.4.2.0.0.331,,,,,,,,,,,,,,,,,,,,,,,,,,,,,,,,,,,,,,,,,,,,,,,,,,,,,,,,,,,,,,,,,,,,,,,,,,,,,,,,,,,,,,,,,,,,,,,,,,,
2,4,2,0,0,332,"Physics-based methods, most notably Density Functional Theory (DFT), provide high accuracy for local bonding environments and band structure prediction.",2.4.2.0.0.332,,,,,,,,,,,,,,,,,,,,,,,,,,,,,,,,,,,,,,,,,,,,,,,,,,,,,,,,,,,,,,,,,,,,,,,,,,,,,,,,,,,,,,,,,,,,,,,,,,,
2,4,2,0,0,333,"However, the computational scaling of standard Kohn-Sham DFT---typically $\mathcal{O}(N^3)$ with respect to system size---renders large or disordered interface simulations intractable without approximation.",2.4.2.0.0.333,,,,,,,,,,,,,,,,,,,,,,,,,,,,,,,,,,,,,,,,,,,,,,,,,,,,,,,,,,,,,,,,,,,,,,,,,,,,,,,,,,,,,,,,,,,,,,,,,,,
2,4,2,0,0,334,"Even when feasible, DFT struggles to capture extended features such as long-range strain relaxation, misfit dislocations, and spatially diffuse defect states that dominate realistic interface behaviour.",2.4.2.0.0.334,,,,,,,,,,,,,,,,,,,,,,,,,,,,,,,,,,,,,,,,,,,,,,,,,,,,,,,,,,,,,,,,,,,,,,,,,,,,,,,,,,,,,,,,,,,,,,,,,,,
2,4,2,0,0,335,"Machine learning potentials (MLPs), such as those based on graph neural networks or equivariant message passing architectures, have emerged as promising tools to extend predictive power to larger systems at near-DFT accuracy.",2.4.2.0.0.335,,,,,,,,,,,,,,,,,,,,,,,,,,,,,,,,,,,,,,,,,,,,,,,,,,,,,,,,,,,,,,,,,,,,,,,,,,,,,,,,,,,,,,,,,,,,,,,,,,,
2,4,2,0,0,336,"Nonetheless, they too face structural limitations.",2.4.2.0.0.336,,,,,,,,,,,,,,,,,,,,,,,,,,,,,,,,,,,,,,,,,,,,,,,,,,,,,,,,,,,,,,,,,,,,,,,,,,,,,,,,,,,,,,,,,,,,,,,,,,,
2,4,2,0,0,337,"MLPs require extensive, representative training datasets, typically derived from DFT calculations, and their performance deteriorates when applied to configurations involving unseen chemistries, surface reconstructions, or high strain regimes.",2.4.2.0.0.337,,,,,,,,,,,,,,,,,,,,,,,,,,,,,,,,,,,,,,,,,,,,,,,,,,,,,,,,,,,,,,,,,,,,,,,,,,,,,,,,,,,,,,,,,,,,,,,,,,,
2,4,2,0,0,338,"Furthermore, many ML models lack rigorous uncertainty quantification, making it difficult to detect failure modes in out-of-distribution predictions.",2.4.2.0.0.338,,,,,,,,,,,,,,,,,,,,,,,,,,,,,,,,,,,,,,,,,,,,,,,,,,,,,,,,,,,,,,,,,,,,,,,,,,,,,,,,,,,,,,,,,,,,,,,,,,,
2,4,2,0,0,339,"Both DFT and ML approaches also fall short in capturing emergent interfacial phenomena such as charge transfer, interface-induced dipoles, or the formation of new interfacial phases.",2.4.2.0.0.339,,,,,,,,,,,,,,,,,,,,,,,,,,,,,,,,,,,,,,,,,,,,,,,,,,,,,,,,,,,,,,,,,,,,,,,,,,,,,,,,,,,,,,,,,,,,,,,,,,,
2,4,2,0,0,340,"These effects are often strongly dependent on the local atomic registry and chemical heterogeneity, and cannot be inferred from the properties of the isolated constituents alone.",2.4.2.0.0.340,,,,,,,,,,,,,,,,,,,,,,,,,,,,,,,,,,,,,,,,,,,,,,,,,,,,,,,,,,,,,,,,,,,,,,,,,,,,,,,,,,,,,,,,,,,,,,,,,,,
2,4,2,0,0,341,"Notably, simple models like Anderson\rqss rule have been shown to systematically fail in 2D and 2D|3D heterostructures, necessitating corrections such as $\Delta E_\Gamma$ and $\Delta E_\mathrm{IF}$ that explicitly depend on the atomic-scale interface structure and electrostatics.",2.4.2.0.0.341,,,,,,,,,,,,,,,,,,,,,,,,,,,,,,,,,,,,,,,,,,,,,,,,,,,,,,,,,,,,,,,,,,,,,,,,,,,,,,,,,,,,,,,,,,,,,,,,,,,
2,4,3,0,0,342,"The predictive performance of machine learning (ML) models for interfacial systems is fundamentally constrained by data availability, quality, and representational fidelity.",2.4.3.0.0.342,,,,,,,,,,,,,,,,,,,,,,,,,,,,,,,,,,,,,,,,,,,,,,,,,,,,,,,,,,,,,,,,,,,,,,,,,,,,,,,,,,,,,,,,,,,,,,,,,,,
2,4,3,0,0,343,"While ML models have achieved notable success in bulk materials prediction, their application to interface science introduces distinct challenges; chief among them data scarcity, limited transferability, and inadequate descriptor design.",2.4.3.0.0.343,,,,,,,,,,,,,,,,,,,,,,,,,,,,,,,,,,,,,,,,,,,,,,,,,,,,,,,,,,,,,,,,,,,,,,,,,,,,,,,,,,,,,,,,,,,,,,,,,,,
2,4,3,1,0,344,"In contrast to bulk crystals, where structured repositories like the Materials Project or AFLOW provide extensive coverage, interface-specific datasets remain sparse.",2.4.3.1.0.344,,,,,,,,,,,,,,,,,,,,,,,,,,,,,,,,,,,,,,,,,,,,,,,,,,,,,,,,,,,,,,,,,,,,,,,,,,,,,,,,,,,,,,,,,,,,,,,,,,,
2,4,3,1,0,345,"This is due to the combinatorial explosion of viable terminations, slip vectors, and orientations across material pairs, especially in mixed-dimensional systems.",2.4.3.1.0.345,,,,,,,,,,,,,,,,,,,,,,,,,,,,,,,,,,,,,,,,,,,,,,,,,,,,,,,,,,,,,,,,,,,,,,,,,,,,,,,,,,,,,,,,,,,,,,,,,,,
2,4,3,1,0,346,"Existing databases tend to overrepresent a narrow set of lattice-matched, technologically prominent interfaces, introducing bias and hindering the model's capacity to generalise across broader chemical or structural classes.",2.4.3.1.0.346,,,,,,,,,,,,,,,,,,,,,,,,,,,,,,,,,,,,,,,,,,,,,,,,,,,,,,,,,,,,,,,,,,,,,,,,,,,,,,,,,,,,,,,,,,,,,,,,,,,
2,4,3,2,0,347,"Machine-learned potentials (MLPs) such as MACE and ChgNet often fail to extrapolate to configurations that deviate from the training distribution; particularly at strained, chemically heterogeneous, or electronically reconstructed interfaces.",2.4.3.2.0.347,,,,,,,,,,,,,,,,,,,,,,,,,,,,,,,,,,,,,,,,,,,,,,,,,,,,,,,,,,,,,,,,,,,,,,,,,,,,,,,,,,,,,,,,,,,,,,,,,,,
2,4,3,2,0,348,"The emergence of site-specific hybridisation, localised charge transfer, and dipole formation presents physics not typically encountered in bulk datasets.",2.4.3.2.0.348,,,,,,,,,,,,,,,,,,,,,,,,,,,,,,,,,,,,,,,,,,,,,,,,,,,,,,,,,,,,,,,,,,,,,,,,,,,,,,,,,,,,,,,,,,,,,,,,,,,
2,4,3,2,0,349,"Without explicit exposure to such environments during training, even state-of-the-art equivariant models exhibit elevated uncertainty and reduced fidelity in these regimes.",2.4.3.2.0.349,,,,,,,,,,,,,,,,,,,,,,,,,,,,,,,,,,,,,,,,,,,,,,,,,,,,,,,,,,,,,,,,,,,,,,,,,,,,,,,,,,,,,,,,,,,,,,,,,,,
2,4,3,3,0,350,Generalisation error is further amplified by suboptimal representation of interface-specific physics.,2.4.3.3.0.350,,,,,,,,,,,,,,,,,,,,,,,,,,,,,,,,,,,,,,,,,,,,,,,,,,,,,,,,,,,,,,,,,,,,,,,,,,,,,,,,,,,,,,,,,,,,,,,,,,,
2,4,3,3,0,351,"Many descriptor schemes, such as SOAP vectors or radial symmetry functions, are optimised for bulk periodicity and fail to capture interfacial asymmetry, vacuum discontinuities, or broken symmetry.",2.4.3.3.0.351,,,,,,,,,,,,,,,,,,,,,,,,,,,,,,,,,,,,,,,,,,,,,,,,,,,,,,,,,,,,,,,,,,,,,,,,,,,,,,,,,,,,,,,,,,,,,,,,,,,
2,4,3,3,0,352,Representations that do not enforce scale-invariance or rotational equivariance can also hinder model transferability to supercells or faceted configurations.,2.4.3.3.0.352,,,,,,,,,,,,,,,,,,,,,,,,,,,,,,,,,,,,,,,,,,,,,,,,,,,,,,,,,,,,,,,,,,,,,,,,,,,,,,,,,,,,,,,,,,,,,,,,,,,
2,4,3,3,0,353,"Physically meaningful descriptors, such as interfacial dipoles, local charge density, or cleavage ene.g.",2.4.3.3.0.353,,,,,,,,,,,,,,,,,,,,,,,,,,,,,,,,,,,,,,,,,,,,,,,,,,,,,,,,,,,,,,,,,,,,,,,,,,,,,,,,,,,,,,,,,,,,,,,,,,,
2,4,3,3,0,354,"remain underused, though they show promise for enhancing predictive robustness.",2.4.3.3.0.354,,,,,,,,,,,,,,,,,,,,,,,,,,,,,,,,,,,,,,,,,,,,,,,,,,,,,,,,,,,,,,,,,,,,,,,,,,,,,,,,,,,,,,,,,,,,,,,,,,,
2,4,3,4,0,355,"Finally, inconsistencies in training labels present an often-overlooked source of predictive error.",2.4.3.4.0.355,,,,,,,,,,,,,,,,,,,,,,,,,,,,,,,,,,,,,,,,,,,,,,,,,,,,,,,,,,,,,,,,,,,,,,,,,,,,,,,,,,,,,,,,,,,,,,,,,,,
2,4,3,4,0,356,"Energies obtained from high-throughput DFT pipelines can vary depending on pseudopotential choice, relaxation tolerances, or convergence thresholds.",2.4.3.4.0.356,,,,,,,,,,,,,,,,,,,,,,,,,,,,,,,,,,,,,,,,,,,,,,,,,,,,,,,,,,,,,,,,,,,,,,,,,,,,,,,,,,,,,,,,,,,,,,,,,,,
2,4,3,4,0,357,"In interfacial contexts, these uncertainties are magnified by metastability and complex relaxation pathways.",2.4.3.4.0.357,,,,,,,,,,,,,,,,,,,,,,,,,,,,,,,,,,,,,,,,,,,,,,,,,,,,,,,,,,,,,,,,,,,,,,,,,,,,,,,,,,,,,,,,,,,,,,,,,,,
2,4,3,4,0,358,"Some datasets rely on static, unrelaxed geometries or surrogate models, further undermining the reliability of ground truth energetics.",2.4.3.4.0.358,,,,,,,,,,,,,,,,,,,,,,,,,,,,,,,,,,,,,,,,,,,,,,,,,,,,,,,,,,,,,,,,,,,,,,,,,,,,,,,,,,,,,,,,,,,,,,,,,,,
2,5,0,0,0,359,"Recent years have seen rapid developments in the modelling of interface structures, driven both by methodological advances and by the growing technological importance of heterostructured materials.",2.5.0.0.0.359,,,,,,,,,,,,,,,,,,,,,,,,,,,,,,,,,,,,,,,,,,,,,,,,,,,,,,,,,,,,,,,,,,,,,,,,,,,,,,,,,,,,,,,,,,,,,,,,,,,
2,5,0,0,0,360,"Interface prediction now spans a range of computational approaches, from first-principles calculations and high-throughput screening to data-driven and machine learning (ML) methods.",2.5.0.0.0.360,,,,,,,,,,,,,,,,,,,,,,,,,,,,,,,,,,,,,,,,,,,,,,,,,,,,,,,,,,,,,,,,,,,,,,,,,,,,,,,,,,,,,,,,,,,,,,,,,,,
2,5,0,0,0,361,"This section provides an overview of the current state-of-the-art, establishing the context for the subsequent discussion of recent studies (Section 2.5.1), the positioning of this project\rqss methodology (Section 2.5.2), and anticipated emerging directions (Section 2.5.3).",2.5.0.0.0.361,,,,,,,,,,,,,,,,,,,,,,,,,,,,,,,,,,,,,,,,,,,,,,,,,,,,,,,,,,,,,,,,,,,,,,,,,,,,,,,,,,,,,,,,,,,,,,,,,,,
2,5,0,0,0,362,"A key enabler of recent progress has been the development of automated interface generation tools such as ARTEMIS and InterMatch, which systematically enumerate possible lattice matches, terminations, and stacking configurations between two crystal structures.",2.5.0.0.0.362,,,,,,,,,,,,,,,,,,,,,,,,,,,,,,,,,,,,,,,,,,,,,,,,,,,,,,,,,,,,,,,,,,,,,,,,,,,,,,,,,,,,,,,,,,,,,,,,,,,
2,5,0,0,0,363,"When integrated with rapid energy evaluation, either via density functional theory (DFT) or machine-learned potentials (MLPs), these tools allow the configurational space of interface structures to be sampled more broadly and with greater fidelity.",2.5.0.0.0.363,,,,,,,,,,,,,,,,,,,,,,,,,,,,,,,,,,,,,,,,,,,,,,,,,,,,,,,,,,,,,,,,,,,,,,,,,,,,,,,,,,,,,,,,,,,,,,,,,,,
2,5,0,0,0,364,"In parallel, studies have increasingly sought to move beyond idealised, coherent interfaces to include semi-coherent, faceted, and amorphous boundaries, reflecting the complexity of real materials under fabrication conditions.",2.5.0.0.0.364,,,,,,,,,,,,,,,,,,,,,,,,,,,,,,,,,,,,,,,,,,,,,,,,,,,,,,,,,,,,,,,,,,,,,,,,,,,,,,,,,,,,,,,,,,,,,,,,,,,
2,5,0,0,0,365,"Efforts have also been made to improve the prediction of interfacial electronic properties, such as band alignment.",2.5.0.0.0.365,,,,,,,,,,,,,,,,,,,,,,,,,,,,,,,,,,,,,,,,,,,,,,,,,,,,,,,,,,,,,,,,,,,,,,,,,,,,,,,,,,,,,,,,,,,,,,,,,,,
2,5,0,0,0,366,"Where traditional rules like Anderson\rqss rule fail, corrective models based on physically grounded terms, such as $\Delta E_{\Gamma}$ and $\Delta E_{\mathrm{IF}}$, have been proposed and validated across a range of 2D materials.",2.5.0.0.0.366,,,,,,,,,,,,,,,,,,,,,,,,,,,,,,,,,,,,,,,,,,,,,,,,,,,,,,,,,,,,,,,,,,,,,,,,,,,,,,,,,,,,,,,,,,,,,,,,,,,
2,5,0,0,0,367,"Such corrections are essential for capturing charge transfer and hybridisation effects at interfaces, and form an important bridge between local structure and electronic response.",2.5.0.0.0.367,,,,,,,,,,,,,,,,,,,,,,,,,,,,,,,,,,,,,,,,,,,,,,,,,,,,,,,,,,,,,,,,,,,,,,,,,,,,,,,,,,,,,,,,,,,,,,,,,,,
2,5,0,0,0,368,"This chapter aims to synthesise these various advances, situating the present work within an evolving landscape of interface modelling.",2.5.0.0.0.368,,,,,,,,,,,,,,,,,,,,,,,,,,,,,,,,,,,,,,,,,,,,,,,,,,,,,,,,,,,,,,,,,,,,,,,,,,,,,,,,,,,,,,,,,,,,,,,,,,,
2,5,0,0,0,369,"Particular attention will be given to scalable workflows that combine structural generation, energetic evaluation, and property prediction, setting the stage for a more autonomous and predictive framework for materials interface discovery.",2.5.0.0.0.369,,,,,,,,,,,,,,,,,,,,,,,,,,,,,,,,,,,,,,,,,,,,,,,,,,,,,,,,,,,,,,,,,,,,,,,,,,,,,,,,,,,,,,,,,,,,,,,,,,,
2,5,1,0,0,370,"Recent years have witnessed a pronounced expansion in methodologies for predicting interface structures, driven by the convergence of first-principles modelling, high-throughput screening, and data-driven inference.",2.5.1.0.0.370,,,,,,,,,,,,,,,,,,,,,,,,,,,,,,,,,,,,,,,,,,,,,,,,,,,,,,,,,,,,,,,,,,,,,,,,,,,,,,,,,,,,,,,,,,,,,,,,,,,
2,5,1,0,0,371,"This evolution reflects a shift from idealised, geometry-constrained models towards scalable frameworks capable of capturing configurational complexity, long-range strain, and emergent phenomena at interfaces.",2.5.1.0.0.371,,,,,,,,,,,,,,,,,,,,,,,,,,,,,,,,,,,,,,,,,,,,,,,,,,,,,,,,,,,,,,,,,,,,,,,,,,,,,,,,,,,,,,,,,,,,,,,,,,,
2,5,1,1,0,372,Hybrid methodologies now dominate the landscape of ab initio interface prediction.,2.5.1.1.0.372,,,,,,,,,,,,,,,,,,,,,,,,,,,,,,,,,,,,,,,,,,,,,,,,,,,,,,,,,,,,,,,,,,,,,,,,,,,,,,,,,,,,,,,,,,,,,,,,,,,
2,5,1,1,0,373,"Notable among them is the \textsc{ARTEMIS} tool developed by Taylor et al., which automates the generation of candidate interface structures by identifying lattice-matched slabs, multiple surface terminations, and lateral shifts across a wide range of Miller planes.",2.5.1.1.0.373,,,,,,,,,,,,,,,,,,,,,,,,,,,,,,,,,,,,,,,,,,,,,,,,,,,,,,,,,,,,,,,,,,,,,,,,,,,,,,,,,,,,,,,,,,,,,,,,,,,
2,5,1,1,0,374,"This approach enables high-throughput sampling of plausible interfaces for subsequent relaxation using density functional theory (DFT), bridging the gap between idealised registry-based models and defect-tolerant configurations.",2.5.1.1.0.374,,,,,,,,,,,,,,,,,,,,,,,,,,,,,,,,,,,,,,,,,,,,,,,,,,,,,,,,,,,,,,,,,,,,,,,,,,,,,,,,,,,,,,,,,,,,,,,,,,,
2,5,1,1,0,375,"Shortly after, Taylor et al.\ introduced the \textsc{RAFFLE}, with Pitfield et al.\ introducing methodology, combining empirical void-filling algorithms with iterative statistical descriptors to model metastable and low-symmetry reconstructions.",2.5.1.1.0.375,,,,,,,,,,,,,,,,,,,,,,,,,,,,,,,,,,,,,,,,,,,,,,,,,,,,,,,,,,,,,,,,,,,,,,,,,,,,,,,,,,,,,,,,,,,,,,,,,,,
2,5,1,1,0,376,"Their work, particularly on graphene-encapsulated MgO, demonstrates that confinement and bonding at the interface can stabilise novel phases, such as monolayer rocksalt MgO, not observed in bulk form.",2.5.1.1.0.376,,,,,,,,,,,,,,,,,,,,,,,,,,,,,,,,,,,,,,,,,,,,,,,,,,,,,,,,,,,,,,,,,,,,,,,,,,,,,,,,,,,,,,,,,,,,,,,,,,,
2,5,1,2,0,377,Global optimisation methods have been adapted to the interfacial context.,2.5.1.2.0.377,,,,,,,,,,,,,,,,,,,,,,,,,,,,,,,,,,,,,,,,,,,,,,,,,,,,,,,,,,,,,,,,,,,,,,,,,,,,,,,,,,,,,,,,,,,,,,,,,,,
2,5,1,2,0,378,Constrained variants of the Minima-Hopping Method (MHM) allow for controlled exploration of grain boundary reconstructions by varying atomic densities and introducing geometric constraints.,2.5.1.2.0.378,,,,,,,,,,,,,,,,,,,,,,,,,,,,,,,,,,,,,,,,,,,,,,,,,,,,,,,,,,,,,,,,,,,,,,,,,,,,,,,,,,,,,,,,,,,,,,,,,,,
2,5,1,2,0,379,"These approaches yield more realistic reconstructions than fixed-stoichiometry DFT or classical potentials, especially in systems like silicon where interface states are sensitive to atomic arrangement and misfit accommodation.",2.5.1.2.0.379,,,,,,,,,,,,,,,,,,,,,,,,,,,,,,,,,,,,,,,,,,,,,,,,,,,,,,,,,,,,,,,,,,,,,,,,,,,,,,,,,,,,,,,,,,,,,,,,,,,
2,5,1,3,0,380,Machine learning (ML) is increasingly embedded into the prediction workflow.,2.5.1.3.0.380,,,,,,,,,,,,,,,,,,,,,,,,,,,,,,,,,,,,,,,,,,,,,,,,,,,,,,,,,,,,,,,,,,,,,,,,,,,,,,,,,,,,,,,,,,,,,,,,,,,
2,5,1,3,0,381,"Gerber et al.\ developed the \textsc{InterMatch} framework, which leverages high-throughput DFT databases to train ML models that guide lattice matching and stacking predictions in 2D systems.",2.5.1.3.0.381,,,,,,,,,,,,,,,,,,,,,,,,,,,,,,,,,,,,,,,,,,,,,,,,,,,,,,,,,,,,,,,,,,,,,,,,,,,,,,,,,,,,,,,,,,,,,,,,,,,
2,5,1,3,0,382,"At the electronic level, Davies et al.\ proposed physically motivated corrections to band alignment, namely $\Delta E_\Gamma$ and $\Delta E_{\mathrm{IF}}$, to extend Anderson\rqss rule and account for hybridisation and interface dipoles in 2D heterostructures.",2.5.1.3.0.382,,,,,,,,,,,,,,,,,,,,,,,,,,,,,,,,,,,,,,,,,,,,,,,,,,,,,,,,,,,,,,,,,,,,,,,,,,,,,,,,,,,,,,,,,,,,,,,,,,,
2,5,1,3,0,383,"Moreover, the use of ML surrogates such as MACE and ChgNet has enabled large-scale relaxation of complex interfaces.",2.5.1.3.0.383,,,,,,,,,,,,,,,,,,,,,,,,,,,,,,,,,,,,,,,,,,,,,,,,,,,,,,,,,,,,,,,,,,,,,,,,,,,,,,,,,,,,,,,,,,,,,,,,,,,
2,5,1,3,0,384,"These interatomic potentials retain near-DFT accuracy while significantly lowering the computational cost, allowing relaxation of thousands of atoms and exploration of non-ideal motifs including semi-coherent, faceted, or disordered junctions.",2.5.1.3.0.384,,,,,,,,,,,,,,,,,,,,,,,,,,,,,,,,,,,,,,,,,,,,,,,,,,,,,,,,,,,,,,,,,,,,,,,,,,,,,,,,,,,,,,,,,,,,,,,,,,,
2,5,1,4,0,385,"Despite these advances, several limitations persist.",2.5.1.4.0.385,,,,,,,,,,,,,,,,,,,,,,,,,,,,,,,,,,,,,,,,,,,,,,,,,,,,,,,,,,,,,,,,,,,,,,,,,,,,,,,,,,,,,,,,,,,,,,,,,,,
2,5,1,4,0,386,"Data scarcity for interfacial systems hampers generalisation, and most ML models are trained on bulk-like environments.",2.5.1.4.0.386,,,,,,,,,,,,,,,,,,,,,,,,,,,,,,,,,,,,,,,,,,,,,,,,,,,,,,,,,,,,,,,,,,,,,,,,,,,,,,,,,,,,,,,,,,,,,,,,,,,
2,5,1,4,0,387,"Existing descriptors may fail to capture the broken symmetry, local dipoles, and charge redistribution unique to interfaces.",2.5.1.4.0.387,,,,,,,,,,,,,,,,,,,,,,,,,,,,,,,,,,,,,,,,,,,,,,,,,,,,,,,,,,,,,,,,,,,,,,,,,,,,,,,,,,,,,,,,,,,,,,,,,,,
2,5,1,4,0,388,"Furthermore, many workflows truncate the configurational space prematurely or rely on geometric heuristics alone.",2.5.1.4.0.388,,,,,,,,,,,,,,,,,,,,,,,,,,,,,,,,,,,,,,,,,,,,,,,,,,,,,,,,,,,,,,,,,,,,,,,,,,,,,,,,,,,,,,,,,,,,,,,,,,,
2,5,1,4,0,389,"There is increasing recognition that hybrid workflows, combining ML surrogates with tools like \textsc{ARTEMIS} and \textsc{RAFFLE}, and validating critical configurations using DFT, offer a scalable route forward.",2.5.1.4.0.389,,,,,,,,,,,,,,,,,,,,,,,,,,,,,,,,,,,,,,,,,,,,,,,,,,,,,,,,,,,,,,,,,,,,,,,,,,,,,,,,,,,,,,,,,,,,,,,,,,,
2,5,1,4,0,390,This multiresolution strategy enables both efficient exploration and physically grounded evaluation of interfacial stability across diverse systems.,2.5.1.4.0.390,,,,,,,,,,,,,,,,,,,,,,,,,,,,,,,,,,,,,,,,,,,,,,,,,,,,,,,,,,,,,,,,,,,,,,,,,,,,,,,,,,,,,,,,,,,,,,,,,,,
2,5,2,0,0,391,"Contemporary approaches to interface structure prediction combine symmetry-based lattice matching, high-throughput screening, and density functional theory (DFT) relaxation.",2.5.2.0.0.391,,,,,,,,,,,,,,,,,,,,,,,,,,,,,,,,,,,,,,,,,,,,,,,,,,,,,,,,,,,,,,,,,,,,,,,,,,,,,,,,,,,,,,,,,,,,,,,,,,,
2,5,2,0,0,392,Tools such as \textsc{ARTEMIS} enable the systematic generation of interface candidates by identifying lattice commensurabilities and constructing multiple terminations and stacking arrangements from parent surfaces.,2.5.2.0.0.392,,,,,,,,,,,,,,,,,,,,,,,,,,,,,,,,,,,,,,,,,,,,,,,,,,,,,,,,,,,,,,,,,,,,,,,,,,,,,,,,,,,,,,,,,,,,,,,,,,,
2,5,2,0,0,393,"However, the energetic evaluation of these candidates remains a bottleneck: full relaxation and total energy comparison using DFT is prohibitively expensive for systems exceeding a few hundred atoms.",2.5.2.0.0.393,,,,,,,,,,,,,,,,,,,,,,,,,,,,,,,,,,,,,,,,,,,,,,,,,,,,,,,,,,,,,,,,,,,,,,,,,,,,,,,,,,,,,,,,,,,,,,,,,,,
2,5,2,0,0,394,"To mitigate this, recent advances have introduced surrogate strategies that bypass exhaustive DFT sampling.",2.5.2.0.0.394,,,,,,,,,,,,,,,,,,,,,,,,,,,,,,,,,,,,,,,,,,,,,,,,,,,,,,,,,,,,,,,,,,,,,,,,,,,,,,,,,,,,,,,,,,,,,,,,,,,
2,5,2,0,0,395,"For example, Davies \textit{et al.} proposed semi-empirical corrections (\(\Delta E_\Gamma\), \(\Delta E_{\mathrm{IF}}\)) to Anderson\rqss rule for predicting band alignment in 2D heterostructures, based on descriptors derived from the constituent materials.",2.5.2.0.0.395,,,,,,,,,,,,,,,,,,,,,,,,,,,,,,,,,,,,,,,,,,,,,,,,,,,,,,,,,,,,,,,,,,,,,,,,,,,,,,,,,,,,,,,,,,,,,,,,,,,
2,5,2,0,0,396,"InterMatch, a high-throughput framework proposed by Gerber \textit{et al.}, guides stacking predictions using pre-computed DFT databases and electrostatic heuristics.",2.5.2.0.0.396,,,,,,,,,,,,,,,,,,,,,,,,,,,,,,,,,,,,,,,,,,,,,,,,,,,,,,,,,,,,,,,,,,,,,,,,,,,,,,,,,,,,,,,,,,,,,,,,,,,
2,5,2,0,0,397,Yet such frameworks often lack spatial resolution or generalisability across chemically diverse or defective systems.,2.5.2.0.0.397,,,,,,,,,,,,,,,,,,,,,,,,,,,,,,,,,,,,,,,,,,,,,,,,,,,,,,,,,,,,,,,,,,,,,,,,,,,,,,,,,,,,,,,,,,,,,,,,,,,
2,5,2,0,0,398,"This project builds directly upon these developments, advancing them in three ways: \begin{enumerate} \item \textbf{Surrogate model integration.}",2.5.2.0.0.398,,,,,,,,,,,,,,,,,,,,,,,,,,,,,,,,,,,,,,,,,,,,,,,,,,,,,,,,,,,,,,,,,,,,,,,,,,,,,,,,,,,,,,,,,,,,,,,,,,,
2,5,2,0,0,399,"Machine-learned interatomic potentials (MLPs), such as MACE, are employed to relax interfacial geometries with near-DFT accuracy but at significantly reduced cost.",2.5.2.0.0.399,,,,,,,,,,,,,,,,,,,,,,,,,,,,,,,,,,,,,,,,,,,,,,,,,,,,,,,,,,,,,,,,,,,,,,,,,,,,,,,,,,,,,,,,,,,,,,,,,,,
2,5,2,0,0,400,"This enables structural optimisation of larger supercells that accommodate semi-coherent boundaries, strain gradients, or reconstructed motifs inaccessible to traditional DFT-only workflows.",2.5.2.0.0.400,,,,,,,,,,,,,,,,,,,,,,,,,,,,,,,,,,,,,,,,,,,,,,,,,,,,,,,,,,,,,,,,,,,,,,,,,,,,,,,,,,,,,,,,,,,,,,,,,,,
2,5,2,0,0,401,\item \textbf{Descriptor-led generalisation.},2.5.2.0.0.401,,,,,,,,,,,,,,,,,,,,,,,,,,,,,,,,,,,,,,,,,,,,,,,,,,,,,,,,,,,,,,,,,,,,,,,,,,,,,,,,,,,,,,,,,,,,,,,,,,,
2,5,2,0,0,402,"Inspired by the success of band-alignment corrections in TMDC heterostructures, this work seeks to identify whether interfacial stability can be inferred from properties computable on isolated surfaces; such as cleavage ene.g.",2.5.2.0.0.402,,,,,,,,,,,,,,,,,,,,,,,,,,,,,,,,,,,,,,,,,,,,,,,,,,,,,,,,,,,,,,,,,,,,,,,,,,,,,,,,,,,,,,,,,,,,,,,,,,,
2,5,2,0,0,403,"surface dipole, or projected local density of states near the Fermi level.",2.5.2.0.0.403,,,,,,,,,,,,,,,,,,,,,,,,,,,,,,,,,,,,,,,,,,,,,,,,,,,,,,,,,,,,,,,,,,,,,,,,,,,,,,,,,,,,,,,,,,,,,,,,,,,
2,5,2,0,0,404,"If validated, such descriptors would permit extrapolation to unseen terminations or chemistries without requiring full interface models.",2.5.2.0.0.404,,,,,,,,,,,,,,,,,,,,,,,,,,,,,,,,,,,,,,,,,,,,,,,,,,,,,,,,,,,,,,,,,,,,,,,,,,,,,,,,,,,,,,,,,,,,,,,,,,,
2,5,2,0,0,405,\item \textbf{Feedback into structure-generation pipelines.},2.5.2.0.0.405,,,,,,,,,,,,,,,,,,,,,,,,,,,,,,,,,,,,,,,,,,,,,,,,,,,,,,,,,,,,,,,,,,,,,,,,,,,,,,,,,,,,,,,,,,,,,,,,,,,
2,5,2,0,0,406,"In the longer term, this project aims to integrate ML-derived stability metrics into tools like \textsc{ARTEMIS} or \textsc{RAFFLE}, allowing early pruning of unfavourable configurations before computationally costly evaluation.",2.5.2.0.0.406,,,,,,,,,,,,,,,,,,,,,,,,,,,,,,,,,,,,,,,,,,,,,,,,,,,,,,,,,,,,,,,,,,,,,,,,,,,,,,,,,,,,,,,,,,,,,,,,,,,
2,5,2,0,0,407,This hybrid generation--relaxation loop reflects a broader trend towards data-assisted automation in interfacial materials modelling.,2.5.2.0.0.407,,,,,,,,,,,,,,,,,,,,,,,,,,,,,,,,,,,,,,,,,,,,,,,,,,,,,,,,,,,,,,,,,,,,,,,,,,,,,,,,,,,,,,,,,,,,,,,,,,,
2,5,2,0,0,408,\end{enumerate} The proposed framework thus combines multi-resolution structure prediction with predictive modelling rooted in physically meaningful descriptors.,2.5.2.0.0.408,,,,,,,,,,,,,,,,,,,,,,,,,,,,,,,,,,,,,,,,,,,,,,,,,,,,,,,,,,,,,,,,,,,,,,,,,,,,,,,,,,,,,,,,,,,,,,,,,,,
2,5,2,0,0,409,"Rather than replacing existing DFT-centric approaches, it seeks to augment them; by embedding surrogate models within the structure-generation workflow and using them to navigate large configurational spaces.",2.5.2.0.0.409,,,,,,,,,,,,,,,,,,,,,,,,,,,,,,,,,,,,,,,,,,,,,,,,,,,,,,,,,,,,,,,,,,,,,,,,,,,,,,,,,,,,,,,,,,,,,,,,,,,
2,5,2,0,0,410,"This enables a shift from retrospective evaluation to prospective design of realistic, energetically favourable interfaces.",2.5.2.0.0.410,,,,,,,,,,,,,,,,,,,,,,,,,,,,,,,,,,,,,,,,,,,,,,,,,,,,,,,,,,,,,,,,,,,,,,,,,,,,,,,,,,,,,,,,,,,,,,,,,,,
2,5,3,0,0,411,Recent advances in interface prediction have increasingly centred on integrating data-driven approaches with atomistic modelling frameworks.,2.5.3.0.0.411,,,,,,,,,,,,,,,,,,,,,,,,,,,,,,,,,,,,,,,,,,,,,,,,,,,,,,,,,,,,,,,,,,,,,,,,,,,,,,,,,,,,,,,,,,,,,,,,,,,
2,5,3,0,0,412,Machine-learned potentials (MLPs) such as MACE and E(3)-equivariant networks like NequIP are now enabling the efficient evaluation of interfacial configurations across large configurational spaces.,2.5.3.0.0.412,,,,,,,,,,,,,,,,,,,,,,,,,,,,,,,,,,,,,,,,,,,,,,,,,,,,,,,,,,,,,,,,,,,,,,,,,,,,,,,,,,,,,,,,,,,,,,,,,,,
2,5,3,0,0,413,"This shift permits relaxation of structures at near-DFT accuracy, allowing researchers to explore interface separations, registry shifts, and metastable motifs that would be prohibitively expensive using standard ab initio methods.",2.5.3.0.0.413,,,,,,,,,,,,,,,,,,,,,,,,,,,,,,,,,,,,,,,,,,,,,,,,,,,,,,,,,,,,,,,,,,,,,,,,,,,,,,,,,,,,,,,,,,,,,,,,,,,
2,5,3,0,0,414,"Alongside these developments, tools like ARTEMIS and RAFFLE have emerged to systematically generate candidate interfaces.",2.5.3.0.0.414,,,,,,,,,,,,,,,,,,,,,,,,,,,,,,,,,,,,,,,,,,,,,,,,,,,,,,,,,,,,,,,,,,,,,,,,,,,,,,,,,,,,,,,,,,,,,,,,,,,
2,5,3,0,0,415,"These platforms sample multiple surface terminations and stackings while accounting for lattice mismatch, enabling more representative modelling of real, faceted, or incoherent boundaries.",2.5.3.0.0.415,,,,,,,,,,,,,,,,,,,,,,,,,,,,,,,,,,,,,,,,,,,,,,,,,,,,,,,,,,,,,,,,,,,,,,,,,,,,,,,,,,,,,,,,,,,,,,,,,,,
2,5,3,0,0,416,The capacity to generate and filter hundreds of interfaces also creates opportunities for coupling with high-throughput screening and surrogate models.,2.5.3.0.0.416,,,,,,,,,,,,,,,,,,,,,,,,,,,,,,,,,,,,,,,,,,,,,,,,,,,,,,,,,,,,,,,,,,,,,,,,,,,,,,,,,,,,,,,,,,,,,,,,,,,
2,5,3,0,0,417,Emergent trends also include the move toward physically motivated corrections for electronic properties at interfaces.,2.5.3.0.0.417,,,,,,,,,,,,,,,,,,,,,,,,,,,,,,,,,,,,,,,,,,,,,,,,,,,,,,,,,,,,,,,,,,,,,,,,,,,,,,,,,,,,,,,,,,,,,,,,,,,
2,5,3,0,0,418,"For instance, the failure of Anderson\rqss rule in 2D heterostructures has prompted the introduction of corrective terms such as $\Delta E_\Gamma$ and $\Delta E_\mathrm{IF}$, which better account for hybridisation and interface dipoles.",2.5.3.0.0.418,,,,,,,,,,,,,,,,,,,,,,,,,,,,,,,,,,,,,,,,,,,,,,,,,,,,,,,,,,,,,,,,,,,,,,,,,,,,,,,,,,,,,,,,,,,,,,,,,,,
2,5,3,0,0,419,These terms enable more accurate band alignment predictions across families of 2D materials without requiring full-scale DFT recalculation for each pair.,2.5.3.0.0.419,,,,,,,,,,,,,,,,,,,,,,,,,,,,,,,,,,,,,,,,,,,,,,,,,,,,,,,,,,,,,,,,,,,,,,,,,,,,,,,,,,,,,,,,,,,,,,,,,,,
2,5,3,0,0,420,"Collectively, these approaches suggest a field increasingly focused on scalable, automatable, and physically interpretable modelling of interfaces.",2.5.3.0.0.420,,,,,,,,,,,,,,,,,,,,,,,,,,,,,,,,,,,,,,,,,,,,,,,,,,,,,,,,,,,,,,,,,,,,,,,,,,,,,,,,,,,,,,,,,,,,,,,,,,,
2,5,3,0,0,421,The combination of machine learning with established electronic structure theory is opening a path toward predictive frameworks that are sensitive to real-world synthesis constraints and device contexts.,2.5.3.0.0.421,,,,,,,,,,,,,,,,,,,,,,,,,,,,,,,,,,,,,,,,,,,,,,,,,,,,,,,,,,,,,,,,,,,,,,,,,,,,,,,,,,,,,,,,,,,,,,,,,,,
3,0,0,0,0,1,Understanding which interfaces are most thermodynamically favourable is a prerequisite for structure prediction and materials discovery.,3.0.0.0.0.1,,,,,,,,,,,,,,,,,,,,,,,,,,,,,,,,,,,,,,,,,,,,,,,,,,,,,,,,,,,,,,,,,,,,,,,,,,,,,,,,,,,,,,,,,,,,,,,,,,,
3,0,0,0,0,2,"However, the computational cost of evaluating thousands of possible interface configurations via density functional theory (DFT) makes such exploration prohibitively expensive.",3.0.0.0.0.2,,,,,,,,,,,,,,,,,,,,,,,,,,,,,,,,,,,,,,,,,,,,,,,,,,,,,,,,,,,,,,,,,,,,,,,,,,,,,,,,,,,,,,,,,,,,,,,,,,,
3,0,0,0,0,3,"This chapter investigates whether machine-learned interatomic potentials (MLPs), specifically MACE, can be used to predict interface favourability rankings with sufficient accuracy to serve as a pre-screening tool.",3.0.0.0.0.3,,,,,,,,,,,,,,,,,,,,,,,,,,,,,,,,,,,,,,,,,,,,,,,,,,,,,,,,,,,,,,,,,,,,,,,,,,,,,,,,,,,,,,,,,,,,,,,,,,,
3,0,0,0,0,4,"A systematic comparison is conducted across elemental and binary semiconductor systems, assessing how closely MLP-derived rankings reproduce DFT-based ground truth.",3.0.0.0.0.4,,,,,,,,,,,,,,,,,,,,,,,,,,,,,,,,,,,,,,,,,,,,,,,,,,,,,,,,,,,,,,,,,,,,,,,,,,,,,,,,,,,,,,,,,,,,,,,,,,,
3,0,0,0,0,5,"The chapter is divided into a methodology section, which outlines the iterative dataset construction and evaluation pipeline, and a results section, which analyses the performance of MLPs in reproducing DFT-derived orderings.",3.0.0.0.0.5,,,,,,,,,,,,,,,,,,,,,,,,,,,,,,,,,,,,,,,,,,,,,,,,,,,,,,,,,,,,,,,,,,,,,,,,,,,,,,,,,,,,,,,,,,,,,,,,,,,
3,1,0,0,0,6,"The overarching objective of the methodology described in this section is to evaluate whether machine-learned interatomic potentials (MLPs), particularly the MACE model, can accurately replicate interface favourability rankings obtained from density functional theory (DFT) calculations.",3.1.0.0.0.6,,,,,,,,,,,,,,,,,,,,,,,,,,,,,,,,,,,,,,,,,,,,,,,,,,,,,,,,,,,,,,,,,,,,,,,,,,,,,,,,,,,,,,,,,,,,,,,,,,,
3,1,0,0,0,7,"This assessment emphasises establishing scalable, computationally efficient workflows suitable for high-throughput screening of semiconductor interfaces.",3.1.0.0.0.7,,,,,,,,,,,,,,,,,,,,,,,,,,,,,,,,,,,,,,,,,,,,,,,,,,,,,,,,,,,,,,,,,,,,,,,,,,,,,,,,,,,,,,,,,,,,,,,,,,,
3,1,0,0,0,8,"The methodology utilises automated structure generation tools, rigorous multi-stage relaxation and evaluation protocols, and explicitly defined reproducible ranking metrics to ensure transparency and precision.",3.1.0.0.0.8,,,,,,,,,,,,,,,,,,,,,,,,,,,,,,,,,,,,,,,,,,,,,,,,,,,,,,,,,,,,,,,,,,,,,,,,,,,,,,,,,,,,,,,,,,,,,,,,,,,
3,1,1,1,0,9,"A small-scale, semi-manually curated dataset of approximately ten silicon-germanium (Si|Ge) interfaces was constructed to prototype the methodology.",3.1.1.1.0.9,,,,,,,,,,,,,,,,,,,,,,,,,,,,,,,,,,,,,,,,,,,,,,,,,,,,,,,,,,,,,,,,,,,,,,,,,,,,,,,,,,,,,,,,,,,,,,,,,,,
3,1,1,2,0,10,An automated extension of the Si|Ge interface dataset was generated using ARTEMIS software to ensure broader configurational coverage and scalability.,3.1.1.2.0.10,,,,,,,,,,,,,,,,,,,,,,,,,,,,,,,,,,,,,,,,,,,,,,,,,,,,,,,,,,,,,,,,,,,,,,,,,,,,,,,,,,,,,,,,,,,,,,,,,,,
3,1,1,3,0,11,"A comprehensive dataset including carbon (C), silicon (Si), germanium (Ge), and tin (Sn) was created, leveraging enhanced automation, extensive interface shifts, and stringent filtering criteria.",3.1.1.3.0.11,,,,,,,,,,,,,,,,,,,,,,,,,,,,,,,,,,,,,,,,,,,,,,,,,,,,,,,,,,,,,,,,,,,,,,,,,,,,,,,,,,,,,,,,,,,,,,,,,,,
3,1,1,3,0,12,Each iteration is version-controlled in Git repositories.,3.1.1.3.0.12,,,,,,,,,,,,,,,,,,,,,,,,,,,,,,,,,,,,,,,,,,,,,,,,,,,,,,,,,,,,,,,,,,,,,,,,,,,,,,,,,,,,,,,,,,,,,,,,,,,
3,1,2,0,0,13,"Interface structures were generated using ARTEMIS, systematically selecting and filtering Miller planes, sampling stacking vectors, and applying termination logic to ensure physical plausibility.",3.1.2.0.0.13,,,,,,,,,,,,,,,,,,,,,,,,,,,,,,,,,,,,,,,,,,,,,,,,,,,,,,,,,,,,,,,,,,,,,,,,,,,,,,,,,,,,,,,,,,,,,,,,,,,
3,1,2,0,0,14,"Notably, configurations with zero stacking shift (\texttt{shift = 0}) were deliberately excluded to avoid non-physical direct atomic overlaps.",3.1.2.0.0.14,,,,,,,,,,,,,,,,,,,,,,,,,,,,,,,,,,,,,,,,,,,,,,,,,,,,,,,,,,,,,,,,,,,,,,,,,,,,,,,,,,,,,,,,,,,,,,,,,,,
3,1,2,2,0,15,This step enforced physical realism by excluding configurations with atomically overlapping terminations.,3.1.2.2.0.15,,,,,,,,,,,,,,,,,,,,,,,,,,,,,,,,,,,,,,,,,,,,,,,,,,,,,,,,,,,,,,,,,,,,,,,,,,,,,,,,,,,,,,,,,,,,,,,,,,,
3,1,2,3,0,16,"Interfaces were generated by stacking slabs in commensurate supercells, maintaining consistent registry between layers.",3.1.2.3.0.16,,,,,,,,,,,,,,,,,,,,,,,,,,,,,,,,,,,,,,,,,,,,,,,,,,,,,,,,,,,,,,,,,,,,,,,,,,,,,,,,,,,,,,,,,,,,,,,,,,,
3,1,3,1,0,17,Structures underwent relaxation using DFT as implemented in VASP.,3.1.3.1.0.17,,,,,,,,,,,,,,,,,,,,,,,,,,,,,,,,,,,,,,,,,,,,,,,,,,,,,,,,,,,,,,,,,,,,,,,,,,,,,,,,,,,,,,,,,,,,,,,,,,,
3,1,3,1,0,18,Standard INCAR and KPOINTS files optimised for both accuracy and efficiency were employed.,3.1.3.1.0.18,,,,,,,,,,,,,,,,,,,,,,,,,,,,,,,,,,,,,,,,,,,,,,,,,,,,,,,,,,,,,,,,,,,,,,,,,,,,,,,,,,,,,,,,,,,,,,,,,,,
3,1,3,1,0,19,Gamma-point sampling was used exclusively for large cells.,3.1.3.1.0.19,,,,,,,,,,,,,,,,,,,,,,,,,,,,,,,,,,,,,,,,,,,,,,,,,,,,,,,,,,,,,,,,,,,,,,,,,,,,,,,,,,,,,,,,,,,,,,,,,,,
3,1,3,1,0,20,"Each job was constrained by a 24-hour walltime, and failed completions were systematically managed.",3.1.3.1.0.20,,,,,,,,,,,,,,,,,,,,,,,,,,,,,,,,,,,,,,,,,,,,,,,,,,,,,,,,,,,,,,,,,,,,,,,,,,,,,,,,,,,,,,,,,,,,,,,,,,,
3,1,3,1,2,21,All DFT relaxations were constrained by a 24-hour walltime and executed with Gamma-point-only meshes.,3.1.3.1.2.21,,,,,,,,,,,,,,,,,,,,,,,,,,,,,,,,,,,,,,,,,,,,,,,,,,,,,,,,,,,,,,,,,,,,,,,,,,,,,,,,,,,,,,,,,,,,,,,,,,,
3,1,3,2,0,22,"MLP relaxation employed the \textbf{MACE-MP-0 large model} (5,725,072 parameters), using the model file \texttt{2024-01-07-mace-128-L2\_epoch-199.model} from the \texttt{mace\_mp_0} branch on GitHub.",3.1.3.2.0.22,,,,,,,,,,,,,,,,,,,,,,,,,,,,,,,,,,,,,,,,,,,,,,,,,,,,,,,,,,,,,,,,,,,,,,,,,,,,,,,,,,,,,,,,,,,,,,,,,,,
3,1,3,2,0,23,A level-2 equivariant graph neural network architecture was used with ASE-based force relaxation.,3.1.3.2.0.23,,,,,,,,,,,,,,,,,,,,,,,,,,,,,,,,,,,,,,,,,,,,,,,,,,,,,,,,,,,,,,,,,,,,,,,,,,,,,,,,,,,,,,,,,,,,,,,,,,,
3,1,3,2,0,24,Delta-learning was \emph{not} applied at this stage.,3.1.3.2.0.24,,,,,,,,,,,,,,,,,,,,,,,,,,,,,,,,,,,,,,,,,,,,,,,,,,,,,,,,,,,,,,,,,,,,,,,,,,,,,,,,,,,,,,,,,,,,,,,,,,,
3,1,3,2,1,25,"MACE, Level-2 equivariant GNN, trained on Materials Project.",3.1.3.2.1.25,,,,,,,,,,,,,,,,,,,,,,,,,,,,,,,,,,,,,,,,,,,,,,,,,,,,,,,,,,,,,,,,,,,,,,,,,,,,,,,,,,,,,,,,,,,,,,,,,,,
3,1,3,2,2,26,Relaxation was performed using force minimisation via ASE without delta-corrections.,3.1.3.2.2.26,,,,,,,,,,,,,,,,,,,,,,,,,,,,,,,,,,,,,,,,,,,,,,,,,,,,,,,,,,,,,,,,,,,,,,,,,,,,,,,,,,,,,,,,,,,,,,,,,,,
3,1,4,1,0,27,Energies computed by DFT on DFT-relaxed structures serve as the reference baseline.,3.1.4.1.0.27,,,,,,,,,,,,,,,,,,,,,,,,,,,,,,,,,,,,,,,,,,,,,,,,,,,,,,,,,,,,,,,,,,,,,,,,,,,,,,,,,,,,,,,,,,,,,,,,,,,
3,1,4,2,0,28,MLP energy evaluations were conducted on MLP-relaxed structures to assess self-consistency.,3.1.4.2.0.28,,,,,,,,,,,,,,,,,,,,,,,,,,,,,,,,,,,,,,,,,,,,,,,,,,,,,,,,,,,,,,,,,,,,,,,,,,,,,,,,,,,,,,,,,,,,,,,,,,,
3,1,4,3,0,29,Cross-evaluation modes enabled the decoupling of structural and energetic prediction accuracy.,3.1.4.3.0.29,,,,,,,,,,,,,,,,,,,,,,,,,,,,,,,,,,,,,,,,,,,,,,,,,,,,,,,,,,,,,,,,,,,,,,,,,,,,,,,,,,,,,,,,,,,,,,,,,,,
3,1,5,1,0,30,"A Python-based automation pipeline enabled reproducible structure generation, job submission, and parsing.",3.1.5.1.0.30,,,,,,,,,,,,,,,,,,,,,,,,,,,,,,,,,,,,,,,,,,,,,,,,,,,,,,,,,,,,,,,,,,,,,,,,,,,,,,,,,,,,,,,,,,,,,,,,,,,
3,1,5,2,0,31,NaN detection was explicitly implemented to exclude invalid structures.,3.1.5.2.0.31,,,,,,,,,,,,,,,,,,,,,,,,,,,,,,,,,,,,,,,,,,,,,,,,,,,,,,,,,,,,,,,,,,,,,,,,,,,,,,,,,,,,,,,,,,,,,,,,,,,
3,1,5,3,0,32,Parsed energies and rankings were compiled into structured CSVs.,3.1.5.3.0.32,,,,,,,,,,,,,,,,,,,,,,,,,,,,,,,,,,,,,,,,,,,,,,,,,,,,,,,,,,,,,,,,,,,,,,,,,,,,,,,,,,,,,,,,,,,,,,,,,,,
3,1,6,1,1,33,A non-parametric measure of monotonic correlation: \[ \rho = 1 - \frac{6 \sum d_i^2}{n(n^2 - 1)} \] where \(d_i\) is the rank difference for the \(i^{th}\) entry and \(n\) is the total number of entries.,3.1.6.1.1.33,,,,,,,,,,,,,,,,,,,,,,,,,,,,,,,,,,,,,,,,,,,,,,,,,,,,,,,,,,,,,,,,,,,,,,,,,,,,,,,,,,,,,,,,,,,,,,,,,,,
3,1,6,3,0,34,Top-N overlap measures the agreement in highest-ranked structures between DFT and MLP.,3.1.6.3.0.34,,,,,,,,,,,,,,,,,,,,,,,,,,,,,,,,,,,,,,,,,,,,,,,,,,,,,,,,,,,,,,,,,,,,,,,,,,,,,,,,,,,,,,,,,,,,,,,,,,,
3,2,0,0,0,35,"This section presents the results of the DFT vs MLP interface ranking comparison across 1,381 interfaces evaluated during Iteration 3.",3.2.0.0.0.35,,,,,,,,,,,,,,,,,,,,,,,,,,,,,,,,,,,,,,,,,,,,,,,,,,,,,,,,,,,,,,,,,,,,,,,,,,,,,,,,,,,,,,,,,,,,,,,,,,,
3,2,0,0,0,36,"The goal is to determine whether MACE, a large machine-learned interatomic potential, preserves favourability rankings obtained via DFT across a wide range of material systems and interface types.",3.2.0.0.0.36,,,,,,,,,,,,,,,,,,,,,,,,,,,,,,,,,,,,,,,,,,,,,,,,,,,,,,,,,,,,,,,,,,,,,,,,,,,,,,,,,,,,,,,,,,,,,,,,,,,
3,2,1,1,0,37,Ranking consistency between DFT and MLP was assessed using Spearman's $\rho$ and Kendall's $\tau$.,3.2.1.1.0.37,,,,,,,,,,,,,,,,,,,,,,,,,,,,,,,,,,,,,,,,,,,,,,,,,,,,,,,,,,,,,,,,,,,,,,,,,,,,,,,,,,,,,,,,,,,,,,,,,,,
3,2,1,1,0,38,Overall correlation was strong: $\rho$ ranged from 0.75 to 0.95 and $\tau$ from 0.70 to 0.90 across the majority of interface types.,3.2.1.1.0.38,,,,,,,,,,,,,,,,,,,,,,,,,,,,,,,,,,,,,,,,,,,,,,,,,,,,,,,,,,,,,,,,,,,,,,,,,,,,,,,,,,,,,,,,,,,,,,,,,,,
3,2,1,1,0,39,"Metrics were extracted from \texttt{stats.csv}, which aggregates statistics across the full dataset.",3.2.1.1.0.39,,,,,,,,,,,,,,,,,,,,,,,,,,,,,,,,,,,,,,,,,,,,,,,,,,,,,,,,,,,,,,,,,,,,,,,,,,,,,,,,,,,,,,,,,,,,,,,,,,,
3,2,1,1,0,40,"Perfect rank preservation (i.e. $\rho = 1$) was observed in a subset of alloy systems, while degraded consistency was evident in Silicon interfaces.",3.2.1.1.0.40,,,,,,,,,,,,,,,,,,,,,,,,,,,,,,,,,,,,,,,,,,,,,,,,,,,,,,,,,,,,,,,,,,,,,,,,,,,,,,,,,,,,,,,,,,,,,,,,,,,
3,2,1,2,0,41,"A scatter plot comparing DFT and MLP rankings across all interfaces is shown in Figure~\ref{fig:rank-scatter}, with supporting metric distributions detailed in Table~\ref{tab:global-metrics}.",3.2.1.2.0.41,,,,,,,,,,,,,,,,,,,,,,,,,,,,,,,,,,,,,,,,,,,,,,,,,,,,,,,,,,,,,,,,,,,,,,,,,,,,,,,,,,,,,,,,,,,,,,,,,,,
3,2,1,2,0,42,"Top-N overlap scores (e.g. Top-10) were 5 for DFT@DFT vs MLP@MLP and 8 for DFT@DFT vs DFT@MLP, indicating modest agreement in identifying favourable structures.",3.2.1.2.0.42,,,,,,,,,,,,,,,,,,,,,,,,,,,,,,,,,,,,,,,,,,,,,,,,,,,,,,,,,,,,,,,,,,,,,,,,,,,,,,,,,,,,,,,,,,,,,,,,,,,
3,2,2,1,0,43,"Due to computational constraints, MLP-relaxed structures evaluated with DFT (MLP@DFT) were omitted from this study.",3.2.2.1.0.43,,,,,,,,,,,,,,,,,,,,,,,,,,,,,,,,,,,,,,,,,,,,,,,,,,,,,,,,,,,,,,,,,,,,,,,,,,,,,,,,,,,,,,,,,,,,,,,,,,,
3,2,2,1,0,44,The cross-method comparison therefore focuses on DFT-relaxed structures evaluated with MLP (DFT@MLP).,3.2.2.1.0.44,,,,,,,,,,,,,,,,,,,,,,,,,,,,,,,,,,,,,,,,,,,,,,,,,,,,,,,,,,,,,,,,,,,,,,,,,,,,,,,,,,,,,,,,,,,,,,,,,,,
3,2,2,1,0,45,"These exhibited higher agreement with DFT@DFT than MLP@MLP, indicating that relaxation geometry plays a dominant role in ranking discrepancies.",3.2.2.1.0.45,,,,,,,,,,,,,,,,,,,,,,,,,,,,,,,,,,,,,,,,,,,,,,,,,,,,,,,,,,,,,,,,,,,,,,,,,,,,,,,,,,,,,,,,,,,,,,,,,,,
3,2,2,1,0,46,This suggests a degree of structure-energy decoupling.,3.2.2.1.0.46,,,,,,,,,,,,,,,,,,,,,,,,,,,,,,,,,,,,,,,,,,,,,,,,,,,,,,,,,,,,,,,,,,,,,,,,,,,,,,,,,,,,,,,,,,,,,,,,,,,
3,2,3,1,1,47,Carbon-rich systems were underrepresented due to DFT job failures and high compute cost.,3.2.3.1.1.47,,,,,,,,,,,,,,,,,,,,,,,,,,,,,,,,,,,,,,,,,,,,,,,,,,,,,,,,,,,,,,,,,,,,,,,,,,,,,,,,,,,,,,,,,,,,,,,,,,,
3,2,3,1,1,48,"As a result, only preliminary statistics could be extracted from \texttt{stats\_lower\_C.csv}, with limited rank correlation insight.",3.2.3.1.1.48,,,,,,,,,,,,,,,,,,,,,,,,,,,,,,,,,,,,,,,,,,,,,,,,,,,,,,,,,,,,,,,,,,,,,,,,,,,,,,,,,,,,,,,,,,,,,,,,,,,
3,2,3,1,1,49,These data points are not sufficient to draw conclusions but are retained for completeness.,3.2.3.1.1.49,,,,,,,,,,,,,,,,,,,,,,,,,,,,,,,,,,,,,,,,,,,,,,,,,,,,,,,,,,,,,,,,,,,,,,,,,,,,,,,,,,,,,,,,,,,,,,,,,,,
3,2,3,2,1,50,Silicon interfaces showed the weakest performance overall.,3.2.3.2.1.50,,,,,,,,,,,,,,,,,,,,,,,,,,,,,,,,,,,,,,,,,,,,,,,,,,,,,,,,,,,,,,,,,,,,,,,,,,,,,,,,,,,,,,,,,,,,,,,,,,,
3,2,3,2,1,51,"Rank correlations were lower than for other systems, with $\rho < 0.70$ and $\tau < 0.65$ in many Si|Si and Si|X comparisons (see \texttt{stats\_lower\_Si.csv}).",3.2.3.2.1.51,,,,,,,,,,,,,,,,,,,,,,,,,,,,,,,,,,,,,,,,,,,,,,,,,,,,,,,,,,,,,,,,,,,,,,,,,,,,,,,,,,,,,,,,,,,,,,,,,,,
3,2,3,2,1,52,"Errors tended to cluster in the lower half of the ranking, indicating failures in correctly identifying unfavourable interfaces.",3.2.3.2.1.52,,,,,,,,,,,,,,,,,,,,,,,,,,,,,,,,,,,,,,,,,,,,,,,,,,,,,,,,,,,,,,,,,,,,,,,,,,,,,,,,,,,,,,,,,,,,,,,,,,,
3,2,3,2,2,53,This poor agreement may stem from limited model generalisability across strained or undercoordinated Si environments.,3.2.3.2.2.53,,,,,,,,,,,,,,,,,,,,,,,,,,,,,,,,,,,,,,,,,,,,,,,,,,,,,,,,,,,,,,,,,,,,,,,,,,,,,,,,,,,,,,,,,,,,,,,,,,,
3,2,3,2,2,54,"The MACE model was not explicitly fine-tuned for such systems, suggesting underfitting or domain mismatch.",3.2.3.2.2.54,,,,,,,,,,,,,,,,,,,,,,,,,,,,,,,,,,,,,,,,,,,,,,,,,,,,,,,,,,,,,,,,,,,,,,,,,,,,,,,,,,,,,,,,,,,,,,,,,,,
3,2,3,3,1,55,Ge and Sn-containing systems yielded improved correlation metrics and Top-N recovery compared to Si.,3.2.3.3.1.55,,,,,,,,,,,,,,,,,,,,,,,,,,,,,,,,,,,,,,,,,,,,,,,,,,,,,,,,,,,,,,,,,,,,,,,,,,,,,,,,,,,,,,,,,,,,,,,,,,,
3,2,3,3,1,56,"While Tin interfaces (\texttt{stats\_lower\_Sn.csv}) showed larger absolute energy errors, the rank preservation was generally robust.",3.2.3.3.1.56,,,,,,,,,,,,,,,,,,,,,,,,,,,,,,,,,,,,,,,,,,,,,,,,,,,,,,,,,,,,,,,,,,,,,,,,,,,,,,,,,,,,,,,,,,,,,,,,,,,
3,2,3,3,1,57,No catastrophic rank inversions were observed.,3.2.3.3.1.57,,,,,,,,,,,,,,,,,,,,,,,,,,,,,,,,,,,,,,,,,,,,,,,,,,,,,,,,,,,,,,,,,,,,,,,,,,,,,,,,,,,,,,,,,,,,,,,,,,,
3,2,3,4,1,58,Interfaces near the transition from favourable to unfavourable status (i.e. phase boundaries) were more susceptible to ranking shifts.,3.2.3.4.1.58,,,,,,,,,,,,,,,,,,,,,,,,,,,,,,,,,,,,,,,,,,,,,,,,,,,,,,,,,,,,,,,,,,,,,,,,,,,,,,,,,,,,,,,,,,,,,,,,,,,
3,2,3,4,1,59,"While many transitions were preserved, files such as \texttt{stats\_lower\_Si\_upper\_Sn.csv} and \texttt{stats\_lower\_Ge\_upper\_Sn.csv} show increased rank distance near critical cutoffs.",3.2.3.4.1.59,,,,,,,,,,,,,,,,,,,,,,,,,,,,,,,,,,,,,,,,,,,,,,,,,,,,,,,,,,,,,,,,,,,,,,,,,,,,,,,,,,,,,,,,,,,,,,,,,,,
3,2,3,4,2,60,"These marginal cases are sensitive to small energy differences, which may be within the error tolerance of the MLP.",3.2.3.4.2.60,,,,,,,,,,,,,,,,,,,,,,,,,,,,,,,,,,,,,,,,,,,,,,,,,,,,,,,,,,,,,,,,,,,,,,,,,,,,,,,,,,,,,,,,,,,,,,,,,,,
3,2,3,4,2,61,This underscores the challenge of using MLPs for binary decision-making near phase boundaries.,3.2.3.4.2.61,,,,,,,,,,,,,,,,,,,,,,,,,,,,,,,,,,,,,,,,,,,,,,,,,,,,,,,,,,,,,,,,,,,,,,,,,,,,,,,,,,,,,,,,,,,,,,,,,,,
3,2,3,5,1,62,Si|Ge alloy systems exhibited near-perfect rank alignment between DFT and MLP evaluations.,3.2.3.5.1.62,,,,,,,,,,,,,,,,,,,,,,,,,,,,,,,,,,,,,,,,,,,,,,,,,,,,,,,,,,,,,,,,,,,,,,,,,,,,,,,,,,,,,,,,,,,,,,,,,,,
3,2,3,5,1,63,"Both $\rho$ and $\tau$ approached 1.0 across the board, as seen in \texttt{stats\_perfect\_alloys.csv}.",3.2.3.5.1.63,,,,,,,,,,,,,,,,,,,,,,,,,,,,,,,,,,,,,,,,,,,,,,,,,,,,,,,,,,,,,,,,,,,,,,,,,,,,,,,,,,,,,,,,,,,,,,,,,,,
3,2,3,5,2,64,"These systems feature uniform chemical environments with little interfacial disruption, meaning the atomic configurations fall well within the trained domain of the MACE model.",3.2.3.5.2.64,,,,,,,,,,,,,,,,,,,,,,,,,,,,,,,,,,,,,,,,,,,,,,,,,,,,,,,,,,,,,,,,,,,,,,,,,,,,,,,,,,,,,,,,,,,,,,,,,,,
3,2,3,5,2,65,The result is highly stable rank preservation.,3.2.3.5.2.65,,,,,,,,,,,,,,,,,,,,,,,,,,,,,,,,,,,,,,,,,,,,,,,,,,,,,,,,,,,,,,,,,,,,,,,,,,,,,,,,,,,,,,,,,,,,,,,,,,,
3,2,4,0,0,66,MLP evaluations offered orders-of-magnitude speedups over DFT while retaining acceptable accuracy in most ranking tasks.,3.2.4.0.0.66,,,,,,,,,,,,,,,,,,,,,,,,,,,,,,,,,,,,,,,,,,,,,,,,,,,,,,,,,,,,,,,,,,,,,,,,,,,,,,,,,,,,,,,,,,,,,,,,,,,
3,2,4,0,0,67,"However, the quality of this speedup is system-dependent and less reliable for Silicon-rich or mixed-coordination interfaces.",3.2.4.0.0.67,,,,,,,,,,,,,,,,,,,,,,,,,,,,,,,,,,,,,,,,,,,,,,,,,,,,,,,,,,,,,,,,,,,,,,,,,,,,,,,,,,,,,,,,,,,,,,,,,,,
3,2,4,0,0,68,"These observations motivate a need for improved domain coverage, possibly via delta-learning or retraining on interfacial datasets.",3.2.4.0.0.68,,,,,,,,,,,,,,,,,,,,,,,,,,,,,,,,,,,,,,,,,,,,,,,,,,,,,,,,,,,,,,,,,,,,,,,,,,,,,,,,,,,,,,,,,,,,,,,,,,,
4,1,1,0,0,1,The ability to preserve DFT-calculated interface rankings is critical for efficient high-throughput screening of material systems.,4.1.1.0.0.1,,,,,,,,,,,,,,,,,,,,,,,,,,,,,,,,,,,,,,,,,,,,,,,,,,,,,,,,,,,,,,,,,,,,,,,,,,,,,,,,,,,,,,,,,,,,,,,,,,,
4,1,1,0,0,2,Absolute interface energies are less relevant in isolation if the relative favourability of competing configurations is misrepresented.,4.1.1.0.0.2,,,,,,,,,,,,,,,,,,,,,,,,,,,,,,,,,,,,,,,,,,,,,,,,,,,,,,,,,,,,,,,,,,,,,,,,,,,,,,,,,,,,,,,,,,,,,,,,,,,
4,1,1,0,0,3,This motivates the need for improving rank fidelity in machine-learned models such as MACE.,4.1.1.0.0.3,,,,,,,,,,,,,,,,,,,,,,,,,,,,,,,,,,,,,,,,,,,,,,,,,,,,,,,,,,,,,,,,,,,,,,,,,,,,,,,,,,,,,,,,,,,,,,,,,,,
4,1,2,1,0,4,"This baseline model is trained on broad-spectrum, bulk-focused data.",4.1.2.1.0.4,,,,,,,,,,,,,,,,,,,,,,,,,,,,,,,,,,,,,,,,,,,,,,,,,,,,,,,,,,,,,,,,,,,,,,,,,,,,,,,,,,,,,,,,,,,,,,,,,,,
4,1,2,1,0,5,"While it demonstrates some transferability, its limitations are apparent in systems with interfacial complexity; especially silicon-rich or structurally diverse cases.",4.1.2.1.0.5,,,,,,,,,,,,,,,,,,,,,,,,,,,,,,,,,,,,,,,,,,,,,,,,,,,,,,,,,,,,,,,,,,,,,,,,,,,,,,,,,,,,,,,,,,,,,,,,,,,
4,1,2,2,0,6,"Here, the same model is refined using additional interface-representative configurations, tailored to improve accuracy in the interfacial regime.",4.1.2.2.0.6,,,,,,,,,,,,,,,,,,,,,,,,,,,,,,,,,,,,,,,,,,,,,,,,,,,,,,,,,,,,,,,,,,,,,,,,,,,,,,,,,,,,,,,,,,,,,,,,,,,
4,1,2,2,0,7,This targets data-domain mismatch as a key source of ranking degradation.,4.1.2.2.0.7,,,,,,,,,,,,,,,,,,,,,,,,,,,,,,,,,,,,,,,,,,,,,,,,,,,,,,,,,,,,,,,,,,,,,,,,,,,,,,,,,,,,,,,,,,,,,,,,,,,
4,1,2,3,0,8,This strategy applies a correction to existing MLP predictions by learning residuals between MLP and DFT energies.,4.1.2.3.0.8,,,,,,,,,,,,,,,,,,,,,,,,,,,,,,,,,,,,,,,,,,,,,,,,,,,,,,,,,,,,,,,,,,,,,,,,,,,,,,,,,,,,,,,,,,,,,,,,,,,
4,1,2,3,0,9,"It allows the reuse of baseline MLPs while introducing physics-informed calibration, improving ranking accuracy without fully retraining the model.",4.1.2.3.0.9,,,,,,,,,,,,,,,,,,,,,,,,,,,,,,,,,,,,,,,,,,,,,,,,,,,,,,,,,,,,,,,,,,,,,,,,,,,,,,,,,,,,,,,,,,,,,,,,,,,
4,1,3,1,0,10,Performance will be assessed using statistical correlation coefficients and overlap in Top-N rankings between DFT and MLP predictions.,4.1.3.1.0.10,,,,,,,,,,,,,,,,,,,,,,,,,,,,,,,,,,,,,,,,,,,,,,,,,,,,,,,,,,,,,,,,,,,,,,,,,,,,,,,,,,,,,,,,,,,,,,,,,,,
4,1,3,1,0,11,These metrics will provide fine-grained diagnostics of rank preservation.,4.1.3.1.0.11,,,,,,,,,,,,,,,,,,,,,,,,,,,,,,,,,,,,,,,,,,,,,,,,,,,,,,,,,,,,,,,,,,,,,,,,,,,,,,,,,,,,,,,,,,,,,,,,,,,
4,1,3,2,0,12,"Benchmarks will be applied across chemically diverse systems (C, Si, Ge, Sn), crystallographic orientations, and stacking shifts.",4.1.3.2.0.12,,,,,,,,,,,,,,,,,,,,,,,,,,,,,,,,,,,,,,,,,,,,,,,,,,,,,,,,,,,,,,,,,,,,,,,,,,,,,,,,,,,,,,,,,,,,,,,,,,,
4,1,3,2,0,13,Key figures include \texttt{results\_upper\_Si\_spearman\_dft\_dft\_vs\_dft\_mlp\_valid.png} and \texttt{results\_lower\_Ge\_kendall\_dft@dft\_vs\_dft@mlp\_invalid.png}.,4.1.3.2.0.13,,,,,,,,,,,,,,,,,,,,,,,,,,,,,,,,,,,,,,,,,,,,,,,,,,,,,,,,,,,,,,,,,,,,,,,,,,,,,,,,,,,,,,,,,,,,,,,,,,,
4,1,3,2,0,14,Reference datasets include \texttt{results.csv} and \texttt{stats.csv} (1381 interfaces; no train/test partition defined).,4.1.3.2.0.14,,,,,,,,,,,,,,,,,,,,,,,,,,,,,,,,,,,,,,,,,,,,,,,,,,,,,,,,,,,,,,,,,,,,,,,,,,,,,,,,,,,,,,,,,,,,,,,,,,,
4,1,3,2,1,15,"No explicit mechanism yet exists to identify and flag phase boundary rank inversions, though these could be extracted from \texttt{\_rank\_distance} fields.",4.1.3.2.1.15,,,,,,,,,,,,,,,,,,,,,,,,,,,,,,,,,,,,,,,,,,,,,,,,,,,,,,,,,,,,,,,,,,,,,,,,,,,,,,,,,,,,,,,,,,,,,,,,,,,
4,1,3,2,1,16,Future work may focus on visualising such transitions as indicators of model degradation.,4.1.3.2.1.16,,,,,,,,,,,,,,,,,,,,,,,,,,,,,,,,,,,,,,,,,,,,,,,,,,,,,,,,,,,,,,,,,,,,,,,,,,,,,,,,,,,,,,,,,,,,,,,,,,,
4,1,3,2,2,17,"Error magnitude may scale with system size, particularly in Sn-rich systems.",4.1.3.2.2.17,,,,,,,,,,,,,,,,,,,,,,,,,,,,,,,,,,,,,,,,,,,,,,,,,,,,,,,,,,,,,,,,,,,,,,,,,,,,,,,,,,,,,,,,,,,,,,,,,,,
4,1,3,2,2,18,"However, no current analysis addresses this dependency.",4.1.3.2.2.18,,,,,,,,,,,,,,,,,,,,,,,,,,,,,,,,,,,,,,,,,,,,,,,,,,,,,,,,,,,,,,,,,,,,,,,,,,,,,,,,,,,,,,,,,,,,,,,,,,,
4,1,3,2,2,19,A robustness study is recommended.,4.1.3.2.2.19,,,,,,,,,,,,,,,,,,,,,,,,,,,,,,,,,,,,,,,,,,,,,,,,,,,,,,,,,,,,,,,,,,,,,,,,,,,,,,,,,,,,,,,,,,,,,,,,,,,
4,1,3,2,3,20,"Missing or failed calculations are marked via \texttt{is\_broken}, but no summary or completeness tracker has been implemented.",4.1.3.2.3.20,,,,,,,,,,,,,,,,,,,,,,,,,,,,,,,,,,,,,,,,,,,,,,,,,,,,,,,,,,,,,,,,,,,,,,,,,,,,,,,,,,,,,,,,,,,,,,,,,,,
4,1,3,2,3,21,Future iterations may benefit from such a tool for data transparency.,4.1.3.2.3.21,,,,,,,,,,,,,,,,,,,,,,,,,,,,,,,,,,,,,,,,,,,,,,,,,,,,,,,,,,,,,,,,,,,,,,,,,,,,,,,,,,,,,,,,,,,,,,,,,,,
4,2,1,0,0,22,There is a plausible hypothesis that lower-energy surfaces form more stable interfaces.,4.2.1.0.0.22,,,,,,,,,,,,,,,,,,,,,,,,,,,,,,,,,,,,,,,,,,,,,,,,,,,,,,,,,,,,,,,,,,,,,,,,,,,,,,,,,,,,,,,,,,,,,,,,,,,
4,2,1,0,0,23,"Preliminary evidence supports this, particularly where interface terminations closely resemble bulk facets.",4.2.1.0.0.23,,,,,,,,,,,,,,,,,,,,,,,,,,,,,,,,,,,,,,,,,,,,,,,,,,,,,,,,,,,,,,,,,,,,,,,,,,,,,,,,,,,,,,,,,,,,,,,,,,,
4,2,2,1,0,24,"Using \texttt{surface\_energy\_matrix.csv}, future work will map surface energies to corresponding interface $\Delta E_\mathrm{IF}$ values, quantifying the predictive power of slab properties.",4.2.2.1.0.24,,,,,,,,,,,,,,,,,,,,,,,,,,,,,,,,,,,,,,,,,,,,,,,,,,,,,,,,,,,,,,,,,,,,,,,,,,,,,,,,,,,,,,,,,,,,,,,,,,,
4,2,2,1,0,25,"No current figure exists for this correlation, but it is planned for generation and inclusion in subsequent updates.",4.2.2.1.0.25,,,,,,,,,,,,,,,,,,,,,,,,,,,,,,,,,,,,,,,,,,,,,,,,,,,,,,,,,,,,,,,,,,,,,,,,,,,,,,,,,,,,,,,,,,,,,,,,,,,
4,2,3,1,0,26,"If consistent correlations are confirmed, surface energies could act as lightweight proxies in early screening pipelines, reducing the need for full interface enumeration.",4.2.3.1.0.26,,,,,,,,,,,,,,,,,,,,,,,,,,,,,,,,,,,,,,,,,,,,,,,,,,,,,,,,,,,,,,,,,,,,,,,,,,,,,,,,,,,,,,,,,,,,,,,,,,,
4,3,1,0,0,27,Parent symmetry (e.g. fcc vs diamond) and interface orientation (e.g. \{100\}|\{111\}) influence ranking fidelity.,4.3.1.0.0.27,,,,,,,,,,,,,,,,,,,,,,,,,,,,,,,,,,,,,,,,,,,,,,,,,,,,,,,,,,,,,,,,,,,,,,,,,,,,,,,,,,,,,,,,,,,,,,,,,,,
4,3,1,0,0,28,This necessitates a structural audit of prediction robustness.,4.3.1.0.0.28,,,,,,,,,,,,,,,,,,,,,,,,,,,,,,,,,,,,,,,,,,,,,,,,,,,,,,,,,,,,,,,,,,,,,,,,,,,,,,,,,,,,,,,,,,,,,,,,,,,
4,3,2,0,0,29,"The impact of Miller indices and lattice symmetry on rank preservation will be explored using grouped evaluations, with examples from \texttt{results\_lower\_Ge\_upper\_Sn\_kendall\_dft@dft\_vs\_mlp@mlp\_valid.png}.",4.3.2.0.0.29,,,,,,,,,,,,,,,,,,,,,,,,,,,,,,,,,,,,,,,,,,,,,,,,,,,,,,,,,,,,,,,,,,,,,,,,,,,,,,,,,,,,,,,,,,,,,,,,,,,
4,3,3,0,0,30,"If resources allow, extension to bcc and hcp systems could test the generality of the findings, though this lies beyond the scope of current data.",4.3.3.0.0.30,,,,,,,,,,,,,,,,,,,,,,,,,,,,,,,,,,,,,,,,,,,,,,,,,,,,,,,,,,,,,,,,,,,,,,,,,,,,,,,,,,,,,,,,,,,,,,,,,,,
4,4,1,0,0,31,"ARTEMIS-generated stacks, though consistent, impose alignment constraints.",4.4.1.0.0.31,,,,,,,,,,,,,,,,,,,,,,,,,,,,,,,,,,,,,,,,,,,,,,,,,,,,,,,,,,,,,,,,,,,,,,,,,,,,,,,,,,,,,,,,,,,,,,,,,,,
4,4,1,0,0,32,"RAFFLE offers a mechanism to interpolate interfacial zones, increase disorder, or induce registry shifts.",4.4.1.0.0.32,,,,,,,,,,,,,,,,,,,,,,,,,,,,,,,,,,,,,,,,,,,,,,,,,,,,,,,,,,,,,,,,,,,,,,,,,,,,,,,,,,,,,,,,,,,,,,,,,,,
4,4,2,0,0,33,Aligned stacking methods limit structural exploration and may fail to capture intermediate configurations present in experimental systems.,4.4.2.0.0.33,,,,,,,,,,,,,,,,,,,,,,,,,,,,,,,,,,,,,,,,,,,,,,,,,,,,,,,,,,,,,,,,,,,,,,,,,,,,,,,,,,,,,,,,,,,,,,,,,,,
4,4,3,0,0,34,"Using the \texttt{raffle\_generator} framework and reference energies from MACE, RAFFLE allows stochastic structural sampling within bounded interface zones.",4.4.3.0.0.34,,,,,,,,,,,,,,,,,,,,,,,,,,,,,,,,,,,,,,,,,,,,,,,,,,,,,,,,,,,,,,,,,,,,,,,,,,,,,,,,,,,,,,,,,,,,,,,,,,,
4,4,3,0,0,35,Visuals such as \texttt{upper\_a45\_b45\_c45.png} and \texttt{lower\_a45\_b45\_c45.png} represent generic orientation snapshots and are not RAFFLE-specific.,4.4.3.0.0.35,,,,,,,,,,,,,,,,,,,,,,,,,,,,,,,,,,,,,,,,,,,,,,,,,,,,,,,,,,,,,,,,,,,,,,,,,,,,,,,,,,,,,,,,,,,,,,,,,,,
4,4,4,1,0,36,"Initial slabs and orientations will be generated via ARTEMIS, while RAFFLE will introduce configurational variation within interfacial volumes.",4.4.4.1.0.36,,,,,,,,,,,,,,,,,,,,,,,,,,,,,,,,,,,,,,,,,,,,,,,,,,,,,,,,,,,,,,,,,,,,,,,,,,,,,,,,,,,,,,,,,,,,,,,,,,,
4,4,4,2,0,37,This approach is especially relevant to Si|Sn and Ge|Sn systems where lattice mismatch or registry discontinuity poses challenges for baseline methods.,4.4.4.2.0.37,,,,,,,,,,,,,,,,,,,,,,,,,,,,,,,,,,,,,,,,,,,,,,,,,,,,,,,,,,,,,,,,,,,,,,,,,,,,,,,,,,,,,,,,,,,,,,,,,,,
4,4,5,0,0,38,Relaxation comparisons will be made using both DFT and MLP pipelines to quantify RAFFLE\rqs impact on interface energy diversity and ranking stability.,4.4.5.0.0.38,,,,,,,,,,,,,,,,,,,,,,,,,,,,,,,,,,,,,,,,,,,,,,,,,,,,,,,,,,,,,,,,,,,,,,,,,,,,,,,,,,,,,,,,,,,,,,,,,,,
4,5,1,0,0,39,"The longer-term aim is to develop a model that, given a pair of slab surfaces, can predict the favourability of resulting interfaces without full relaxation or enumeration.",4.5.1.0.0.39,,,,,,,,,,,,,,,,,,,,,,,,,,,,,,,,,,,,,,,,,,,,,,,,,,,,,,,,,,,,,,,,,,,,,,,,,,,,,,,,,,,,,,,,,,,,,,,,,,,
4,5,2,1,0,40,"Descriptor sets will include known surface energetics and crystallographic identifiers, all extractable from existing data (\texttt{surface\_energy\_matrix.csv}).",4.5.2.1.0.40,,,,,,,,,,,,,,,,,,,,,,,,,,,,,,,,,,,,,,,,,,,,,,,,,,,,,,,,,,,,,,,,,,,,,,,,,,,,,,,,,,,,,,,,,,,,,,,,,,,
4,5,2,2,0,41,"Additional features will quantify interfacial registry, stoichiometry, mismatch, and coordination at the interface centre.",4.5.2.2.0.41,,,,,,,,,,,,,,,,,,,,,,,,,,,,,,,,,,,,,,,,,,,,,,,,,,,,,,,,,,,,,,,,,,,,,,,,,,,,,,,,,,,,,,,,,,,,,,,,,,,
4,5,2,2,0,42,These will be extracted from POSCAR data and relaxation outputs.,4.5.2.2.0.42,,,,,,,,,,,,,,,,,,,,,,,,,,,,,,,,,,,,,,,,,,,,,,,,,,,,,,,,,,,,,,,,,,,,,,,,,,,,,,,,,,,,,,,,,,,,,,,,,,,
4,5,3,1,0,43,"Early models may predict favourable/unfavourable (binary), or regress $\Delta E_\mathrm{IF}$ directly.",4.5.3.1.0.43,,,,,,,,,,,,,,,,,,,,,,,,,,,,,,,,,,,,,,,,,,,,,,,,,,,,,,,,,,,,,,,,,,,,,,,,,,,,,,,,,,,,,,,,,,,,,,,,,,,
4,5,3,1,0,44,Shallow decision trees or SVMs will be trialled before advancing to graph-based models.,4.5.3.1.0.44,,,,,,,,,,,,,,,,,,,,,,,,,,,,,,,,,,,,,,,,,,,,,,,,,,,,,,,,,,,,,,,,,,,,,,,,,,,,,,,,,,,,,,,,,,,,,,,,,,,
4,5,3,2,0,45,"The MLI predictor is envisioned as a low-cost filter to prioritise candidates before full relaxation, possibly integrating with ARTEMIS + RAFFLE pipelines.",4.5.3.2.0.45,,,,,,,,,,,,,,,,,,,,,,,,,,,,,,,,,,,,,,,,,,,,,,,,,,,,,,,,,,,,,,,,,,,,,,,,,,,,,,,,,,,,,,,,,,,,,,,,,,,
4,5,4,0,0,46,"If effective, MLI-driven suggestions will serve as inputs to stacked structure generation, enabling a fully machine-learning-driven discovery workflow.",4.5.4.0.0.46,,,,,,,,,,,,,,,,,,,,,,,,,,,,,,,,,,,,,,,,,,,,,,,,,,,,,,,,,,,,,,,,,,,,,,,,,,,,,,,,,,,,,,,,,,,,,,,,,,,
5,1,1,0,0,1,"This study investigated the extent to which machine-learned interatomic potentials (MLPs), specifically the MACE framework, can replicate interface favourability rankings computed via density functional theory (DFT) across various group-IV semiconductor systems, including carbon (C), silicon (Si), germanium (Ge), and tin (Sn).",5.1.1.0.0.1,,,,,,,,,,,,,,,,,,,,,,,,,,,,,,,,,,,,,,,,,,,,,,,,,,,,,,,,,,,,,,,,,,,,,,,,,,,,,,,,,,,,,,,,,,,,,,,,,,,
5,1,1,0,0,2,"The project involved automated structure generation with ARTEMIS, interface relaxation via both DFT and MLP, and evaluation of rank preservation using statistical metrics including Spearman and Kendall correlations, as well as Top-N overlap.",5.1.1.0.0.2,,,,,,,,,,,,,,,,,,,,,,,,,,,,,,,,,,,,,,,,,,,,,,,,,,,,,,,,,,,,,,,,,,,,,,,,,,,,,,,,,,,,,,,,,,,,,,,,,,,
5,1,2,1,0,3,The agreement between MLP and DFT was found to be system-dependent.,5.1.2.1.0.3,,,,,,,,,,,,,,,,,,,,,,,,,,,,,,,,,,,,,,,,,,,,,,,,,,,,,,,,,,,,,,,,,,,,,,,,,,,,,,,,,,,,,,,,,,,,,,,,,,,
5,1,2,1,0,4,"MLPs performed well for Ge and Sn systems, achieving high rank correlation and overlap with DFT rankings.",5.1.2.1.0.4,,,,,,,,,,,,,,,,,,,,,,,,,,,,,,,,,,,,,,,,,,,,,,,,,,,,,,,,,,,,,,,,,,,,,,,,,,,,,,,,,,,,,,,,,,,,,,,,,,,
5,1,2,1,0,5,"For Si, alignment was significantly poorer, with frequent rank reversals and diminished correlation metrics.",5.1.2.1.0.5,,,,,,,,,,,,,,,,,,,,,,,,,,,,,,,,,,,,,,,,,,,,,,,,,,,,,,,,,,,,,,,,,,,,,,,,,,,,,,,,,,,,,,,,,,,,,,,,,,,
5,1,2,2,0,6,Carbon results remain incomplete and thus inconclusive.,5.1.2.2.0.6,,,,,,,,,,,,,,,,,,,,,,,,,,,,,,,,,,,,,,,,,,,,,,,,,,,,,,,,,,,,,,,,,,,,,,,,,,,,,,,,,,,,,,,,,,,,,,,,,,,
5,1,2,2,0,7,Silicon systems exhibited persistent discrepancies between MLP and DFT rankings.,5.1.2.2.0.7,,,,,,,,,,,,,,,,,,,,,,,,,,,,,,,,,,,,,,,,,,,,,,,,,,,,,,,,,,,,,,,,,,,,,,,,,,,,,,,,,,,,,,,,,,,,,,,,,,,
5,1,2,2,0,8,"Germanium and tin interfaces, by contrast, showed favourable agreement, with strong rank preservation and good Top-N screening utility.",5.1.2.2.0.8,,,,,,,,,,,,,,,,,,,,,,,,,,,,,,,,,,,,,,,,,,,,,,,,,,,,,,,,,,,,,,,,,,,,,,,,,,,,,,,,,,,,,,,,,,,,,,,,,,,
5,1,2,3,0,9,"Although direct MLP-on-DFT-relaxed structure evaluations (MLP@DFT) were not included due to computational cost, the study revealed that relaxation--evaluation consistency (e.g. MLP@MLP vs DFT@DFT) influences error, and future cross-evaluation may further clarify error sources.",5.1.2.3.0.9,,,,,,,,,,,,,,,,,,,,,,,,,,,,,,,,,,,,,,,,,,,,,,,,,,,,,,,,,,,,,,,,,,,,,,,,,,,,,,,,,,,,,,,,,,,,,,,,,,,
5,2,1,0,0,10,Absolute energy discrepancies were evident but secondary to the study goal.,5.2.1.0.0.10,,,,,,,,,,,,,,,,,,,,,,,,,,,,,,,,,,,,,,,,,,,,,,,,,,,,,,,,,,,,,,,,,,,,,,,,,,,,,,,,,,,,,,,,,,,,,,,,,,,
5,2,1,0,0,11,More relevant was the preservation of ranking.,5.2.1.0.0.11,,,,,,,,,,,,,,,,,,,,,,,,,,,,,,,,,,,,,,,,,,,,,,,,,,,,,,,,,,,,,,,,,,,,,,,,,,,,,,,,,,,,,,,,,,,,,,,,,,,
5,2,1,0,0,12,"For Ge and Sn, MLPs captured the energetic hierarchy of interfaces with reasonable fidelity, while for Si, the energetic ordering was often disrupted.",5.2.1.0.0.12,,,,,,,,,,,,,,,,,,,,,,,,,,,,,,,,,,,,,,,,,,,,,,,,,,,,,,,,,,,,,,,,,,,,,,,,,,,,,,,,,,,,,,,,,,,,,,,,,,,
5,2,2,0,0,13,Top-N overlap and Spearman/Kendall rank statistics highlighted the utility of MLPs in screening contexts.,5.2.2.0.0.13,,,,,,,,,,,,,,,,,,,,,,,,,,,,,,,,,,,,,,,,,,,,,,,,,,,,,,,,,,,,,,,,,,,,,,,,,,,,,,,,,,,,,,,,,,,,,,,,,,,
5,2,2,0,0,14,"Even where absolute energies were misaligned, the preservation of top candidate rankings proved robust in Ge and Sn systems.",5.2.2.0.0.14,,,,,,,,,,,,,,,,,,,,,,,,,,,,,,,,,,,,,,,,,,,,,,,,,,,,,,,,,,,,,,,,,,,,,,,,,,,,,,,,,,,,,,,,,,,,,,,,,,,
5,2,3,0,0,15,MLPs offer clear advantages in computational speed and can safely be used for preliminary screening in certain systems.,5.2.3.0.0.15,,,,,,,,,,,,,,,,,,,,,,,,,,,,,,,,,,,,,,,,,,,,,,,,,,,,,,,,,,,,,,,,,,,,,,,,,,,,,,,,,,,,,,,,,,,,,,,,,,,
5,2,3,0,0,16,"However, their generalisation is inconsistent, especially in covalently bonded systems like Si.",5.2.3.0.0.16,,,,,,,,,,,,,,,,,,,,,,,,,,,,,,,,,,,,,,,,,,,,,,,,,,,,,,,,,,,,,,,,,,,,,,,,,,,,,,,,,,,,,,,,,,,,,,,,,,,
5,2,3,0,0,17,"Without targeted retraining, MLPs may mislead in these cases.",5.2.3.0.0.17,,,,,,,,,,,,,,,,,,,,,,,,,,,,,,,,,,,,,,,,,,,,,,,,,,,,,,,,,,,,,,,,,,,,,,,,,,,,,,,,,,,,,,,,,,,,,,,,,,,
5,3,1,1,0,18,The carbon dataset remains incomplete and cannot yet support definitive conclusions.,5.3.1.1.0.18,,,,,,,,,,,,,,,,,,,,,,,,,,,,,,,,,,,,,,,,,,,,,,,,,,,,,,,,,,,,,,,,,,,,,,,,,,,,,,,,,,,,,,,,,,,,,,,,,,,
5,3,1,1,0,19,Preliminary indications suggest that strong bonding and limited configurational diversity may pose challenges analogous to those observed in Si.,5.3.1.1.0.19,,,,,,,,,,,,,,,,,,,,,,,,,,,,,,,,,,,,,,,,,,,,,,,,,,,,,,,,,,,,,,,,,,,,,,,,,,,,,,,,,,,,,,,,,,,,,,,,,,,
5,3,1,2,0,20,"Across all iterations, Si consistently exhibited poor MLP--DFT agreement.",5.3.1.2.0.20,,,,,,,,,,,,,,,,,,,,,,,,,,,,,,,,,,,,,,,,,,,,,,,,,,,,,,,,,,,,,,,,,,,,,,,,,,,,,,,,,,,,,,,,,,,,,,,,,,,
5,3,1,2,0,21,This suggests intrinsic modelling difficulties rather than statistical noise.,5.3.1.2.0.21,,,,,,,,,,,,,,,,,,,,,,,,,,,,,,,,,,,,,,,,,,,,,,,,,,,,,,,,,,,,,,,,,,,,,,,,,,,,,,,,,,,,,,,,,,,,,,,,,,,
5,3,1,2,0,22,"The failures appear systematic, reinforcing the need for targeted improvements.",5.3.1.2.0.22,,,,,,,,,,,,,,,,,,,,,,,,,,,,,,,,,,,,,,,,,,,,,,,,,,,,,,,,,,,,,,,,,,,,,,,,,,,,,,,,,,,,,,,,,,,,,,,,,,,
5,3,1,3,0,23,"For both Ge and Sn, MLPs reliably preserved DFT-derived rankings.",5.3.1.3.0.23,,,,,,,,,,,,,,,,,,,,,,,,,,,,,,,,,,,,,,,,,,,,,,,,,,,,,,,,,,,,,,,,,,,,,,,,,,,,,,,,,,,,,,,,,,,,,,,,,,,
5,3,1,3,0,24,"These systems are likely well-represented in the MACE training dataset, and their more metallic bonding character may aid accurate regression of energies.",5.3.1.3.0.24,,,,,,,,,,,,,,,,,,,,,,,,,,,,,,,,,,,,,,,,,,,,,,,,,,,,,,,,,,,,,,,,,,,,,,,,,,,,,,,,,,,,,,,,,,,,,,,,,,,
5,3,2,0,0,25,Perfect alloy systems showed tighter rank correlation and lower error dispersion than heterostructures.,5.3.2.0.0.25,,,,,,,,,,,,,,,,,,,,,,,,,,,,,,,,,,,,,,,,,,,,,,,,,,,,,,,,,,,,,,,,,,,,,,,,,,,,,,,,,,,,,,,,,,,,,,,,,,,
5,4,1,1,0,26,MLPs may struggle with the directional covalent bonding and short bond lengths characteristic of Si.,5.4.1.1.0.26,,,,,,,,,,,,,,,,,,,,,,,,,,,,,,,,,,,,,,,,,,,,,,,,,,,,,,,,,,,,,,,,,,,,,,,,,,,,,,,,,,,,,,,,,,,,,,,,,,,
5,4,1,1,0,27,These features introduce sensitivity to structural distortions that are difficult to learn from sparse data.,5.4.1.1.0.27,,,,,,,,,,,,,,,,,,,,,,,,,,,,,,,,,,,,,,,,,,,,,,,,,,,,,,,,,,,,,,,,,,,,,,,,,,,,,,,,,,,,,,,,,,,,,,,,,,,
5,4,1,2,0,28,"It is likely that the MACE training set lacks sufficient coverage of interfacial Si environments, especially those with reconstructed surfaces and strained bonds.",5.4.1.2.0.28,,,,,,,,,,,,,,,,,,,,,,,,,,,,,,,,,,,,,,,,,,,,,,,,,,,,,,,,,,,,,,,,,,,,,,,,,,,,,,,,,,,,,,,,,,,,,,,,,,,
5,4,2,1,0,29,The current data cannot confirm whether Si represents a broader warning about MLP application or a special case.,5.4.2.1.0.29,,,,,,,,,,,,,,,,,,,,,,,,,,,,,,,,,,,,,,,,,,,,,,,,,,,,,,,,,,,,,,,,,,,,,,,,,,,,,,,,,,,,,,,,,,,,,,,,,,,
5,4,2,1,0,30,Additional experiments with other covalently bonded systems are required to determine generalisability.,5.4.2.1.0.30,,,,,,,,,,,,,,,,,,,,,,,,,,,,,,,,,,,,,,,,,,,,,,,,,,,,,,,,,,,,,,,,,,,,,,,,,,,,,,,,,,,,,,,,,,,,,,,,,,,
5,5,1,0,0,31,MLPs appear trustworthy when used to rank candidates in systems whose bonding and local structures are well-represented in the training data.,5.5.1.0.0.31,,,,,,,,,,,,,,,,,,,,,,,,,,,,,,,,,,,,,,,,,,,,,,,,,,,,,,,,,,,,,,,,,,,,,,,,,,,,,,,,,,,,,,,,,,,,,,,,,,,
5,5,1,0,0,32,Screening workflows benefit most from MLPs in Ge and Sn contexts.,5.5.1.0.0.32,,,,,,,,,,,,,,,,,,,,,,,,,,,,,,,,,,,,,,,,,,,,,,,,,,,,,,,,,,,,,,,,,,,,,,,,,,,,,,,,,,,,,,,,,,,,,,,,,,,
5,5,2,0,0,33,"The results support the need for delta-correction approaches, particularly for challenging systems like Si.",5.5.2.0.0.33,,,,,,,,,,,,,,,,,,,,,,,,,,,,,,,,,,,,,,,,,,,,,,,,,,,,,,,,,,,,,,,,,,,,,,,,,,,,,,,,,,,,,,,,,,,,,,,,,,,
5,5,2,0,0,34,Hybrid workflows that combine MLP-based pre-screening with DFT confirmation for top candidates offer a balanced path forward.,5.5.2.0.0.34,,,,,,,,,,,,,,,,,,,,,,,,,,,,,,,,,,,,,,,,,,,,,,,,,,,,,,,,,,,,,,,,,,,,,,,,,,,,,,,,,,,,,,,,,,,,,,,,,,,
5,5,2,1,0,35,"This study underscores the importance of benchmarking MLPs using rank-based metrics, not just energy errors.",5.5.2.1.0.35,,,,,,,,,,,,,,,,,,,,,,,,,,,,,,,,,,,,,,,,,,,,,,,,,,,,,,,,,,,,,,,,,,,,,,,,,,,,,,,,,,,,,,,,,,,,,,,,,,,
5,5,2,1,0,36,Rank preservation aligns more closely with practical use in structure discovery.,5.5.2.1.0.36,,,,,,,,,,,,,,,,,,,,,,,,,,,,,,,,,,,,,,,,,,,,,,,,,,,,,,,,,,,,,,,,,,,,,,,,,,,,,,,,,,,,,,,,,,,,,,,,,,,
5,6,1,0,0,37,"This work demonstrates that while current general-purpose MLPs like MACE can preserve interface rankings in selected systems, their utility is uneven.",5.6.1.0.0.37,,,,,,,,,,,,,,,,,,,,,,,,,,,,,,,,,,,,,,,,,,,,,,,,,,,,,,,,,,,,,,,,,,,,,,,,,,,,,,,,,,,,,,,,,,,,,,,,,,,
5,6,1,0,0,38,The study identifies conditions under which MLPs can be safely used and highlights where caution or additional training is warranted.,5.6.1.0.0.38,,,,,,,,,,,,,,,,,,,,,,,,,,,,,,,,,,,,,,,,,,,,,,,,,,,,,,,,,,,,,,,,,,,,,,,,,,,,,,,,,,,,,,,,,,,,,,,,,,,
5,6,2,0,0,39,"By enabling rapid, large-scale screening of interfacial configurations in certain systems, this work lays the groundwork for accelerated discovery of novel interfaces.",5.6.2.0.0.39,,,,,,,,,,,,,,,,,,,,,,,,,,,,,,,,,,,,,,,,,,,,,,,,,,,,,,,,,,,,,,,,,,,,,,,,,,,,,,,,,,,,,,,,,,,,,,,,,,,
5,6,2,0,0,40,Continued refinement of MLPs and integrated hybrid workflows will be essential to extend this capability to the full range of materials relevant for device engineering.,5.6.2.0.0.40,,,,,,,,,,,,,,,,,,,,,,,,,,,,,,,,,,,,,,,,,,,,,,,,,,,,,,,,,,,,,,,,,,,,,,,,,,,,,,,,,,,,,,,,,,,,,,,,,,,
