name,interface_number,shift_number,swap_number,material_lower,material_lower_primitive_cell,material_lower_percent,material_lower_bulk_n,material_lower_bulk_E_dft,material_lower_bulk_E_mlp,material_lower_termination_min_layer_loc,material_lower_termination_max_layer_loc,material_lower_termination_n_atoms,material_lower_miller_hkl,material_lower_miller_h,material_lower_miller_k,material_lower_miller_l,material_upper,material_upper_primitive_cell,material_upper_bulk_n,material_upper_bulk_E_dft,material_upper_bulk_E_mlp,material_upper_termination_min_layer_loc,material_upper_termination_max_layer_loc,material_upper_termination_n_atoms,material_upper_miller_hkl,material_upper_miller_h,material_upper_miller_k,material_upper_miller_l,material_shift_a,material_shift_b,material_shift_c,material_vector_mismatch_%,material_angle_mismatch_°,material_area_mismatch_%,interface_atoms_n,interface_electron_n,interface_E_dft@dft,interface_E_dft@mlp,interface_E_bulk_form_dft,interface_E_form_delta_dft@dft,interface_E_form_delta_dft@mlp,interface_compute_nodes_dft,interface_compute_time_seconds,interface_compute_time_per_electron_dft,interface_E_mlp@mlp,interface_E_mlp@dft,interface_E_bulk_form_mlp,interface_E_form_delta_mlp@mlp,interface_E_form_delta_mlp@dft,interface_compute_nodes_mlp,interface_compute_time_seconds_mlp,interface_compute_time_per_electron_mlp,mlp_n_times_faster,dft_mlp_rank_distance,fill_colour,is_shift,is_swap,is_valid,is_comparable_dft@dft_mlp@mlp,dft@dft_vs_mlp@mlp_rank_dft,dft@dft_vs_mlp@mlp_rank_mlp,dft@dft_vs_mlp@mlp_rank_distance,dft@dft_vs_mlp@mlp_line_colour,is_comparable_dft@dft_dft@mlp,dft@dft_vs_dft@mlp_rank_dft,dft@dft_vs_dft@mlp_rank_mlp,dft@dft_vs_dft@mlp_rank_distance,dft@dft_vs_dft@mlp_line_colour,is_comparable_mlp@dft_mlp@mlp,mlp@dft_vs_mlp@mlp_rank_dft,mlp@dft_vs_mlp@mlp_rank_mlp,mlp@dft_vs_mlp@mlp_rank_distance,mlp@dft_vs_mlp@mlp_line_colour,is_broken
120_Si36C84_012_012_a0.12963_b0.617284_c1.482413_interface1shift1,1,1,1,Si,False,6.666666666666667,8,-42.60220066,-45.400925,-0.04167,0.04167,6,012,0,1,2,C,False,8,-69.80589084,-74.136955,0.29167,0.375,14,012,0,1,2,0.12963,0.617284,1.482413,0.319951773,0.0,0.640940666,120,480,-792.28481032,-841.063149,-7.025505718750001,-5.665639323500001,-6.012710575,4,,12.05,-920.942715,,-7.4711175,-6.678373625000001,,1,,11.385416666666666,1.0583714547118026,,"(0.43137254901960786, 0.13333333333333333, 0.8666666666666667)",True,False,True,True,54,50,4,"(0.07058823529411765, 0.9254901960784314, 0.0)",True,54,63,9,"(0.1411764705882353, 0.8549019607843137, 0.0)",False,,,,,False
380_Si72C308_111_111_a0.045455_b0.007576_c2.163935_interface6shift5,6,5,5,Si,False,2.1052631578947367,8,-42.60220066,-45.400925,-0.03508,0.03508,12,111,1,1,1,C,False,8,-69.80589084,-74.136955,0.19792,0.21875,28,111,1,1,1,0.045455,0.007576,2.163935,0.319956511,0.0,0.640952587,380,1520,,,,,,4,,,,,,,,1,,,,,,True,False,False,False,,,,,False,,,,,False,,,,,
120_Si36C84_012_012_a0.314815_b0.067901_c1.482413_interface10shift5,10,5,5,Si,False,6.666666666666667,8,-42.60220066,-45.400925,-0.04167,0.04167,6,012,0,1,2,C,False,8,-69.80589084,-74.136955,-0.04167,0.04167,14,012,0,1,2,0.314815,0.067901,1.482413,0.319951773,6.83e-06,0.640940666,120,480,-796.05717319,-846.531729,-7.025505718750001,-5.69707568075,-6.058282074999999,4,,11.975,-928.13634,,-7.4711175,-6.7383204999999995,,1,,6.16875,1.9412360688956432,,"(0.43137254901960786, 0.13333333333333333, 0.8666666666666667)",True,False,True,True,18,21,3,"(0.1411764705882353, 0.8549019607843137, 0.0)",True,18,14,4,"(0.2196078431372549, 0.7764705882352941, 0.0)",False,,,,,False
120_Si72Ge48_013_114_a0.308642_b0.076023_c1.486532_interface2shift3,2,3,3,Si,False,6.666666666666667,8,-42.60220066,-45.400925,0.125,0.20833,12,013,0,1,3,Ge,False,8,-35.08485951,-38.831661,-0.04167,0.04167,8,114,1,1,4,0.308642,0.076023,1.486532,1.781901121,0.0,2.930992842,120,480,-519.82901922,-578.613518,-4.855441260625,-3.6845163254166664,-4.1198410999999995,4,,7.525,-617.058968,,-5.264536625,-4.44021985,,1,,4.610416666666667,1.6321735201084502,,"(0.43137254901960786, 0.13333333333333333, 0.8666666666666667)",True,False,True,True,282,277,5,"(0.01568627450980392, 0.9803921568627451, 0.0)",True,282,282,0,"(0.0, 1.0, 0.0)",False,,,,,False
264_Si156Sn108_001_001_a0.276923_b0.041026_c2.1_interface1shift4swap8,1,4,4,Si,False,3.0303030303030303,8,-42.60220066,-45.400925,-0.04051,0.04051,26,001,0,0,1,Sn,False,8,-29.90800429,-34.349418,-0.0339,0.0339,18,001,0,0,1,0.276923,0.041026,2.1,0.582945824,0.0,1.162487268,264,1056,-1096.23261932,-1212.705901,-4.531887809375,-3.877736418068181,,4,,27.522727272727273,,,,,,1,,,,,,True,True,False,False,,,,,False,,,,,False,,,,,
24_Si24_001_001_a0.0_b0.0_c0.0_interface7shift1,7,1,1,Si,False,33.33333333333333,8,-42.60220066,-45.400925,-0.04051,0.04051,2,001,0,0,1,Si,False,8,-42.60220066,-45.400925,-0.04051,0.04051,2,001,0,0,1,0.0,0.0,0.0,0.0,0.0,0.0,24,96,39.20221918,15.425487,-5.3252750825,5.1836091875,4.426139041666667,4,,2.875,-124.197694,,-5.675115625,-1.3914935,,1,,0.8958333333333334,3.2093023255813953,,"(0.16470588235294117, 0.6627450980392157, 0.3333333333333333)",False,False,False,True,322,349,27,"(0.07450980392156863, 0.9215686274509803, 0.0)",True,322,321,1,"(0.0, 0.996078431372549, 0.0)",False,,,,,False
156_Si72Ge84_112_001_a0.0_b0.0_c0.0_interface16shift1,16,1,1,Si,False,5.128205128205128,8,-42.60220066,-45.400925,-0.04167,0.04167,12,112,1,1,2,Ge,False,8,-35.08485951,-38.831661,-0.03888,0.03888,14,001,0,0,1,0.0,0.0,0.0,4.176025867,0.380735219,3.380048275,156,624,257.43281699,-26.468339,-4.855441260625,2.148204340769231,,4,,10.26923076923077,,,,,,1,,,,,,False,False,False,False,,,,,False,,,,,False,,,,,
120_Si36C84_012_012_a0.863636_b0.117284_c1.680068_interface9shift3,9,3,3,Si,False,6.666666666666667,8,-42.60220066,-45.400925,-0.04167,0.04167,6,012,0,1,2,C,False,8,-69.80589084,-74.136955,-0.04167,0.04167,14,012,0,1,2,0.863636,0.117284,1.680068,0.319951773,6.83e-06,0.640940666,120,480,-790.55820016,-841.429598,-7.025505718750001,-5.6512509055,-6.015764316666667,4,,8.675,-921.053528,,-7.4711175,-6.679297066666667,,1,,6.004166666666666,1.4448299791811243,,"(0.43137254901960786, 0.13333333333333333, 0.8666666666666667)",True,False,True,True,58,49,9,"(0.15294117647058825, 0.8431372549019608, 0.0)",True,58,56,2,"(0.03137254901960784, 0.9647058823529412, 0.0)",False,,,,,False
380_Si72C308_111_111_a0.045455_b0.068182_c2.163935_interface4shift3,4,3,3,Si,False,2.1052631578947367,8,-42.60220066,-45.400925,0.29825,0.36841,12,111,1,1,1,C,False,8,-69.80589084,-74.136955,0.19792,0.21875,28,111,1,1,1,0.045455,0.068182,2.163935,0.319956511,0.0,0.640952587,380,1520,,,,,,4,,,,,,,,1,,,,,,True,False,False,False,,,,,False,,,,,False,,,,,
96_Si48Sn48_112_111_a0.860215_b0.150327_c1.480958_interface2shift4,2,4,4,Si,False,8.333333333333332,8,-42.60220066,-45.400925,-0.04167,0.04167,8,112,1,1,2,Sn,False,8,-29.90800429,-34.349418,-0.02936,0.02936,8,111,1,1,1,0.860215,0.150327,1.480958,3.476550341,0.0,0.950312614,96,384,,,,,,4,,,-474.500942,,-4.9843964375,-4.11198540625,,1,,9.143229166666666,,,,True,False,False,False,,,,,False,,,,,False,,,,,False
120_Si72Ge48_011_001_a0.368421_b0.222222_c2.163935_interface6shift4swap4,6,4,4,Si,False,6.666666666666667,8,-42.60220066,-45.400925,-0.02864,0.02864,12,011,0,1,1,Ge,False,8,-35.08485951,-38.831661,-0.03888,0.03888,8,001,0,0,1,0.368421,0.222222,2.163935,4.176024914,0.0,2.319717407,120,480,-575.08440535,-622.892851,-4.855441260625,-4.1449778765,-4.488835541666666,4,,5.525,-631.759595,,-5.264536625,-4.5627250749999995,,1,,1.4666666666666666,3.767045454545455,,"(0.43137254901960786, 0.13333333333333333, 0.8666666666666667)",True,True,True,True,149,257,108,"(0.4196078431372549, 0.5764705882352941, 0.0)",True,149,150,1,"(0.00392156862745098, 0.9921568627450981, 0.0)",False,,,,,False
60_Si36Sn24_012_012_a0.0_b0.0_c0.0_interface15shift1,15,1,1,Si,False,13.333333333333334,8,-42.60220066,-45.400925,-0.04167,0.04167,6,012,0,1,2,Sn,False,8,-29.90800429,-34.349418,-0.04167,0.04167,4,012,0,1,2,0.0,0.0,0.0,2.441372156,0.0,4.823124409,60,240,306.28930932,566.15866,-4.531887809375,6.313325237833333,10.76515005,4,,9.6,-299.510759,,-4.9843964375,-3.6626736,,1,,3.1708333333333334,3.0275952693823913,,"(0.36470588235294116, 0.26666666666666666, 0.7333333333333333)",False,False,False,True,330,332,2,"(0.00392156862745098, 0.9921568627450981, 0.0)",True,330,327,3,"(0.00784313725490196, 0.9882352941176471, 0.0)",False,,,,,False
380_Si72C308_111_111_a0.0_b0.0_c0.0_interface18shift1,18,1,1,Si,False,2.1052631578947367,8,-42.60220066,-45.400925,-0.03508,0.03508,12,111,1,1,1,C,False,8,-69.80589084,-74.136955,0.19792,0.21875,28,111,1,1,1,0.0,0.0,0.0,0.319956511,6.83e-06,0.640952587,380,1520,,,,,,4,,,,,,,,1,,,,,,False,False,False,False,,,,,False,,,,,False,,,,,
120_Si72Ge48_013_114_a0.135802_b0.520468_c1.38743_interface3shift6,3,6,6,Si,False,6.666666666666667,8,-42.60220066,-45.400925,0.125,0.20833,12,013,0,1,3,Ge,False,8,-35.08485951,-38.831661,-0.04167,0.04167,8,114,1,1,4,0.135802,0.520468,1.38743,1.781901121,0.0,2.930992842,120,480,-539.47933197,-595.779167,-4.855441260625,-3.8482689316666665,-4.262888175,4,,6.583333333333333,-619.171428,,-5.264536625,-4.457823683333333,,1,,6.575,1.0012674271229403,,"(0.43137254901960786, 0.13333333333333333, 0.8666666666666667)",True,False,True,True,269,272,3,"(0.00784313725490196, 0.9882352941176471, 0.0)",True,269,253,16,"(0.058823529411764705, 0.9372549019607843, 0.0)",False,,,,,False
120_Si36C84_012_012_a0.643939_b0.024691_c1.482413_interface16shift4,16,4,4,Si,False,6.666666666666667,8,-42.60220066,-45.400925,-0.04167,0.04167,6,012,0,1,2,C,False,8,-69.80589084,-74.136955,0.29167,0.375,14,012,0,1,2,0.643939,0.024691,1.482413,0.319951773,6.83e-06,0.640940666,120,480,-795.20115567,-845.249174,-7.025505718750001,-5.689942201416668,-6.047594116666667,4,,7.716666666666667,-922.328484,,-7.4711175,-6.6899217,,1,,6.752083333333333,1.1428571428571428,,"(0.43137254901960786, 0.13333333333333333, 0.8666666666666667)",True,False,True,True,26,37,11,"(0.29411764705882354, 0.7019607843137254, 0.0)",True,26,27,1,"(0.03529411764705882, 0.9607843137254902, 0.0)",False,,,,,False
84_Si36Ge48_001_011_a0.471698_b0.092593_c1.967213_interface7shift8,7,8,8,Si,False,9.523809523809524,8,-42.60220066,-45.400925,-0.04051,0.04051,6,001,0,0,1,Ge,False,8,-35.08485951,-38.831661,-0.0275,0.0275,8,011,0,1,1,0.471698,0.092593,1.967213,4.176025867,0.0,2.319717407,84,336,-386.32231361,-422.936697,-4.855441260625,-3.6742292076190473,-4.032191797619047,4,,8.547619047619047,-431.918117,,-5.264536625,-4.139113464285715,,1,,1.630952380952381,5.240875912408759,,"(0.4, 0.18823529411764706, 0.807843137254902)",True,False,True,True,291,319,28,"(0.08627450980392157, 0.9098039215686274, 0.0)",True,291,285,6,"(0.0196078431372549, 0.9764705882352941, 0.0)",False,,,,,False
120_Si36C84_012_012_a0.283951_b0.709877_c0.988275_interface2shift5,2,5,5,Si,False,6.666666666666667,8,-42.60220066,-45.400925,-0.04167,0.04167,6,012,0,1,2,C,False,8,-69.80589084,-74.136955,-0.04167,0.04167,14,012,0,1,2,0.283951,0.709877,0.988275,0.319951773,0.0,0.640940666,120,480,-789.98471118,-841.708357,-7.025505718750001,-5.646471830666667,-6.018087308333333,4,,10.15,-912.694016,,-7.4711175,-6.609634466666667,,1,,8.302083333333334,1.2225846925972397,,"(0.43137254901960786, 0.13333333333333333, 0.8666666666666667)",True,False,True,True,67,75,8,"(0.10588235294117647, 0.8901960784313725, 0.0)",True,67,50,17,"(0.25098039215686274, 0.7450980392156863, 0.0)",False,,,,,False
120_Si36C84_012_012_a0.864198_b0.030864_c1.18593_interface10shift6,10,6,6,Si,False,6.666666666666667,8,-42.60220066,-45.400925,-0.04167,0.04167,6,012,0,1,2,C,False,8,-69.80589084,-74.136955,-0.04167,0.04167,14,012,0,1,2,0.864198,0.030864,1.18593,0.319951773,6.83e-06,0.640940666,120,480,-795.63459803,-847.857185,-7.025505718750001,-5.693554221083334,-6.0693275416666665,4,,10.025,-937.209862,,-7.4711175,-6.813933183333334,,1,,11.05625,0.9067269643866591,,"(0.43137254901960786, 0.13333333333333333, 0.8666666666666667)",True,False,True,True,23,4,19,"(0.8235294117647058, 0.17254901960784313, 0.0)",True,23,11,12,"(0.5215686274509804, 0.4745098039215686, 0.0)",False,,,,,False
264_Si156Sn108_001_001_a0.276923_b0.041026_c2.1_interface1shift6swap4,1,6,6,Si,False,3.0303030303030303,8,-42.60220066,-45.400925,-0.04051,0.04051,26,001,0,0,1,Sn,False,8,-29.90800429,-34.349418,-0.0339,0.0339,18,001,0,0,1,0.276923,0.041026,2.1,0.582945824,0.0,1.162487268,264,1056,-1095.68277428,-1210.158311,-4.531887809375,-3.8756536717045456,-4.281848363636364,4,,26.96590909090909,-1304.398782,,-4.9843964375,-4.63881984469697,,1,,5.287878787878788,5.099570200573066,,"(0.4666666666666667, 0.058823529411764705, 0.9372549019607843)",True,True,True,True,235,130,105,"(0.44313725490196076, 0.5529411764705883, 0.0)",True,235,236,1,"(0.00392156862745098, 0.9921568627450981, 0.0)",False,,,,,False
264_Si156Sn108_001_001_a0.276923_b0.041026_c2.1_interface1shift2swap2,1,2,2,Si,False,3.0303030303030303,8,-42.60220066,-45.400925,-0.04051,0.04051,26,001,0,0,1,Sn,False,8,-29.90800429,-34.349418,-0.0339,0.0339,18,001,0,0,1,0.276923,0.041026,2.1,0.582945824,0.0,1.162487268,264,1056,-1098.15980966,-1212.707255,-4.531887809375,-3.8850363814772724,-4.291503454545455,4,,25.931818181818183,-1304.503785,,-4.9843964375,-4.639217583333334,,1,,3.9829545454545454,6.510699001426534,,"(0.4666666666666667, 0.058823529411764705, 0.9372549019607843)",True,True,True,True,220,129,91,"(0.4117647058823529, 0.5843137254901961, 0.0)",True,220,225,5,"(0.0196078431372549, 0.9764705882352941, 0.0)",False,,,,,False
120_Si72Ge48_013_114_a0.302469_b0.076023_c1.486532_interface3shift1,3,1,1,Si,False,6.666666666666667,8,-42.60220066,-45.400925,0.125,0.20833,12,013,0,1,3,Ge,False,8,-35.08485951,-38.831661,-0.04167,0.04167,8,114,1,1,4,0.302469,0.076023,1.486532,1.781901121,0.0,2.930992842,120,480,-519.83156685,-578.622773,-4.855441260625,-3.684537555666666,-4.119918225,4,,7.458333333333333,-616.11855,,-5.264536625,-4.432383033333334,,1,,3.247916666666667,2.2963438101347013,,"(0.43137254901960786, 0.13333333333333333, 0.8666666666666667)",True,False,True,True,277,283,6,"(0.0196078431372549, 0.9764705882352941, 0.0)",True,277,277,0,"(0.0, 1.0, 0.0)",False,,,,,False
120_Si72Ge48_013_114_a0.049383_b0.076023_c1.486532_interface3shift4,3,4,4,Si,False,6.666666666666667,8,-42.60220066,-45.400925,0.125,0.20833,12,013,0,1,3,Ge,False,8,-35.08485951,-38.831661,-0.04167,0.04167,8,114,1,1,4,0.049383,0.076023,1.486532,1.781901121,0.0,2.930992842,120,480,-519.83486571,-578.622972,-4.855441260625,-3.684565046166667,-4.119919883333333,4,,7.491666666666666,-616.131629,,-5.264536625,-4.432492024999999,,1,,3.65625,2.0490028490028487,,"(0.43137254901960786, 0.13333333333333333, 0.8666666666666667)",True,False,True,True,275,282,7,"(0.023529411764705882, 0.9725490196078431, 0.0)",True,275,275,0,"(0.0, 1.0, 0.0)",False,,,,,False
156_Si108Ge48_001_114_a0.0_b0.0_c0.0_interface9shift1,9,1,1,Si,False,5.128205128205128,8,-42.60220066,-45.400925,-0.04051,0.04051,18,001,0,0,1,Ge,False,8,-35.08485951,-38.831661,-0.04167,0.04167,8,114,1,1,4,0.0,0.0,0.0,4.17603159,0.0,2.319717407,156,624,4081.85103138,68951.603355,-4.855441260625,26.663705715064104,442.5374098782051,4,,12.679487179487179,-822.427707,,-5.264536625,-4.732020006410257,,1,,7.5881410256410255,1.6709609292502638,,"(0.44313725490196076, 0.10196078431372549, 0.8941176470588236)",False,False,False,True,339,109,230,"(0.6784313725490196, 0.3176470588235294, 0.0)",True,339,339,0,"(0.0, 1.0, 0.0)",False,,,,,False
96_Si48Sn48_112_111_a0.365591_b0.156863_c1.480959_interface3shift1,3,1,1,Si,False,8.333333333333332,8,-42.60220066,-45.400925,-0.04167,0.04167,8,112,1,1,2,Sn,False,8,-29.90800429,-34.349418,-0.02936,0.02936,8,111,1,1,1,0.365591,0.156863,1.480959,3.476550341,0.0,0.950312614,96,384,,,,,,4,,,-474.394526,,-4.9843964375,-4.11087690625,,1,,3.3177083333333335,,,,True,False,False,False,,,,,False,,,,,False,,,,,False
204_Si108Ge96_001_001_a0.0_b0.0_c0.0_interface12shift1,12,1,1,Si,False,3.9215686274509802,8,-42.60220066,-45.400925,-0.04051,0.04051,18,001,0,0,1,Ge,False,8,-35.08485951,-38.831661,-0.03888,0.03888,16,001,0,0,1,0.0,0.0,0.0,1.781901121,0.0,3.53205204,204,816,6058.04221643,130570.361978,-4.855441260625,30.07710429705882,640.4636988431372,4,,25.220588235294116,-1050.831957,,-5.264536625,-4.738232210784314,,1,,6.3504901960784315,3.9714395986105746,,"(0.4588235294117647, 0.0784313725490196, 0.9215686274509803)",False,False,False,True,341,107,234,"(0.6823529411764706, 0.3137254901960784, 0.0)",True,341,340,1,"(0.0, 0.996078431372549, 0.0)",False,,,,,False
120_Si72Ge48_011_001_a0.368421_b0.222222_c2.163935_interface6shift8,6,8,8,Si,False,6.666666666666667,8,-42.60220066,-45.400925,-0.02864,0.02864,12,011,0,1,1,Ge,False,8,-35.08485951,-38.831661,-0.03888,0.03888,8,001,0,0,1,0.368421,0.222222,2.163935,4.176024914,0.0,2.319717407,120,480,-578.44370339,-624.369925,-4.855441260625,-4.1729720268333335,-4.501144491666666,4,,9.775,-634.886533,,-5.264536625,-4.588782891666667,,1,,1.5208333333333333,6.427397260273973,,"(0.43137254901960786, 0.13333333333333333, 0.8666666666666667)",True,False,True,True,95,188,93,"(0.49411764705882355, 0.5019607843137255, 0.0)",True,95,121,26,"(0.21176470588235294, 0.7843137254901961, 0.0)",False,,,,,False
84_Si36Ge48_001_011_a0.471698_b0.17284_c1.967213_interface7shift6,7,6,6,Si,False,9.523809523809524,8,-42.60220066,-45.400925,-0.04051,0.04051,6,001,0,0,1,Ge,False,8,-35.08485951,-38.831661,-0.0275,0.0275,8,011,0,1,1,0.471698,0.17284,1.967213,4.176025867,0.0,2.319717407,84,336,-386.33176837,-422.9342,-4.855441260625,-3.674341764285715,-4.032162071428571,4,,10.011904761904763,-431.91881,,-5.264536625,-4.139121714285714,,1,,1.6428571428571428,6.0942028985507255,,"(0.4, 0.18823529411764706, 0.807843137254902)",True,False,True,True,288,314,26,"(0.08235294117647059, 0.9137254901960784, 0.0)",True,288,289,1,"(0.0, 0.996078431372549, 0.0)",False,,,,,False
120_Si72Ge48_011_001_a0.368421_b0.222222_c2.163935_interface6shift8swap3,6,8,8,Si,False,6.666666666666667,8,-42.60220066,-45.400925,-0.02864,0.02864,12,011,0,1,1,Ge,False,8,-35.08485951,-38.831661,-0.03888,0.03888,8,001,0,0,1,0.368421,0.222222,2.163935,4.176024914,0.0,2.319717407,120,480,-575.29497907,-623.211844,-4.855441260625,-4.146732657499999,-4.491493816666667,4,,10.558333333333334,-634.660505,,-5.264536625,-4.586899325,,1,,1.79375,5.886178861788618,,"(0.43137254901960786, 0.13333333333333333, 0.8666666666666667)",True,True,True,True,133,194,61,"(0.3137254901960784, 0.6823529411764706, 0.0)",True,133,135,2,"(0.011764705882352941, 0.984313725490196, 0.0)",False,,,,,False
264_Si156Sn108_001_001_a0.276923_b0.041026_c2.1_interface1shift1swap2,1,1,1,Si,False,3.0303030303030303,8,-42.60220066,-45.400925,-0.04051,0.04051,26,001,0,0,1,Sn,False,8,-29.90800429,-34.349418,-0.0339,0.0339,18,001,0,0,1,0.276923,0.041026,2.1,0.582945824,0.0,1.162487268,264,1056,-1098.3594169,-1212.891274,-4.531887809375,-3.8857924695075754,-4.292200496212121,4,,25.848484848484848,-1304.068491,,-4.9843964375,-4.637568742424243,,1,,4.082386363636363,6.331709580143818,,"(0.4666666666666667, 0.058823529411764705, 0.9372549019607843)",True,True,True,True,218,136,82,"(0.37254901960784315, 0.6235294117647059, 0.0)",True,218,224,6,"(0.023529411764705882, 0.9725490196078431, 0.0)",False,,,,,False
120_Si72Ge48_011_001_a0.0_b0.0_c0.0_interface6shift1swap3,6,1,1,Si,False,6.666666666666667,8,-42.60220066,-45.400925,-0.02864,0.02864,12,011,0,1,1,Ge,False,8,-35.08485951,-38.831661,-0.03888,0.03888,8,001,0,0,1,0.0,0.0,0.0,4.176024914,0.0,2.319717407,120,480,3810.91224616,188200.478116,-4.855441260625,32.40499421941667,1569.03925585,4,,21.541666666666668,-625.190888,,-5.264536625,-4.50798585,,1,,4.145833333333333,5.195979899497488,,"(0.43137254901960786, 0.13333333333333333, 0.8666666666666667)",False,True,False,True,344,259,85,"(0.24705882352941178, 0.7490196078431373, 0.0)",True,344,344,0,"(0.0, 1.0, 0.0)",False,,,,,False
120_Si72Ge48_011_001_a0.368421_b0.222222_c2.163935_interface6shift3swap1,6,3,3,Si,False,6.666666666666667,8,-42.60220066,-45.400925,-0.02864,0.02864,12,011,0,1,1,Ge,False,8,-35.08485951,-38.831661,-0.03888,0.03888,8,001,0,0,1,0.368421,0.222222,2.163935,4.176024914,0.0,2.319717407,120,480,-574.75095639,-622.554977,-4.855441260625,-4.142199135166667,-4.486019924999999,4,,6.791666666666667,-633.894476,,-5.264536625,-4.580515750000001,,1,,1.9729166666666667,3.4424498416050686,,"(0.43137254901960786, 0.13333333333333333, 0.8666666666666667)",True,True,True,True,164,234,70,"(0.2980392156862745, 0.6980392156862745, 0.0)",True,164,176,12,"(0.06666666666666667, 0.9294117647058824, 0.0)",False,,,,,False
264_Si156Sn108_001_001_a0.276923_b0.041026_c2.1_interface1shift1swap7,1,1,1,Si,False,3.0303030303030303,8,-42.60220066,-45.400925,-0.04051,0.04051,26,001,0,0,1,Sn,False,8,-29.90800429,-34.349418,-0.0339,0.0339,18,001,0,0,1,0.276923,0.041026,2.1,0.582945824,0.0,1.162487268,264,1056,-1093.44429373,-1209.900524,-4.531887809375,-3.867174578712121,-4.280871897727272,4,,27.25378787878788,-1304.393743,,-4.9843964375,-4.638800757575758,,1,,6.551136363636363,4.160161896501879,,"(0.4666666666666667, 0.058823529411764705, 0.9372549019607843)",True,True,True,True,248,131,117,"(0.47058823529411764, 0.5254901960784314, 0.0)",True,248,239,9,"(0.03529411764705882, 0.9607843137254902, 0.0)",False,,,,,False
120_Si72Ge48_011_001_a0.0_b0.0_c0.0_interface6shift1swap6,6,1,1,Si,False,6.666666666666667,8,-42.60220066,-45.400925,-0.02864,0.02864,12,011,0,1,1,Ge,False,8,-35.08485951,-38.831661,-0.03888,0.03888,8,001,0,0,1,0.0,0.0,0.0,4.176024914,0.0,2.319717407,120,480,3845.92071386,188439.146943,-4.855441260625,32.69673145025,1571.0281627416666,4,,17.608333333333334,-624.620604,,-5.264536625,-4.503233483333332,,1,,7.158333333333333,2.459837019790454,,"(0.43137254901960786, 0.13333333333333333, 0.8666666666666667)",False,True,False,True,349,267,82,"(0.23137254901960785, 0.7647058823529411, 0.0)",True,349,345,4,"(0.00784313725490196, 0.9882352941176471, 0.0)",False,,,,,False
264_Si156Sn108_001_001_a0.276923_b0.041026_c2.1_interface1shift3swap3,1,3,3,Si,False,3.0303030303030303,8,-42.60220066,-45.400925,-0.04051,0.04051,26,001,0,0,1,Sn,False,8,-29.90800429,-34.349418,-0.0339,0.0339,18,001,0,0,1,0.276923,0.041026,2.1,0.582945824,0.0,1.162487268,264,1056,-1102.0808163,-1218.290353,-4.531887809375,-3.89988867935606,-4.312651553030304,4,,27.03787878787879,-1302.955231,,-4.9843964375,-4.633351848484849,,1,,4.229166666666667,6.3931930138826685,,"(0.4666666666666667, 0.058823529411764705, 0.9372549019607843)",True,True,True,True,208,152,56,"(0.26666666666666666, 0.7294117647058823, 0.0)",True,208,208,0,"(0.0, 1.0, 0.0)",False,,,,,False
120_Si36C84_012_012_a0.0_b0.0_c0.0_interface13shift1,13,1,1,Si,False,6.666666666666667,8,-42.60220066,-45.400925,-0.04167,0.04167,6,012,0,1,2,C,False,8,-69.80589084,-74.136955,0.29167,0.375,14,012,0,1,2,0.0,0.0,0.0,0.319951773,6.83e-06,0.640940666,120,480,84.63104279,425.189253,-7.025505718750001,1.6419927857499999,4.5393927750000005,4,,9.433333333333334,-910.4595,,-7.4711175,-6.591013500000001,,1,,9.1375,1.0323757409940721,,"(0.43137254901960786, 0.13333333333333333, 0.8666666666666667)",False,False,False,True,308,78,230,"(0.7450980392156863, 0.25098039215686274, 0.0)",True,308,323,15,"(0.043137254901960784, 0.9529411764705882, 0.0)",False,,,,,False
264_Si156Sn108_001_001_a0.276923_b0.041026_c2.1_interface1shift8swap7,1,8,8,Si,False,3.0303030303030303,8,-42.60220066,-45.400925,-0.04051,0.04051,26,001,0,0,1,Sn,False,8,-29.90800429,-34.349418,-0.0339,0.0339,18,001,0,0,1,0.276923,0.041026,2.1,0.582945824,0.0,1.162487268,264,1056,-1092.90090121,-1209.08367,-4.531887809375,-3.865116273712121,-4.277777753787879,4,,27.018939393939394,-1300.305434,,-4.9843964375,-4.623314738636364,,1,,3.714962121212121,7.2730053530461385,,"(0.4666666666666667, 0.058823529411764705, 0.9372549019607843)",True,True,True,True,250,177,73,"(0.2901960784313726, 0.7058823529411765, 0.0)",True,250,247,3,"(0.011764705882352941, 0.984313725490196, 0.0)",False,,,,,False
48_Si48_001_122_a0.0_b0.0_c0.0_interface6shift1,6,1,1,Si,False,16.666666666666664,8,-42.60220066,-45.400925,-0.04051,0.04051,6,001,0,0,1,Si,False,8,-42.60220066,-45.400925,-0.04167,0.04167,2,122,1,2,2,0.0,0.0,0.0,0.0,0.0,0.0,48,192,176.13877856,109.075965,-5.3252750825,5.444649580833333,4.164121145833334,4,,4.3125,-263.762729,,-5.675115625,-3.603351645833333,,1,,3.0989583333333335,1.3915966386554621,,"(0.32941176470588235, 0.32941176470588235, 0.6666666666666666)",False,False,False,True,328,341,13,"(0.03529411764705882, 0.9607843137254902, 0.0)",True,328,320,8,"(0.023529411764705882, 0.9725490196078431, 0.0)",False,,,,,False
156_Si108Ge48_001_114_a0.0_b0.080247_c1.882941_interface8shift4,8,4,4,Si,False,5.128205128205128,8,-42.60220066,-45.400925,-0.04051,0.04051,18,001,0,0,1,Ge,False,8,-35.08485951,-38.831661,-0.04167,0.04167,8,114,1,1,4,0.0,0.080247,1.882941,4.17603159,0.0,2.319717407,156,624,-727.43463779,-792.238755,-4.855441260625,-4.165048574487179,-4.538501083333333,4,,8.352564102564102,-822.826773,,-5.264536625,-4.734578121794871,,1,,4.152243589743589,2.011578541103821,,"(0.44313725490196076, 0.10196078431372549, 0.8941176470588236)",True,False,True,True,113,108,5,"(0.043137254901960784, 0.9529411764705882, 0.0)",True,113,105,8,"(0.07058823529411765, 0.9254901960784314, 0.0)",False,,,,,False
48_Si48_001_001_a0.0_b0.0_c0.0_interface8shift1,8,1,1,Si,False,16.666666666666664,8,-42.60220066,-45.400925,-0.04051,0.04051,4,001,0,0,1,Si,False,8,-42.60220066,-45.400925,-0.04051,0.04051,4,001,0,0,1,0.0,0.0,0.0,0.0,0.0,0.0,48,192,78.26737536,30.850974,-5.3252750825,3.405662014166667,2.5344338333333334,4,,4.145833333333333,-248.395322,,-5.675115625,-3.2831973333333333,,1,,0.96875,4.279569892473118,,"(0.32941176470588235, 0.32941176470588235, 0.6666666666666666)",False,False,False,True,315,347,32,"(0.09019607843137255, 0.9058823529411765, 0.0)",True,315,314,1,"(0.0, 0.996078431372549, 0.0)",False,,,,,False
264_Si156Sn108_001_001_a0.276923_b0.041026_c2.1_interface1shift6swap6,1,6,6,Si,False,3.0303030303030303,8,-42.60220066,-45.400925,-0.04051,0.04051,26,001,0,0,1,Sn,False,8,-29.90800429,-34.349418,-0.0339,0.0339,18,001,0,0,1,0.276923,0.041026,2.1,0.582945824,0.0,1.162487268,264,1056,-1105.03224999,-1221.093267,-4.531887809375,-3.9110683524242424,-4.323268651515152,4,,25.848484848484848,-1301.76113,,-4.9843964375,-4.628828738636364,,1,,4.173295454545454,6.1937826185613805,,"(0.4666666666666667, 0.058823529411764705, 0.9372549019607843)",True,True,True,True,203,169,34,"(0.16470588235294117, 0.8313725490196079, 0.0)",True,203,204,1,"(0.00392156862745098, 0.9921568627450981, 0.0)",False,,,,,False
264_Si156Sn108_001_001_a0.276923_b0.041026_c2.1_interface1shift8,1,8,8,Si,False,3.0303030303030303,8,-42.60220066,-45.400925,-0.04051,0.04051,26,001,0,0,1,Sn,False,8,-29.90800429,-34.349418,-0.0339,0.0339,18,001,0,0,1,0.276923,0.041026,2.1,0.582945824,0.0,1.162487268,264,1056,-1172.46388907,-1283.856435,-4.531887809375,-4.166491227727272,-4.561007924242424,4,,21.40530303030303,-1320.959114,,-4.9843964375,-4.701548375000001,,1,,2.4886363636363638,8.601217656012176,,"(0.4666666666666667, 0.058823529411764705, 0.9372549019607843)",True,False,True,True,108,121,13,"(0.10588235294117647, 0.8901960784313725, 0.0)",True,108,97,11,"(0.09803921568627451, 0.8980392156862745, 0.0)",False,,,,,False
264_Si156Sn108_001_001_a0.276923_b0.041026_c2.1_interface1shift8swap6,1,8,8,Si,False,3.0303030303030303,8,-42.60220066,-45.400925,-0.04051,0.04051,26,001,0,0,1,Sn,False,8,-29.90800429,-34.349418,-0.0339,0.0339,18,001,0,0,1,0.276923,0.041026,2.1,0.582945824,0.0,1.162487268,264,1056,-1098.71183585,-1214.865042,-4.531887809375,-3.8871273897727265,,4,,26.977272727272727,,,,,,1,,,,,,True,True,False,False,,,,,False,,,,,False,,,,,
120_Si72Ge48_011_001_a0.368421_b0.222222_c2.163935_interface6shift8swap2,6,8,8,Si,False,6.666666666666667,8,-42.60220066,-45.400925,-0.02864,0.02864,12,011,0,1,1,Ge,False,8,-35.08485951,-38.831661,-0.03888,0.03888,8,001,0,0,1,0.368421,0.222222,2.163935,4.176024914,0.0,2.319717407,120,480,-575.47665785,-622.902544,-4.855441260625,-4.148246647333334,-4.488916316666666,4,,10.133333333333333,-634.66056,,-5.264536625,-4.586899783333333,,1,,1.6145833333333333,6.276129032258065,,"(0.43137254901960786, 0.13333333333333333, 0.8666666666666667)",True,True,True,True,131,193,62,"(0.3176470588235294, 0.6784313725490196, 0.0)",True,131,149,18,"(0.11764705882352941, 0.8784313725490196, 0.0)",False,,,,,False
120_Si72Ge48_011_001_a0.368421_b0.222222_c2.163935_interface6shift3swap5,6,3,3,Si,False,6.666666666666667,8,-42.60220066,-45.400925,-0.02864,0.02864,12,011,0,1,1,Ge,False,8,-35.08485951,-38.831661,-0.03888,0.03888,8,001,0,0,1,0.368421,0.222222,2.163935,4.176024914,0.0,2.319717407,120,480,-575.20636809,-622.787415,-4.855441260625,-4.145994232666666,-4.487956908333333,4,,5.408333333333333,-634.132798,,-5.264536625,-4.582501766666667,,1,,2.18125,2.4794651384909265,,"(0.43137254901960786, 0.13333333333333333, 0.8666666666666667)",True,True,True,True,137,221,84,"(0.3764705882352941, 0.6196078431372549, 0.0)",True,137,161,24,"(0.14901960784313725, 0.8470588235294118, 0.0)",False,,,,,False
120_Si72Sn48_011_011_a0.956989_b0.128788_c2.163935_interface8shift4,8,4,4,Si,False,6.666666666666667,8,-42.60220066,-45.400925,-0.02864,0.02864,12,011,0,1,1,Sn,False,8,-29.90800429,-34.349418,-0.02397,0.02397,8,011,0,1,1,0.956989,0.128788,2.163935,2.441367626,0.0,4.823124409,120,480,-550.52382664,-600.355742,-4.531887809375,-3.983446847416667,-4.338378324999999,4,,5.016666666666667,-606.417313,,-4.9843964375,-4.388891416666667,,1,,3.24375,1.5465639049454079,,"(0.43137254901960786, 0.13333333333333333, 0.8666666666666667)",True,False,True,True,189,293,104,"(0.35294117647058826, 0.6431372549019608, 0.0)",True,189,190,1,"(0.00392156862745098, 0.9921568627450981, 0.0)",False,,,,,False
96_Si48Sn48_112_111_a0.860215_b0.156863_c1.480959_interface3shift8,3,8,8,Si,False,8.333333333333332,8,-42.60220066,-45.400925,-0.04167,0.04167,8,112,1,1,2,Sn,False,8,-29.90800429,-34.349418,-0.02936,0.02936,8,111,1,1,1,0.860215,0.156863,1.480959,3.476550341,0.0,0.950312614,96,384,,,,,,4,,,-474.396587,,-4.9843964375,-4.1108983750000005,,1,,3.1484375,,,,True,False,False,False,,,,,False,,,,,False,,,,,False
120_Si36C84_012_012_a0.128788_b0.12963_c0.988275_interface12shift2,12,2,2,Si,False,6.666666666666667,8,-42.60220066,-45.400925,-0.04167,0.04167,6,012,0,1,2,C,False,8,-69.80589084,-74.136955,0.29167,0.375,14,012,0,1,2,0.128788,0.12963,0.988275,0.319951773,6.83e-06,0.640940666,120,480,-796.54758648,-849.697454,-7.025505718750001,-5.7011624581666664,-6.0846631166666665,4,,8.141666666666667,-938.46846,,-7.4711175,-6.8244215,,1,,11.625,0.7003584229390681,,"(0.43137254901960786, 0.13333333333333333, 0.8666666666666667)",True,False,True,True,10,3,7,"(0.6980392156862745, 0.2980392156862745, 0.0)",True,10,10,0,"(0.0, 1.0, 0.0)",False,,,,,False
264_Si156Sn108_001_001_a0.276923_b0.041026_c2.1_interface1shift5,1,5,5,Si,False,3.0303030303030303,8,-42.60220066,-45.400925,-0.04051,0.04051,26,001,0,0,1,Sn,False,8,-29.90800429,-34.349418,-0.0339,0.0339,18,001,0,0,1,0.276923,0.041026,2.1,0.582945824,0.0,1.162487268,264,1056,-1172.47460295,-1283.848467,-4.531887809375,-4.16653181060606,-4.560977742424242,4,,22.818181818181817,-1320.977882,,-4.9843964375,-4.701619465909091,,1,,2.308712121212121,9.883511074651354,,"(0.4666666666666667, 0.058823529411764705, 0.9372549019607843)",True,False,True,True,107,117,10,"(0.08235294117647059, 0.9137254901960784, 0.0)",True,107,99,8,"(0.07450980392156863, 0.9215686274509803, 0.0)",False,,,,,False
264_Si156Sn108_001_001_a0.276923_b0.041026_c2.1_interface1shift5swap3,1,5,5,Si,False,3.0303030303030303,8,-42.60220066,-45.400925,-0.04051,0.04051,26,001,0,0,1,Sn,False,8,-29.90800429,-34.349418,-0.0339,0.0339,18,001,0,0,1,0.276923,0.041026,2.1,0.582945824,0.0,1.162487268,264,1056,-1099.41749893,-1216.23,-4.531887809375,-3.889800355984848,,4,,26.886363636363637,,,,,,1,,,,,,True,True,False,False,,,,,False,,,,,False,,,,,
120_Si72Ge48_011_001_a0.368421_b0.222222_c2.163935_interface6shift6swap1,6,6,6,Si,False,6.666666666666667,8,-42.60220066,-45.400925,-0.02864,0.02864,12,011,0,1,1,Ge,False,8,-35.08485951,-38.831661,-0.03888,0.03888,8,001,0,0,1,0.368421,0.222222,2.163935,4.176024914,0.0,2.319717407,120,480,-574.68402629,-622.532175,-4.855441260625,-4.141641384333334,-4.485829908333333,4,,5.458333333333333,-633.905948,,-5.264536625,-4.58061135,,1,,1.9791666666666667,2.757894736842105,,"(0.43137254901960786, 0.13333333333333333, 0.8666666666666667)",True,True,True,True,168,232,64,"(0.27450980392156865, 0.7215686274509804, 0.0)",True,168,179,11,"(0.058823529411764705, 0.9372549019607843, 0.0)",False,,,,,False
120_Si72Ge48_011_001_a0.368421_b0.222222_c2.163935_interface6shift7swap4,6,7,7,Si,False,6.666666666666667,8,-42.60220066,-45.400925,-0.02864,0.02864,12,011,0,1,1,Ge,False,8,-35.08485951,-38.831661,-0.03888,0.03888,8,001,0,0,1,0.368421,0.222222,2.163935,4.176024914,0.0,2.319717407,120,480,-575.72222131,-623.29792,-4.855441260625,-4.1502930095,-4.492211116666666,4,,9.991666666666667,-632.24155,,-5.264536625,-4.566741366666665,,1,,1.29375,7.723027375201289,,"(0.43137254901960786, 0.13333333333333333, 0.8666666666666667)",True,True,True,True,124,248,124,"(0.4980392156862745, 0.4980392156862745, 0.0)",True,124,129,5,"(0.03529411764705882, 0.9607843137254902, 0.0)",False,,,,,False
120_Si72Ge48_011_001_a0.368421_b0.222222_c2.163935_interface6shift4swap1,6,4,4,Si,False,6.666666666666667,8,-42.60220066,-45.400925,-0.02864,0.02864,12,011,0,1,1,Ge,False,8,-35.08485951,-38.831661,-0.03888,0.03888,8,001,0,0,1,0.368421,0.222222,2.163935,4.176024914,0.0,2.319717407,120,480,-574.67707132,-622.536078,-4.855441260625,-4.1415834262499995,-4.485862433333334,4,,5.791666666666667,-633.898909,,-5.264536625,-4.580552691666666,,1,,2.0854166666666667,2.7772227772227773,,"(0.43137254901960786, 0.13333333333333333, 0.8666666666666667)",True,True,True,True,169,233,64,"(0.27450980392156865, 0.7215686274509804, 0.0)",True,169,178,9,"(0.047058823529411764, 0.9490196078431372, 0.0)",False,,,,,False
120_Si72Ge48_011_001_a0.368421_b0.222222_c2.163935_interface6shift6,6,6,6,Si,False,6.666666666666667,8,-42.60220066,-45.400925,-0.02864,0.02864,12,011,0,1,1,Ge,False,8,-35.08485951,-38.831661,-0.03888,0.03888,8,001,0,0,1,0.368421,0.222222,2.163935,4.176024914,0.0,2.319717407,120,480,-578.23961481,-624.467812,-4.855441260625,-4.171271288666667,-4.501960216666666,4,,4.666666666666667,-634.408087,,-5.264536625,-4.584795841666666,,1,,1.5020833333333334,3.1067961165048543,,"(0.43137254901960786, 0.13333333333333333, 0.8666666666666667)",True,False,True,True,100,206,106,"(0.5137254901960784, 0.4823529411764706, 0.0)",True,100,117,17,"(0.1450980392156863, 0.8509803921568627, 0.0)",False,,,,,False
264_Si156Sn108_001_001_a0.276923_b0.041026_c2.1_interface1shift7swap1,1,7,7,Si,False,3.0303030303030303,8,-42.60220066,-45.400925,-0.04051,0.04051,26,001,0,0,1,Sn,False,8,-29.90800429,-34.349418,-0.0339,0.0339,18,001,0,0,1,0.276923,0.041026,2.1,0.582945824,0.0,1.162487268,264,1056,-1105.42268648,-1221.662549,-4.531887809375,-3.912547278522727,-4.325425022727273,4,,26.117424242424242,-1300.492379,,-4.9843964375,-4.624022863636364,,1,,6.0018939393939394,4.35153045124645,,"(0.4666666666666667, 0.058823529411764705, 0.9372549019607843)",True,True,True,True,200,173,27,"(0.13333333333333333, 0.8627450980392157, 0.0)",True,200,201,1,"(0.00392156862745098, 0.9921568627450981, 0.0)",False,,,,,False
380_Si72C308_111_111_a0.098485_b0.128788_c2.163935_interface8shift7,8,7,7,Si,False,2.1052631578947367,8,-42.60220066,-45.400925,0.29825,0.36841,12,111,1,1,1,C,False,8,-69.80589084,-74.136955,0.19792,0.21875,28,111,1,1,1,0.098485,0.128788,2.163935,0.319956511,0.0,0.640952587,380,1520,,,,,,4,,,,,,,,1,,,,,,True,False,False,False,,,,,False,,,,,False,,,,,
120_Si72Ge48_011_001_a0.368421_b0.222222_c2.163935_interface6shift4swap7,6,4,4,Si,False,6.666666666666667,8,-42.60220066,-45.400925,-0.02864,0.02864,12,011,0,1,1,Ge,False,8,-35.08485951,-38.831661,-0.03888,0.03888,8,001,0,0,1,0.368421,0.222222,2.163935,4.176024914,0.0,2.319717407,120,480,-574.23485751,-621.998318,-4.855441260625,-4.1378983111666665,-4.481381100000001,4,,6.133333333333334,-634.15308,,-5.264536625,-4.582670783333333,,1,,3.2395833333333335,1.8932475884244373,,"(0.43137254901960786, 0.13333333333333333, 0.8666666666666667)",True,True,True,True,177,218,41,"(0.1843137254901961, 0.8117647058823529, 0.0)",True,177,188,11,"(0.054901960784313725, 0.9411764705882353, 0.0)",False,,,,,False
228_Si120Ge108_001_001_a0.0_b0.0_c0.0_interface1shift1,1,1,1,Si,False,3.508771929824561,8,-42.60220066,-45.400925,-0.04051,0.04051,20,001,0,0,1,Ge,False,8,-35.08485951,-38.831661,-0.03888,0.03888,18,001,0,0,1,0.0,0.0,0.0,1.169952631,0.0,2.326208353,228,912,1045.48344312,5594.303279,-4.855441260625,4.926186417938596,24.905859057017544,4,,28.93859649122807,-1179.513977,,-5.264536625,-4.803865750000001,,1,,6.230263157894737,4.644843365012319,,"(0.4627450980392157, 0.06666666666666667, 0.9294117647058824)",False,False,False,True,321,90,231,"(0.7176470588235294, 0.2784313725490196, 0.0)",True,321,333,12,"(0.03529411764705882, 0.9607843137254902, 0.0)",False,,,,,False
120_Si72Ge48_011_001_a0.368421_b0.222222_c2.163935_interface6shift2swap2,6,2,2,Si,False,6.666666666666667,8,-42.60220066,-45.400925,-0.02864,0.02864,12,011,0,1,1,Ge,False,8,-35.08485951,-38.831661,-0.03888,0.03888,8,001,0,0,1,0.368421,0.222222,2.163935,4.176024914,0.0,2.319717407,120,480,-574.87612525,-622.845705,-4.855441260625,-4.143242208999999,-4.488442658333332,4,,6.058333333333334,-634.032306,,-5.264536625,-4.581664333333333,,1,,2.6479166666666667,2.2879622344610544,,"(0.43137254901960786, 0.13333333333333333, 0.8666666666666667)",True,True,True,True,153,229,76,"(0.32941176470588235, 0.6666666666666666, 0.0)",True,153,154,1,"(0.00392156862745098, 0.9921568627450981, 0.0)",False,,,,,False
156_Si108Ge48_001_114_a0.0_b0.0_c0.0_interface10shift1,10,1,1,Si,False,5.128205128205128,8,-42.60220066,-45.400925,-0.04051,0.04051,18,001,0,0,1,Ge,False,8,-35.08485951,-38.831661,-0.04167,0.04167,8,114,1,1,4,0.0,0.0,0.0,4.17603159,0.0,2.319717407,156,624,4081.85270195,68951.599599,-4.855441260625,26.663716423846154,442.537385801282,4,,12.91025641025641,-822.427657,,-5.264536625,-4.732019685897435,,1,,7.55448717948718,1.7089520577004667,,"(0.44313725490196076, 0.10196078431372549, 0.8941176470588236)",False,False,False,True,340,110,230,"(0.6745098039215687, 0.3215686274509804, 0.0)",True,340,338,2,"(0.00392156862745098, 0.9921568627450981, 0.0)",False,,,,,False
96_Si48Sn48_112_111_a0.870968_b0.411765_c1.480959_interface3shift7,3,7,7,Si,False,8.333333333333332,8,-42.60220066,-45.400925,-0.04167,0.04167,8,112,1,1,2,Sn,False,8,-29.90800429,-34.349418,-0.02936,0.02936,8,111,1,1,1,0.870968,0.411765,1.480959,3.476550341,0.0,0.950312614,96,384,,,,,,4,,,-474.400012,,-4.9843964375,-4.1109340520833335,,1,,3.8515625,,,,True,False,False,False,,,,,False,,,,,False,,,,,False
48_Si48_001_122_a0.0_b0.0_c0.0_interface4shift1,4,1,1,Si,False,16.666666666666664,8,-42.60220066,-45.400925,-0.04051,0.04051,6,001,0,0,1,Si,False,8,-42.60220066,-45.400925,-0.04167,0.04167,2,122,1,2,2,0.0,0.0,0.0,0.0,0.0,0.0,48,192,-78.33452694,-127.883062,-5.3252750825,0.14312238291666665,-0.7725252499999998,4,,3.875,-263.205558,,-5.675115625,-3.5917439166666667,,1,,2.4166666666666665,1.6034482758620692,,"(0.32941176470588235, 0.32941176470588235, 0.6666666666666666)",False,False,True,True,301,346,45,"(0.12941176470588237, 0.8666666666666667, 0.0)",True,301,301,0,"(0.0, 1.0, 0.0)",False,,,,,False
120_Si36C84_012_012_a0.117284_b0.209877_c0.988275_interface2shift3,2,3,3,Si,False,6.666666666666667,8,-42.60220066,-45.400925,-0.04167,0.04167,6,012,0,1,2,C,False,8,-69.80589084,-74.136955,-0.04167,0.04167,14,012,0,1,2,0.117284,0.209877,0.988275,0.319951773,0.0,0.640940666,120,480,-789.98473388,-841.708376,-7.025505718750001,-5.646472019833334,-6.018087466666667,4,,10.166666666666666,-912.694016,,-7.4711175,-6.609634466666667,,1,,8.29375,1.2258226576237126,,"(0.43137254901960786, 0.13333333333333333, 0.8666666666666667)",True,False,True,True,66,76,10,"(0.12941176470588237, 0.8666666666666667, 0.0)",True,66,49,17,"(0.2549019607843137, 0.7411764705882353, 0.0)",False,,,,,False
264_Si156Sn108_001_001_a0.276923_b0.041026_c2.1_interface1shift4swap7,1,4,4,Si,False,3.0303030303030303,8,-42.60220066,-45.400925,-0.04051,0.04051,26,001,0,0,1,Sn,False,8,-29.90800429,-34.349418,-0.0339,0.0339,18,001,0,0,1,0.276923,0.041026,2.1,0.582945824,0.0,1.162487268,264,1056,-1093.54284416,-1210.021933,-4.531887809375,-3.867547875795454,-4.281331780303031,4,,26.37878787878788,-1303.211475,,-4.9843964375,-4.63432246969697,,1,,4.3210227272727275,6.104755643217182,,"(0.4666666666666667, 0.058823529411764705, 0.9372549019607843)",True,True,True,True,246,149,97,"(0.39215686274509803, 0.6039215686274509, 0.0)",True,246,237,9,"(0.03529411764705882, 0.9607843137254902, 0.0)",False,,,,,False
264_Si156Sn108_001_001_a0.276923_b0.041026_c2.1_interface1shift5swap6,1,5,5,Si,False,3.0303030303030303,8,-42.60220066,-45.400925,-0.04051,0.04051,26,001,0,0,1,Sn,False,8,-29.90800429,-34.349418,-0.0339,0.0339,18,001,0,0,1,0.276923,0.041026,2.1,0.582945824,0.0,1.162487268,264,1056,-1103.03638504,-1219.044807,-4.531887809375,-3.903508257916666,-4.315509333333334,4,,27.291666666666668,-1300.925292,,-4.9843964375,-4.62566268560606,,1,,4.512310606060606,6.048268625393494,,"(0.4666666666666667, 0.058823529411764705, 0.9372549019607843)",True,True,True,True,206,172,34,"(0.16470588235294117, 0.8313725490196079, 0.0)",True,206,206,0,"(0.0, 1.0, 0.0)",False,,,,,False
120_Si36C84_012_012_a0.265152_b0.135802_c1.087103_interface16shift2,16,2,2,Si,False,6.666666666666667,8,-42.60220066,-45.400925,-0.04167,0.04167,6,012,0,1,2,C,False,8,-69.80589084,-74.136955,0.29167,0.375,14,012,0,1,2,0.265152,0.135802,1.087103,0.319951773,6.83e-06,0.640940666,120,480,-785.55877607,-836.537311,-7.025505718750001,-5.6095890380833335,-5.974995258333333,4,,6.516666666666667,-917.547617,,-7.4711175,-6.650081141666665,,1,,4.33125,1.5045695045695047,,"(0.43137254901960786, 0.13333333333333333, 0.8666666666666667)",True,False,True,True,74,66,8,"(0.10588235294117647, 0.8901960784313725, 0.0)",True,74,74,0,"(0.0, 1.0, 0.0)",False,,,,,False
264_Si156Sn108_001_001_a0.276923_b0.041026_c2.1_interface1shift4swap3,1,4,4,Si,False,3.0303030303030303,8,-42.60220066,-45.400925,-0.04051,0.04051,26,001,0,0,1,Sn,False,8,-29.90800429,-34.349418,-0.0339,0.0339,18,001,0,0,1,0.276923,0.041026,2.1,0.582945824,0.0,1.162487268,264,1056,-1100.74035839,-1218.172681,-4.531887809375,-3.894811187272727,,4,,26.143939393939394,,,,,,1,,,,,,True,True,False,False,,,,,False,,,,,False,,,,,
120_Si36C84_012_012_a0.257576_b0.135802_c1.087103_interface16shift1,16,1,1,Si,False,6.666666666666667,8,-42.60220066,-45.400925,-0.04167,0.04167,6,012,0,1,2,C,False,8,-69.80589084,-74.136955,0.29167,0.375,14,012,0,1,2,0.257576,0.135802,1.087103,0.319951773,6.83e-06,0.640940666,120,480,-783.02630236,-834.453947,-7.025505718750001,-5.588485090500001,-5.957633891666665,4,,6.55,-917.546607,,-7.4711175,-6.650072724999999,,1,,4.929166666666666,1.3288250211327135,,"(0.43137254901960786, 0.13333333333333333, 0.8666666666666667)",True,False,True,True,76,68,8,"(0.10196078431372549, 0.8941176470588236, 0.0)",True,76,75,1,"(0.011764705882352941, 0.984313725490196, 0.0)",False,,,,,False
120_Si72Ge48_011_001_a0.0_b0.0_c0.0_interface6shift1swap1,6,1,1,Si,False,6.666666666666667,8,-42.60220066,-45.400925,-0.02864,0.02864,12,011,0,1,1,Ge,False,8,-35.08485951,-38.831661,-0.03888,0.03888,8,001,0,0,1,0.0,0.0,0.0,4.176024914,0.0,2.319717407,120,480,3832.11316698,188450.313849,-4.855441260625,32.581668559583335,1571.1212202916665,4,,29.433333333333334,-624.886116,,-5.264536625,-4.505446083333334,,1,,6.814583333333333,4.319168450015286,,"(0.43137254901960786, 0.13333333333333333, 0.8666666666666667)",False,True,False,True,346,261,85,"(0.24313725490196078, 0.7529411764705882, 0.0)",True,346,346,0,"(0.0, 1.0, 0.0)",False,,,,,False
264_Si156Sn108_001_001_a0.276923_b0.041026_c2.1_interface1shift7swap6,1,7,7,Si,False,3.0303030303030303,8,-42.60220066,-45.400925,-0.04051,0.04051,26,001,0,0,1,Sn,False,8,-29.90800429,-34.349418,-0.0339,0.0339,18,001,0,0,1,0.276923,0.041026,2.1,0.582945824,0.0,1.162487268,264,1056,-1105.71798334,-1222.548466,-4.531887809375,-3.913665827234848,-4.328780768939394,4,,26.33712121212121,-1301.481739,,-4.9843964375,-4.62777043939394,,1,,4.089962121212121,6.439453577216948,,"(0.4666666666666667, 0.058823529411764705, 0.9372549019607843)",True,True,True,True,198,171,27,"(0.13333333333333333, 0.8627450980392157, 0.0)",True,198,198,0,"(0.0, 1.0, 0.0)",False,,,,,False
120_Si72Ge48_013_114_a0.302469_b0.77193_c1.38743_interface2shift2,2,2,2,Si,False,6.666666666666667,8,-42.60220066,-45.400925,0.125,0.20833,12,013,0,1,3,Ge,False,8,-35.08485951,-38.831661,-0.04167,0.04167,8,114,1,1,4,0.302469,0.77193,1.38743,1.781901121,0.0,2.930992842,120,480,-539.32338033,-595.632969,-4.855441260625,-3.8469693346666665,-4.261669858333333,4,,6.416666666666667,-620.169713,,-5.264536625,-4.466142724999999,,1,,7.69375,0.834010289737341,,"(0.43137254901960786, 0.13333333333333333, 0.8666666666666667)",True,False,True,True,270,269,1,"(0.0, 0.996078431372549, 0.0)",True,270,254,16,"(0.058823529411764705, 0.9372549019607843, 0.0)",False,,,,,False
120_Si36C84_012_012_a0.030303_b0.117284_c1.58124_interface14shift4,14,4,4,Si,False,6.666666666666667,8,-42.60220066,-45.400925,-0.04167,0.04167,6,012,0,1,2,C,False,8,-69.80589084,-74.136955,-0.04167,0.04167,14,012,0,1,2,0.030303,0.117284,1.58124,0.319951773,6.83e-06,0.640940666,120,480,-790.13527329,-839.738925,-7.025505718750001,-5.647726514916667,-6.0016753750000005,4,,8.241666666666667,-923.132289,,-7.4711175,-6.696620075,,1,,7.05625,1.1679952760555063,,"(0.43137254901960786, 0.13333333333333333, 0.8666666666666667)",True,False,True,True,65,35,30,"(0.4588235294117647, 0.5372549019607843, 0.0)",True,65,68,3,"(0.043137254901960784, 0.9529411764705882, 0.0)",False,,,,,False
216_Si72Ge144_013_011_a0.0_b0.0_c0.0_interface4shift1,4,1,1,Si,False,3.7037037037037033,8,-42.60220066,-45.400925,0.125,0.20833,12,013,0,1,3,Ge,False,8,-35.08485951,-38.831661,-0.0275,0.0275,24,011,0,1,1,0.0,0.0,0.0,1.781901121,0.0,2.930998802,216,864,2017.80936131,66044.883231,-4.855441260625,9.701372321666668,,4,,32.31944444444444,,,,,,1,,,,,,False,False,False,False,,,,,False,,,,,False,,,,,
120_Si72Ge48_011_001_a0.368421_b0.222222_c2.163935_interface6shift8swap1,6,8,8,Si,False,6.666666666666667,8,-42.60220066,-45.400925,-0.02864,0.02864,12,011,0,1,1,Ge,False,8,-35.08485951,-38.831661,-0.03888,0.03888,8,001,0,0,1,0.368421,0.222222,2.163935,4.176024914,0.0,2.319717407,120,480,-575.99710678,-623.237885,-4.855441260625,-4.15258372175,-4.491710824999999,4,,9.108333333333333,-634.486547,,-5.264536625,-4.585449674999999,,1,,1.9979166666666666,4.558915537017727,,"(0.43137254901960786, 0.13333333333333333, 0.8666666666666667)",True,True,True,True,119,201,82,"(0.40784313725490196, 0.5882352941176471, 0.0)",True,119,132,13,"(0.09803921568627451, 0.8980392156862745, 0.0)",False,,,,,False
264_Si156Sn108_001_001_a0.276923_b0.041026_c2.1_interface1shift8swap1,1,8,8,Si,False,3.0303030303030303,8,-42.60220066,-45.400925,-0.04051,0.04051,26,001,0,0,1,Sn,False,8,-29.90800429,-34.349418,-0.0339,0.0339,18,001,0,0,1,0.276923,0.041026,2.1,0.582945824,0.0,1.162487268,264,1056,-1098.57869266,-1217.011352,-4.531887809375,-3.886623059507575,-4.307806852272727,4,,26.117424242424242,-1301.711513,,-4.9843964375,-4.628640795454546,,1,,5.847537878787879,4.466396761133603,,"(0.4666666666666667, 0.058823529411764705, 0.9372549019607843)",True,True,True,True,217,170,47,"(0.21568627450980393, 0.7803921568627451, 0.0)",True,217,213,4,"(0.01568627450980392, 0.9803921568627451, 0.0)",False,,,,,False
156_Si108Ge48_001_114_a0.17284_b0.58642_c1.882941_interface8shift6,8,6,6,Si,False,5.128205128205128,8,-42.60220066,-45.400925,-0.04051,0.04051,18,001,0,0,1,Ge,False,8,-35.08485951,-38.831661,-0.04167,0.04167,8,114,1,1,4,0.17284,0.58642,1.882941,4.17603159,0.0,2.319717407,156,624,-727.52851392,-792.32785,-4.855441260625,-4.165650344551282,-4.539072205128205,4,,8.16025641025641,-824.861536,,-5.264536625,-4.747621474358975,,1,,6.982371794871795,1.1686940555428047,,"(0.44313725490196076, 0.10196078431372549, 0.8941176470588236)",True,False,True,True,110,105,5,"(0.043137254901960784, 0.9529411764705882, 0.0)",True,110,101,9,"(0.0784313725490196, 0.9176470588235294, 0.0)",False,,,,,False
264_Si156Sn108_001_001_a0.276923_b0.041026_c2.1_interface1shift6swap3,1,6,6,Si,False,3.0303030303030303,8,-42.60220066,-45.400925,-0.04051,0.04051,26,001,0,0,1,Sn,False,8,-29.90800429,-34.349418,-0.0339,0.0339,18,001,0,0,1,0.276923,0.041026,2.1,0.582945824,0.0,1.162487268,264,1056,-1102.6157772,-1218.773369,-4.531887809375,-3.9019150464015144,,4,,27.185606060606062,,,,,,1,,,,,,True,True,False,False,,,,,False,,,,,False,,,,,
72_Si24Ge48_114_001_a0.0_b0.0_c0.0_interface5shift1,5,1,1,Si,False,11.11111111111111,8,-42.60220066,-45.400925,-0.04167,0.04167,4,114,1,1,4,Ge,False,8,-35.08485951,-38.831661,-0.03888,0.03888,8,001,0,0,1,0.0,0.0,0.0,4.176024914,0.0,2.319717407,72,288,491.22914345,957.873462,-4.855441260625,7.901613939166667,14.473695111111113,4,,7.638888888888889,-358.199067,,-5.264536625,-3.8050900138888886,,1,,4.4375,1.721439749608764,,"(0.3843137254901961, 0.2196078431372549, 0.7764705882352941)",False,False,False,True,332,331,1,"(0.0, 0.996078431372549, 0.0)",True,332,330,2,"(0.00392156862745098, 0.9921568627450981, 0.0)",False,,,,,False
120_Si36C84_012_012_a0.123457_b0.611111_c1.58124_interface1shift3,1,3,3,Si,False,6.666666666666667,8,-42.60220066,-45.400925,-0.04167,0.04167,6,012,0,1,2,C,False,8,-69.80589084,-74.136955,0.29167,0.375,14,012,0,1,2,0.123457,0.611111,1.58124,0.319951773,0.0,0.640940666,120,480,-788.96069053,-838.262044,-7.025505718750001,-5.63793832525,-5.989368033333333,4,,11.958333333333334,-929.102188,,-7.4711175,-6.746369233333334,,1,,8.747916666666667,1.3669921409859491,,"(0.43137254901960786, 0.13333333333333333, 0.8666666666666667)",True,False,True,True,72,19,53,"(0.7333333333333333, 0.2627450980392157, 0.0)",True,72,72,0,"(0.0, 1.0, 0.0)",False,,,,,False
120_Si72Ge48_011_001_a0.368421_b0.222222_c2.163935_interface6shift1swap6,6,1,1,Si,False,6.666666666666667,8,-42.60220066,-45.400925,-0.02864,0.02864,12,011,0,1,1,Ge,False,8,-35.08485951,-38.831661,-0.03888,0.03888,8,001,0,0,1,0.368421,0.222222,2.163935,4.176024914,0.0,2.319717407,120,480,-574.75887307,-622.608696,-4.855441260625,-4.1422651075,-4.486467583333333,4,,5.583333333333333,-631.987327,,-5.264536625,-4.564622841666666,,1,,1.5104166666666667,3.696551724137931,,"(0.43137254901960786, 0.13333333333333333, 0.8666666666666667)",True,True,True,True,163,252,89,"(0.35294117647058826, 0.6431372549019608, 0.0)",True,163,174,11,"(0.06274509803921569, 0.9333333333333333, 0.0)",False,,,,,False
380_Si72C308_111_111_a0.128788_b0.015152_c2.163935_interface4shift5,4,5,5,Si,False,2.1052631578947367,8,-42.60220066,-45.400925,0.29825,0.36841,12,111,1,1,1,C,False,8,-69.80589084,-74.136955,0.19792,0.21875,28,111,1,1,1,0.128788,0.015152,2.163935,0.319956511,0.0,0.640952587,380,1520,,,,,,4,,,,,,,,1,,,,,,True,False,False,False,,,,,False,,,,,False,,,,,
380_Si72C308_111_111_a0.090909_b0.121212_c2.163935_interface3shift1,3,1,1,Si,False,2.1052631578947367,8,-42.60220066,-45.400925,0.29825,0.36841,12,111,1,1,1,C,False,8,-69.80589084,-74.136955,0.15625,0.17708,28,111,1,1,1,0.090909,0.121212,2.163935,0.319956511,0.0,0.640952587,380,1520,,,,,,4,,,,,,,,1,,,,,,True,False,False,False,,,,,False,,,,,False,,,,,
380_Si72C308_111_111_a0.098485_b0.151515_c2.163935_interface6shift6,6,6,6,Si,False,2.1052631578947367,8,-42.60220066,-45.400925,-0.03508,0.03508,12,111,1,1,1,C,False,8,-69.80589084,-74.136955,0.19792,0.21875,28,111,1,1,1,0.098485,0.151515,2.163935,0.319956511,0.0,0.640952587,380,1520,,,,,,4,,,,,,,,1,,,,,,True,False,False,False,,,,,False,,,,,False,,,,,
264_Si156Sn108_001_001_a0.276923_b0.041026_c2.1_interface1shift2swap1,1,2,2,Si,False,3.0303030303030303,8,-42.60220066,-45.400925,-0.04051,0.04051,26,001,0,0,1,Sn,False,8,-29.90800429,-34.349418,-0.0339,0.0339,18,001,0,0,1,0.276923,0.041026,2.1,0.582945824,0.0,1.162487268,264,1056,-1094.21035841,-1211.814447,-4.531887809375,-3.870076338863636,-4.288121606060606,4,,26.25,-1300.471006,,-4.9843964375,-4.62394190530303,,1,,4.620265151515151,5.681492109038738,,"(0.4666666666666667, 0.058823529411764705, 0.9372549019607843)",True,True,True,True,243,174,69,"(0.2823529411764706, 0.7137254901960784, 0.0)",True,243,229,14,"(0.054901960784313725, 0.9411764705882353, 0.0)",False,,,,,False
120_Si36C84_012_012_a0.015152_b0.123457_c1.482413_interface14shift1,14,1,1,Si,False,6.666666666666667,8,-42.60220066,-45.400925,-0.04167,0.04167,6,012,0,1,2,C,False,8,-69.80589084,-74.136955,-0.04167,0.04167,14,012,0,1,2,0.015152,0.123457,1.482413,0.319951773,6.83e-06,0.640940666,120,480,-794.06721521,-842.892853,-7.025505718750001,-5.680492697583333,-6.027958108333333,4,,7.625,-917.883671,,-7.4711175,-6.652881591666667,,1,,7.516666666666667,1.0144124168514412,,"(0.43137254901960786, 0.13333333333333333, 0.8666666666666667)",True,False,True,True,40,65,25,"(0.3843137254901961, 0.611764705882353, 0.0)",True,40,41,1,"(0.023529411764705882, 0.9725490196078431, 0.0)",False,,,,,False
120_Si36C84_012_012_a0.871212_b0.117284_c1.680068_interface9shift7,9,7,7,Si,False,6.666666666666667,8,-42.60220066,-45.400925,-0.04167,0.04167,6,012,0,1,2,C,False,8,-69.80589084,-74.136955,-0.04167,0.04167,14,012,0,1,2,0.871212,0.117284,1.680068,0.319951773,6.83e-06,0.640940666,120,480,-790.62496766,-841.180327,-7.025505718750001,-5.651807301333334,-6.013687058333333,4,,8.408333333333333,-921.553936,,-7.4711175,-6.683467133333333,,1,,5.995833333333334,1.4023627519110493,,"(0.43137254901960786, 0.13333333333333333, 0.8666666666666667)",True,False,True,True,56,43,13,"(0.23137254901960785, 0.7647058823529411, 0.0)",True,56,61,5,"(0.0784313725490196, 0.9176470588235294, 0.0)",False,,,,,False
96_Si48Sn48_112_111_a0.354839_b0.150327_c1.480958_interface2shift3,2,3,3,Si,False,8.333333333333332,8,-42.60220066,-45.400925,-0.04167,0.04167,8,112,1,1,2,Sn,False,8,-29.90800429,-34.349418,-0.02936,0.02936,8,111,1,1,1,0.354839,0.150327,1.480958,3.476550341,0.0,0.950312614,96,384,,,,,,4,,,-474.490062,,-4.9843964375,-4.111872072916667,,1,,8.234375,,,,True,False,False,False,,,,,False,,,,,False,,,,,False
96_Si48Sn48_112_111_a0.870968_b0.156863_c1.480959_interface4shift2,4,2,2,Si,False,8.333333333333332,8,-42.60220066,-45.400925,-0.04167,0.04167,8,112,1,1,2,Sn,False,8,-29.90800429,-34.349418,-0.02936,0.02936,8,111,1,1,1,0.870968,0.156863,1.480959,3.476550341,0.0,0.950312614,96,384,,,,,,4,,,-472.807425,,-4.9843964375,-4.094344604166667,,1,,5.122395833333333,,,,True,False,False,False,,,,,False,,,,,False,,,,,False
120_Si36C84_012_012_a0.962121_b0.135802_c1.58124_interface16shift5,16,5,5,Si,False,6.666666666666667,8,-42.60220066,-45.400925,-0.04167,0.04167,6,012,0,1,2,C,False,8,-69.80589084,-74.136955,0.29167,0.375,14,012,0,1,2,0.962121,0.135802,1.58124,0.319951773,6.83e-06,0.640940666,120,480,-794.51249911,-844.154727,-7.025505718750001,-5.684203396750001,,4,,8.375,,,,,,1,,,,,,True,False,False,False,,,,,False,,,,,False,,,,,
96_Si48Sn48_112_111_a0.860215_b0.156863_c1.480959_interface4shift8,4,8,8,Si,False,8.333333333333332,8,-42.60220066,-45.400925,-0.04167,0.04167,8,112,1,1,2,Sn,False,8,-29.90800429,-34.349418,-0.02936,0.02936,8,111,1,1,1,0.860215,0.156863,1.480959,3.476550341,0.0,0.950312614,96,384,,,,,,4,,,-474.396587,,-4.9843964375,-4.1108983750000005,,1,,3.2760416666666665,,,,True,False,False,False,,,,,False,,,,,False,,,,,False
228_Si120Ge108_001_001_a0.093567_b0.087719_c1.9_interface1shift8,1,8,8,Si,False,3.508771929824561,8,-42.60220066,-45.400925,-0.04051,0.04051,20,001,0,0,1,Ge,False,8,-35.08485951,-38.831661,-0.03888,0.03888,18,001,0,0,1,0.093567,0.087719,1.9,1.169952631,0.0,2.326208353,228,912,-1061.99353791,-1152.756831,-4.855441260625,-4.317133674298246,-4.686509846491228,4,,14.25,-1193.181538,,-5.264536625,-4.863811192982457,,1,,5.017543859649122,2.8400349650349654,,"(0.4627450980392157, 0.06666666666666667, 0.9294117647058824)",True,False,True,True,84,80,4,"(0.047058823529411764, 0.9490196078431372, 0.0)",True,84,84,0,"(0.0, 1.0, 0.0)",False,,,,,False
84_Si36Ge48_001_011_a0.0_b0.0_c0.0_interface7shift1,7,1,1,Si,False,9.523809523809524,8,-42.60220066,-45.400925,-0.04051,0.04051,6,001,0,0,1,Ge,False,8,-35.08485951,-38.831661,-0.0275,0.0275,8,011,0,1,1,0.0,0.0,0.0,4.176025867,0.0,2.319717407,84,336,1569.18390139,94894.886498,-4.855441260625,19.605606685238097,1130.7037986190476,4,,15.928571428571429,-423.528588,,-5.264536625,-4.039238119047619,,1,,5.104166666666667,3.1206997084548105,,"(0.4, 0.18823529411764706, 0.807843137254902)",False,False,False,True,338,322,16,"(0.047058823529411764, 0.9490196078431372, 0.0)",True,338,343,5,"(0.011764705882352941, 0.984313725490196, 0.0)",False,,,,,False
120_Si72Ge48_011_001_a0.368421_b0.222222_c2.163935_interface6shift7,6,7,7,Si,False,6.666666666666667,8,-42.60220066,-45.400925,-0.02864,0.02864,12,011,0,1,1,Ge,False,8,-35.08485951,-38.831661,-0.03888,0.03888,8,001,0,0,1,0.368421,0.222222,2.163935,4.176024914,0.0,2.319717407,120,480,-578.51469746,-624.392448,-4.855441260625,-4.173563644083333,-4.501332183333333,4,,9.791666666666666,-634.88683,,-5.264536625,-4.588785366666667,,1,,1.5875,6.167979002624672,,"(0.43137254901960786, 0.13333333333333333, 0.8666666666666667)",True,False,True,True,94,187,93,"(0.49411764705882355, 0.5019607843137255, 0.0)",True,94,119,25,"(0.20784313725490197, 0.788235294117647, 0.0)",False,,,,,False
96_Si48Sn48_112_111_a0.365591_b0.156863_c1.480959_interface4shift1,4,1,1,Si,False,8.333333333333332,8,-42.60220066,-45.400925,-0.04167,0.04167,8,112,1,1,2,Sn,False,8,-29.90800429,-34.349418,-0.02936,0.02936,8,111,1,1,1,0.365591,0.156863,1.480959,3.476550341,0.0,0.950312614,96,384,,,,,,4,,,-474.394526,,-4.9843964375,-4.11087690625,,1,,3.3333333333333335,,,,True,False,False,False,,,,,False,,,,,False,,,,,False
120_Si72Ge48_011_001_a0.368421_b0.222222_c2.163935_interface6shift1swap8,6,1,1,Si,False,6.666666666666667,8,-42.60220066,-45.400925,-0.02864,0.02864,12,011,0,1,1,Ge,False,8,-35.08485951,-38.831661,-0.03888,0.03888,8,001,0,0,1,0.368421,0.222222,2.163935,4.176024914,0.0,2.319717407,120,480,-575.10684434,-623.119386,-4.855441260625,-4.145164868083333,-4.490723333333333,4,,6.841666666666667,-634.184405,,-5.264536625,-4.582931824999999,,1,,2.591666666666667,2.639871382636656,,"(0.43137254901960786, 0.13333333333333333, 0.8666666666666667)",True,True,True,True,147,214,67,"(0.30980392156862746, 0.6862745098039216, 0.0)",True,147,144,3,"(0.0196078431372549, 0.9764705882352941, 0.0)",False,,,,,False
120_Si72Ge48_011_001_a0.368421_b0.222222_c2.163935_interface6shift2swap7,6,2,2,Si,False,6.666666666666667,8,-42.60220066,-45.400925,-0.02864,0.02864,12,011,0,1,1,Ge,False,8,-35.08485951,-38.831661,-0.03888,0.03888,8,001,0,0,1,0.368421,0.222222,2.163935,4.176024914,0.0,2.319717407,120,480,-574.27975593,-622.094269,-4.855441260625,-4.138272464666667,-4.4821806916666675,4,,6.216666666666667,-634.193194,,-5.264536625,-4.583005066666666,,1,,2.058333333333333,3.0202429149797574,,"(0.43137254901960786, 0.13333333333333333, 0.8666666666666667)",True,True,True,True,173,211,38,"(0.17647058823529413, 0.8196078431372549, 0.0)",True,173,184,11,"(0.058823529411764705, 0.9372549019607843, 0.0)",False,,,,,False
216_Si144Sn72_011_001_a0.909091_b0.106952_c1.967214_interface7shift6,7,6,6,Si,False,3.7037037037037033,8,-42.60220066,-45.400925,-0.02864,0.02864,24,011,0,1,1,Sn,False,8,-29.90800429,-34.349418,-0.0339,0.0339,12,001,0,0,1,0.909091,0.106952,1.967214,3.476561546,0.0,0.950324535,216,864,-995.08654567,-1080.537588,-4.531887809375,-4.271186762592593,-4.633274282407407,4,,9.25462962962963,-1112.894277,,-4.9843964375,-4.783073768518519,,1,,2.228009259259259,4.153766233766234,,"(0.4588235294117647, 0.07058823529411765, 0.9254901960784314)",True,False,True,True,86,95,9,"(0.09411764705882353, 0.9019607843137255, 0.0)",True,86,85,1,"(0.00784313725490196, 0.9882352941176471, 0.0)",False,,,,,False
264_Si156Sn108_001_001_a0.276923_b0.041026_c2.1_interface1shift6swap7,1,6,6,Si,False,3.0303030303030303,8,-42.60220066,-45.400925,-0.04051,0.04051,26,001,0,0,1,Sn,False,8,-29.90800429,-34.349418,-0.0339,0.0339,18,001,0,0,1,0.276923,0.041026,2.1,0.582945824,0.0,1.162487268,264,1056,-1098.78797179,-1215.599452,-4.531887809375,-3.887415783484848,-4.302458746212121,4,,27.265151515151516,-1302.110007,,-4.9843964375,-4.630150242424243,,1,,4.184659090909091,6.515501244625481,,"(0.4666666666666667, 0.058823529411764705, 0.9372549019607843)",True,True,True,True,215,163,52,"(0.23921568627450981, 0.7568627450980392, 0.0)",True,215,215,0,"(0.0, 1.0, 0.0)",False,,,,,False
120_Si72Sn48_011_011_a0.0_b0.0_c0.0_interface13shift1,13,1,1,Si,False,6.666666666666667,8,-42.60220066,-45.400925,-0.02864,0.02864,12,011,0,1,1,Sn,False,8,-29.90800429,-34.349418,-0.02397,0.02397,8,011,0,1,1,0.0,0.0,0.0,2.441372156,0.0,4.823124409,120,480,553.51997062,642.159829,-4.531887809375,5.21691812975,6.0159180999999995,4,,20.691666666666666,-608.513194,,-4.9843964375,-4.406357091666666,,1,,6.435416666666667,3.2152800258983487,,"(0.43137254901960786, 0.13333333333333333, 0.8666666666666667)",False,False,False,True,324,285,39,"(0.11764705882352941, 0.8784313725490196, 0.0)",True,324,324,0,"(0.0, 1.0, 0.0)",False,,,,,False
264_Si156Sn108_001_001_a0.276923_b0.041026_c2.1_interface1shift7swap7,1,7,7,Si,False,3.0303030303030303,8,-42.60220066,-45.400925,-0.04051,0.04051,26,001,0,0,1,Sn,False,8,-29.90800429,-34.349418,-0.0339,0.0339,18,001,0,0,1,0.276923,0.041026,2.1,0.582945824,0.0,1.162487268,264,1056,-1097.25022593,-1213.708943,-4.531887809375,-3.8815909885606055,-4.295297727272728,4,,25.66287878787879,-1302.678441,,-4.9843964375,-4.632303401515152,,1,,4.005681818181818,6.40661938534279,,"(0.4666666666666667, 0.058823529411764705, 0.9372549019607843)",True,True,True,True,227,156,71,"(0.30980392156862746, 0.6862745098039216, 0.0)",True,227,219,8,"(0.03137254901960784, 0.9647058823529412, 0.0)",False,,,,,False
120_Si72Ge48_011_001_a0.368421_b0.222222_c2.163935_interface6shift2swap4,6,2,2,Si,False,6.666666666666667,8,-42.60220066,-45.400925,-0.02864,0.02864,12,011,0,1,1,Ge,False,8,-35.08485951,-38.831661,-0.03888,0.03888,8,001,0,0,1,0.368421,0.222222,2.163935,4.176024914,0.0,2.319717407,120,480,-575.13110146,-622.862547,-4.855441260625,-4.145367010749999,-4.4885830083333325,4,,5.758333333333334,-634.131695,,-5.264536625,-4.582492575,,1,,1.575,3.6560846560846563,,"(0.43137254901960786, 0.13333333333333333, 0.8666666666666667)",True,True,True,True,145,223,78,"(0.34901960784313724, 0.6470588235294118, 0.0)",True,145,153,8,"(0.050980392156862744, 0.9450980392156862, 0.0)",False,,,,,False
120_Si36C84_012_012_a0.0_b0.0_c0.0_interface14shift1,14,1,1,Si,False,6.666666666666667,8,-42.60220066,-45.400925,-0.04167,0.04167,6,012,0,1,2,C,False,8,-69.80589084,-74.136955,-0.04167,0.04167,14,012,0,1,2,0.0,0.0,0.0,0.319951773,6.83e-06,0.640940666,120,480,338.44662396,317.617368,-7.025505718750001,3.7571226288333337,3.6429603999999998,4,,11.016666666666667,-906.720266,,-7.4711175,-6.559853216666666,,1,,10.110416666666667,1.0896352771481557,,"(0.43137254901960786, 0.13333333333333333, 0.8666666666666667)",False,False,False,True,319,79,240,"(0.7490196078431373, 0.24705882352941178, 0.0)",True,319,318,1,"(0.0, 0.996078431372549, 0.0)",False,,,,,False
96_Si96_133_133_a0.0_b0.0_c0.0_interface1shift1swap1,1,1,1,Si,False,8.333333333333332,8,-42.60220066,-45.400925,0.13542,0.23958,8,133,1,3,3,Si,False,8,-42.60220066,-45.400925,0.13542,0.23958,8,133,1,3,3,0.0,0.0,0.0,0.0,0.0,0.0,96,384,,,,,,4,,,-121.347304,,-5.675115625,-0.31818181249999994,,1,,8.0390625,,,,False,True,False,False,,,,,False,,,,,False,,,,,True
120_Si36C84_012_012_a0.0_b0.0_c0.0_interface12shift1,12,1,1,Si,False,6.666666666666667,8,-42.60220066,-45.400925,-0.04167,0.04167,6,012,0,1,2,C,False,8,-69.80589084,-74.136955,0.29167,0.375,14,012,0,1,2,0.0,0.0,0.0,0.319951773,6.83e-06,0.640940666,120,480,1358.72153885,3186.912864,-7.025505718750001,12.25941358625,27.5537562,4,,14.491666666666667,-910.830359,,-7.4711175,-6.594103991666667,,1,,8.295833333333333,1.7468608739326974,,"(0.43137254901960786, 0.13333333333333333, 0.8666666666666667)",False,False,False,True,335,77,258,"(0.7686274509803922, 0.22745098039215686, 0.0)",True,335,334,1,"(0.0, 0.996078431372549, 0.0)",False,,,,,False
120_Si36C84_012_012_a0.363636_b0.117284_c1.680068_interface9shift2,9,2,2,Si,False,6.666666666666667,8,-42.60220066,-45.400925,-0.04167,0.04167,6,012,0,1,2,C,False,8,-69.80589084,-74.136955,-0.04167,0.04167,14,012,0,1,2,0.363636,0.117284,1.680068,0.319951773,6.83e-06,0.640940666,120,480,-790.55821223,-841.429602,-7.025505718750001,-5.651251006083333,-6.01576435,4,,8.508333333333333,-921.053529,,-7.4711175,-6.679297074999999,,1,,6.033333333333333,1.410220994475138,,"(0.43137254901960786, 0.13333333333333333, 0.8666666666666667)",True,False,True,True,57,48,9,"(0.1568627450980392, 0.8392156862745098, 0.0)",True,57,55,2,"(0.03137254901960784, 0.9647058823529412, 0.0)",False,,,,,False
380_Si72C308_111_111_a0.045455_b0.113636_c2.163935_interface7shift7,7,7,7,Si,False,2.1052631578947367,8,-42.60220066,-45.400925,0.29825,0.36841,12,111,1,1,1,C,False,8,-69.80589084,-74.136955,0.15625,0.17708,28,111,1,1,1,0.045455,0.113636,2.163935,0.319956511,0.0,0.640952587,380,1520,,,,,,4,,,,,,,,1,,,,,,True,False,False,False,,,,,False,,,,,False,,,,,
216_Si72Ge144_013_011_a0.45679_b0.339181_c1.888633_interface4shift5,4,5,5,Si,False,3.7037037037037033,8,-42.60220066,-45.400925,0.125,0.20833,12,013,0,1,3,Ge,False,8,-35.08485951,-38.831661,-0.0275,0.0275,24,011,0,1,1,0.45679,0.339181,1.888633,1.781901121,0.0,2.930998802,216,864,-962.86170473,-1060.640463,-4.855441260625,-4.098030761851852,-4.5204068379629625,4,,17.078703703703702,-1082.743845,,-5.264536625,-4.622737310185186,,1,,2.3043981481481484,7.411351079859366,,"(0.4588235294117647, 0.07058823529411765, 0.9254901960784314)",True,False,True,True,184,179,5,"(0.023529411764705882, 0.9725490196078431, 0.0)",True,184,112,72,"(0.38823529411764707, 0.6078431372549019, 0.0)",False,,,,,False
380_Si72C308_111_111_a0.068182_b0.166667_c2.163935_interface5shift3,5,3,3,Si,False,2.1052631578947367,8,-42.60220066,-45.400925,-0.03508,0.03508,12,111,1,1,1,C,False,8,-69.80589084,-74.136955,0.15625,0.17708,28,111,1,1,1,0.068182,0.166667,2.163935,0.319956511,0.0,0.640952587,380,1520,,,,,,4,,,,,,,,1,,,,,,True,False,False,False,,,,,False,,,,,False,,,,,
264_Si156Sn108_001_001_a0.0_b0.0_c0.0_interface1shift1swap6,1,1,1,Si,False,3.0303030303030303,8,-42.60220066,-45.400925,-0.04051,0.04051,26,001,0,0,1,Sn,False,8,-29.90800429,-34.349418,-0.0339,0.0339,18,001,0,0,1,0.0,0.0,0.0,0.582945824,0.0,1.162487268,264,1056,1070.58990979,,-4.531887809375,4.329924677045455,,4,,79.45075757575758,,,,,,1,,,,,,False,True,False,False,,,,,False,,,,,False,,,,,
120_Si36C84_012_012_a0.12963_b0.617284_c1.58124_interface1shift4,1,4,4,Si,False,6.666666666666667,8,-42.60220066,-45.400925,-0.04167,0.04167,6,012,0,1,2,C,False,8,-69.80589084,-74.136955,0.29167,0.375,14,012,0,1,2,0.12963,0.617284,1.58124,0.319951773,0.0,0.640940666,120,480,-788.98893393,-838.348784,-7.025505718750001,-5.638173686916668,-5.990090866666666,4,,11.958333333333334,-931.647989,,-7.4711175,-6.7675842416666665,,1,,5.4625,2.1891685736079327,,"(0.43137254901960786, 0.13333333333333333, 0.8666666666666667)",True,False,True,True,70,12,58,"(0.8274509803921568, 0.16862745098039217, 0.0)",True,70,69,1,"(0.011764705882352941, 0.984313725490196, 0.0)",False,,,,,False
120_Si72Ge48_011_001_a0.368421_b0.222222_c2.163935_interface6shift5,6,5,5,Si,False,6.666666666666667,8,-42.60220066,-45.400925,-0.02864,0.02864,12,011,0,1,1,Ge,False,8,-35.08485951,-38.831661,-0.03888,0.03888,8,001,0,0,1,0.368421,0.222222,2.163935,4.176024914,0.0,2.319717407,120,480,-578.51494329,-624.390316,-4.855441260625,-4.173565692666667,-4.501314416666665,4,,9.583333333333334,-634.886879,,-5.264536625,-4.588785775000001,,1,,1.5833333333333333,6.052631578947369,,"(0.43137254901960786, 0.13333333333333333, 0.8666666666666667)",True,False,True,True,93,186,93,"(0.4980392156862745, 0.4980392156862745, 0.0)",True,93,120,27,"(0.2235294117647059, 0.7725490196078432, 0.0)",False,,,,,False
120_Si72Ge48_011_001_a0.368421_b0.222222_c2.163935_interface6shift7swap5,6,7,7,Si,False,6.666666666666667,8,-42.60220066,-45.400925,-0.02864,0.02864,12,011,0,1,1,Ge,False,8,-35.08485951,-38.831661,-0.03888,0.03888,8,001,0,0,1,0.368421,0.222222,2.163935,4.176024914,0.0,2.319717407,120,480,-575.79443299,-623.24371,-4.855441260625,-4.1508947735,-4.491759366666666,4,,10.283333333333333,-634.577429,,-5.264536625,-4.586207025000001,,1,,1.8145833333333334,5.667049368541906,,"(0.43137254901960786, 0.13333333333333333, 0.8666666666666667)",True,True,True,True,121,197,76,"(0.3843137254901961, 0.611764705882353, 0.0)",True,121,131,10,"(0.07450980392156863, 0.9215686274509803, 0.0)",False,,,,,False
228_Si120Ge108_001_001_a0.093567_b0.093567_c1.9_interface1shift1,1,1,1,Si,False,3.508771929824561,8,-42.60220066,-45.400925,-0.04051,0.04051,20,001,0,0,1,Ge,False,8,-35.08485951,-38.831661,-0.03888,0.03888,18,001,0,0,1,0.093567,0.093567,1.9,1.169952631,0.0,2.326208353,228,912,-1062.02834734,-1152.799572,-4.855441260625,-4.317286347236842,-4.686697307017544,4,,13.846491228070175,-1185.117895,,-5.264536625,-4.828444337719299,,1,,3.293859649122807,4.203728362183755,,"(0.4627450980392157, 0.06666666666666667, 0.9294117647058824)",True,False,True,True,83,85,2,"(0.023529411764705882, 0.9764705882352941, 0.0)",True,83,83,0,"(0.0, 1.0, 0.0)",False,,,,,False
120_Si72Sn48_011_011_a0.612903_b0.287879_c2.163935_interface8shift3,8,3,3,Si,False,6.666666666666667,8,-42.60220066,-45.400925,-0.02864,0.02864,12,011,0,1,1,Sn,False,8,-29.90800429,-34.349418,-0.02397,0.02397,8,011,0,1,1,0.612903,0.287879,2.163935,2.441367626,0.0,4.823124409,120,480,-549.85902275,-599.832139,-4.531887809375,-3.977906815,-4.3340149666666665,4,,5.225,-607.07783,,-4.9843964375,-4.394395724999999,,1,,2.995833333333333,1.7440890125173854,,"(0.43137254901960786, 0.13333333333333333, 0.8666666666666667)",True,False,True,True,196,290,94,"(0.3215686274509804, 0.6745098039215687, 0.0)",True,196,197,1,"(0.00392156862745098, 0.9921568627450981, 0.0)",False,,,,,False
264_Si156Sn108_001_001_a0.276923_b0.041026_c2.1_interface1shift1swap4,1,1,1,Si,False,3.0303030303030303,8,-42.60220066,-45.400925,-0.04051,0.04051,26,001,0,0,1,Sn,False,8,-29.90800429,-34.349418,-0.0339,0.0339,18,001,0,0,1,0.276923,0.041026,2.1,0.582945824,0.0,1.162487268,264,1056,-1101.63649746,-1217.507156,-4.531887809375,-3.89820565344697,-4.309684897727273,4,,25.83712121212121,-1303.675325,,-4.9843964375,-4.636079477272728,,1,,3.590909090909091,7.1951476793248945,,"(0.4666666666666667, 0.058823529411764705, 0.9372549019607843)",True,True,True,True,209,142,67,"(0.3176470588235294, 0.6784313725490196, 0.0)",True,209,211,2,"(0.00784313725490196, 0.9882352941176471, 0.0)",False,,,,,False
380_Si72C308_111_111_a0.045455_b0.265152_c2.163935_interface5shift1,5,1,1,Si,False,2.1052631578947367,8,-42.60220066,-45.400925,-0.03508,0.03508,12,111,1,1,1,C,False,8,-69.80589084,-74.136955,0.15625,0.17708,28,111,1,1,1,0.045455,0.265152,2.163935,0.319956511,0.0,0.640952587,380,1520,,,,,,4,,,,,,,,1,,,,,,True,False,False,False,,,,,False,,,,,False,,,,,
264_Si156Sn108_001_001_a0.276923_b0.041026_c2.1_interface1shift1swap3,1,1,1,Si,False,3.0303030303030303,8,-42.60220066,-45.400925,-0.04051,0.04051,26,001,0,0,1,Sn,False,8,-29.90800429,-34.349418,-0.0339,0.0339,18,001,0,0,1,0.276923,0.041026,2.1,0.582945824,0.0,1.162487268,264,1056,-1100.93961517,-1218.48764,-4.531887809375,-3.89556594780303,-4.313398852272727,4,,25.734848484848484,-1303.460248,,-4.9843964375,-4.635264791666668,,1,,5.149621212121212,4.997425524089739,,"(0.4666666666666667, 0.058823529411764705, 0.9372549019607843)",True,True,True,True,211,145,66,"(0.30980392156862746, 0.6862745098039216, 0.0)",True,211,207,4,"(0.01568627450980392, 0.9803921568627451, 0.0)",False,,,,,False
264_Si156Sn108_001_001_a0.276923_b0.041026_c2.1_interface1shift2swap5,1,2,2,Si,False,3.0303030303030303,8,-42.60220066,-45.400925,-0.04051,0.04051,26,001,0,0,1,Sn,False,8,-29.90800429,-34.349418,-0.0339,0.0339,18,001,0,0,1,0.276923,0.041026,2.1,0.582945824,0.0,1.162487268,264,1056,-1094.26888079,-1209.107095,-4.531887809375,-3.8702980145454537,-4.277866484848485,4,,26.946969696969695,-1303.075861,,-4.9843964375,-4.63380878030303,,1,,3.665719696969697,7.35107207439938,,"(0.4666666666666667, 0.058823529411764705, 0.9372549019607843)",True,True,True,True,242,151,91,"(0.37254901960784315, 0.6235294117647059, 0.0)",True,242,245,3,"(0.011764705882352941, 0.984313725490196, 0.0)",False,,,,,False
192_Si120Ge72_001_013_a0.0_b0.0_c0.0_interface13shift1,13,1,1,Si,False,4.166666666666666,8,-42.60220066,-45.400925,-0.04051,0.04051,20,001,0,0,1,Ge,False,8,-35.08485951,-38.831661,0.125,0.20833,12,013,0,1,3,0.0,0.0,0.0,4.176017761,0.0,2.957212925,192,768,535.32792222,235.456821,-4.855441260625,3.1927863666145835,1.6650489947916667,4,,20.067708333333332,-1000.939263,,-5.264536625,-4.7745139427083325,,1,,5.274739583333333,3.8044927178474452,,"(0.4549019607843137, 0.08235294117647059, 0.9137254901960784)",False,False,False,True,312,100,212,"(0.6784313725490196, 0.3176470588235294, 0.0)",True,312,313,1,"(0.0, 0.996078431372549, 0.0)",False,,,,,False
120_Si36C84_012_012_a0.030303_b0.117284_c1.482413_interface14shift8,14,8,8,Si,False,6.666666666666667,8,-42.60220066,-45.400925,-0.04167,0.04167,6,012,0,1,2,C,False,8,-69.80589084,-74.136955,-0.04167,0.04167,14,012,0,1,2,0.030303,0.117284,1.482413,0.319951773,6.83e-06,0.640940666,120,480,-794.037629,-842.693021,-7.025505718750001,-5.680246145833334,-6.026292841666666,4,,7.816666666666666,-919.547628,,-7.4711175,-6.6667479,,1,,12.129166666666666,0.6444520783236002,,"(0.43137254901960786, 0.13333333333333333, 0.8666666666666667)",True,False,True,True,42,62,20,"(0.3215686274509804, 0.6745098039215687, 0.0)",True,42,44,2,"(0.043137254901960784, 0.9529411764705882, 0.0)",False,,,,,False
288_Si288_011_011_a0.0_b0.0_c0.0_interface2shift1swap1,2,1,1,Si,False,2.7777777777777777,8,-42.60220066,-45.400925,-0.02864,0.02864,24,011,0,1,1,Si,False,8,-42.60220066,-45.400925,-0.02864,0.02864,24,011,0,1,1,0.0,0.0,0.0,0.0,0.0,0.0,288,1152,,,,,,4,,,,,,,,1,,,,,,False,True,False,False,,,,,False,,,,,False,,,,,
216_Si144Sn72_011_001_a0.742424_b0.106952_c1.967214_interface7shift1,7,1,1,Si,False,3.7037037037037033,8,-42.60220066,-45.400925,-0.02864,0.02864,24,011,0,1,1,Sn,False,8,-29.90800429,-34.349418,-0.0339,0.0339,12,001,0,0,1,0.742424,0.106952,1.967214,3.476561546,0.0,0.950324535,216,864,-995.08654926,-1080.537587,-4.531887809375,-4.271186779212963,-4.633274277777779,4,,9.180555555555555,-1112.894277,,-4.9843964375,-4.783073768518519,,1,,2.2106481481481484,4.152879581151832,,"(0.4588235294117647, 0.07058823529411765, 0.9254901960784314)",True,False,True,True,85,96,11,"(0.11372549019607843, 0.8823529411764706, 0.0)",True,85,86,1,"(0.00784313725490196, 0.9882352941176471, 0.0)",False,,,,,False
120_Si72Ge48_011_001_a0.0_b0.0_c0.0_interface6shift1,6,1,1,Si,False,6.666666666666667,8,-42.60220066,-45.400925,-0.02864,0.02864,12,011,0,1,1,Ge,False,8,-35.08485951,-38.831661,-0.03888,0.03888,8,001,0,0,1,0.0,0.0,0.0,4.176024914,0.0,2.319717407,120,480,3847.53747838,188679.520261,-4.855441260625,32.71020448791667,1573.031273725,4,,13.458333333333334,-624.544682,,-5.264536625,-4.502600799999999,,1,,4.30625,3.1253023705853895,,"(0.43137254901960786, 0.13333333333333333, 0.8666666666666667)",False,False,False,True,350,268,82,"(0.23137254901960785, 0.7647058823529411, 0.0)",True,350,350,0,"(0.0, 1.0, 0.0)",False,,,,,False
96_Si48Sn48_112_111_a0.537634_b0.183007_c1.579689_interface4shift3,4,3,3,Si,False,8.333333333333332,8,-42.60220066,-45.400925,-0.04167,0.04167,8,112,1,1,2,Sn,False,8,-29.90800429,-34.349418,-0.02936,0.02936,8,111,1,1,1,0.537634,0.183007,1.579689,3.476550341,0.0,0.950312614,96,384,,,,,,4,,,-474.326531,,-4.9843964375,-4.110168625,,1,,8.966145833333334,,,,True,False,False,False,,,,,False,,,,,False,,,,,False
300_Si36C264_012_011_a0.0_b0.0_c0.0_interface19shift1,19,1,1,Si,False,2.666666666666667,8,-42.60220066,-45.400925,-0.04167,0.04167,6,012,0,1,2,C,False,8,-69.80589084,-74.136955,-0.04167,0.04167,44,011,0,1,1,0.0,0.0,0.0,2.680741787,0.0,0.022864342,300,1200,,,,,,4,,,,,,,,1,,,,,,False,False,False,False,,,,,False,,,,,False,,,,,
264_Si156Sn108_001_001_a0.276923_b0.041026_c2.1_interface1shift7swap2,1,7,7,Si,False,3.0303030303030303,8,-42.60220066,-45.400925,-0.04051,0.04051,26,001,0,0,1,Sn,False,8,-29.90800429,-34.349418,-0.0339,0.0339,18,001,0,0,1,0.276923,0.041026,2.1,0.582945824,0.0,1.162487268,264,1056,-1098.0167782,-1212.606372,-4.531887809375,-3.884494595643939,-4.2911213219696975,4,,27.321969696969695,-1306.622379,,-4.9843964375,-4.647242560606061,,1,,6.502840909090909,4.201543614387651,,"(0.4666666666666667, 0.058823529411764705, 0.9372549019607843)",True,True,True,True,223,123,100,"(0.4470588235294118, 0.5490196078431373, 0.0)",True,223,228,5,"(0.0196078431372549, 0.9764705882352941, 0.0)",False,,,,,False
120_Si72Ge48_011_001_a0.368421_b0.222222_c2.163935_interface6shift4swap8,6,4,4,Si,False,6.666666666666667,8,-42.60220066,-45.400925,-0.02864,0.02864,12,011,0,1,1,Ge,False,8,-35.08485951,-38.831661,-0.03888,0.03888,8,001,0,0,1,0.368421,0.222222,2.163935,4.176024914,0.0,2.319717407,120,480,-575.13953275,-623.120686,-4.855441260625,-4.1454372715,-4.490734166666666,4,,5.483333333333333,-632.128555,,-5.264536625,-4.565799741666666,,1,,1.7041666666666666,3.21760391198044,,"(0.43137254901960786, 0.13333333333333333, 0.8666666666666667)",True,True,True,True,143,250,107,"(0.42745098039215684, 0.5686274509803921, 0.0)",True,143,143,0,"(0.0, 1.0, 0.0)",False,,,,,False
120_Si36C84_012_012_a0.25_b0.012346_c1.680068_interface13shift5,13,5,5,Si,False,6.666666666666667,8,-42.60220066,-45.400925,-0.04167,0.04167,6,012,0,1,2,C,False,8,-69.80589084,-74.136955,0.29167,0.375,14,012,0,1,2,0.25,0.012346,1.680068,0.319951773,6.83e-06,0.640940666,120,480,-794.61490929,-842.374616,-7.025505718750001,-5.685056814916667,-6.023639466666666,4,,9.233333333333333,-919.953284,,-7.4711175,-6.670128366666668,,1,,6.8875,1.3405928614640046,,"(0.43137254901960786, 0.13333333333333333, 0.8666666666666667)",True,False,True,True,30,57,27,"(0.47058823529411764, 0.5254901960784314, 0.0)",True,30,45,15,"(0.3333333333333333, 0.6666666666666666, 0.0)",False,,,,,False
144_Si144_011_011_a0.0_b0.0_c0.0_interface14shift1swap1,14,1,1,Si,False,5.555555555555555,8,-42.60220066,-45.400925,-0.02864,0.02864,12,011,0,1,1,Si,False,8,-42.60220066,-45.400925,-0.02864,0.02864,12,011,0,1,1,0.0,0.0,0.0,0.0,0.0,0.0,144,576,381.65164194,41.486267,-5.3252750825,3.242055855972222,0.9186674791666667,4,,13.319444444444445,-790.100983,,-5.675115625,-4.856243979166667,,1,,4.418402777777778,3.014538310412574,,"(0.4392156862745098, 0.10980392156862745, 0.8862745098039215)",False,True,False,True,313,83,230,"(0.7333333333333333, 0.2627450980392157, 0.0)",True,313,309,4,"(0.011764705882352941, 0.984313725490196, 0.0)",False,,,,,False
264_Si156Sn108_001_001_a0.276923_b0.041026_c2.1_interface1shift7swap8,1,7,7,Si,False,3.0303030303030303,8,-42.60220066,-45.400925,-0.04051,0.04051,26,001,0,0,1,Sn,False,8,-29.90800429,-34.349418,-0.0339,0.0339,18,001,0,0,1,0.276923,0.041026,2.1,0.582945824,0.0,1.162487268,264,1056,-1097.94980974,-1213.593613,-4.531887809375,-3.8842409272348486,-4.294860871212122,4,,26.477272727272727,-1305.172235,,-4.9843964375,-4.641749590909091,,1,,6.816287878787879,3.884412336760211,,"(0.4666666666666667, 0.058823529411764705, 0.9372549019607843)",True,True,True,True,225,125,100,"(0.44313725490196076, 0.5529411764705883, 0.0)",True,225,221,4,"(0.01568627450980392, 0.9803921568627451, 0.0)",False,,,,,False
120_Si72Ge48_011_001_a0.368421_b0.222222_c2.163935_interface6shift8swap4,6,8,8,Si,False,6.666666666666667,8,-42.60220066,-45.400925,-0.02864,0.02864,12,011,0,1,1,Ge,False,8,-35.08485951,-38.831661,-0.03888,0.03888,8,001,0,0,1,0.368421,0.222222,2.163935,4.176024914,0.0,2.319717407,120,480,-575.63483713,-623.217363,-4.855441260625,-4.149564808,-4.491539808333332,4,,10.241666666666667,-634.783502,,-5.264536625,-4.587924299999999,,1,,2.55,4.016339869281047,,"(0.43137254901960786, 0.13333333333333333, 0.8666666666666667)",True,True,True,True,128,189,61,"(0.3215686274509804, 0.6745098039215687, 0.0)",True,128,134,6,"(0.043137254901960784, 0.9529411764705882, 0.0)",False,,,,,False
120_Si72Ge48_011_001_a0.368421_b0.222222_c2.163935_interface6shift3,6,3,3,Si,False,6.666666666666667,8,-42.60220066,-45.400925,-0.02864,0.02864,12,011,0,1,1,Ge,False,8,-35.08485951,-38.831661,-0.03888,0.03888,8,001,0,0,1,0.368421,0.222222,2.163935,4.176024914,0.0,2.319717407,120,480,-578.29753575,-624.48183,-4.855441260625,-4.171753963166666,-4.502077033333332,4,,5.1,-634.407348,,-5.264536625,-4.584789683333332,,1,,1.9125,2.6666666666666665,,"(0.43137254901960786, 0.13333333333333333, 0.8666666666666667)",True,False,True,True,97,209,112,"(0.5333333333333333, 0.4627450980392157, 0.0)",True,97,114,17,"(0.14901960784313725, 0.8470588235294118, 0.0)",False,,,,,False
120_Si72Sn48_011_011_a0.612903_b0.295455_c2.163935_interface8shift1,8,1,1,Si,False,6.666666666666667,8,-42.60220066,-45.400925,-0.02864,0.02864,12,011,0,1,1,Sn,False,8,-29.90800429,-34.349418,-0.02397,0.02397,8,011,0,1,1,0.612903,0.295455,2.163935,2.441367626,0.0,4.823124409,120,480,-550.22236464,-600.122402,-4.531887809375,-3.9809346640833336,-4.336433824999999,4,,5.216666666666667,-606.42784,,-4.9843964375,-4.388979141666666,,1,,2.6145833333333335,1.995219123505976,,"(0.43137254901960786, 0.13333333333333333, 0.8666666666666667)",True,False,True,True,192,291,99,"(0.33725490196078434, 0.6588235294117647, 0.0)",True,192,193,1,"(0.00392156862745098, 0.9921568627450981, 0.0)",False,,,,,False
120_Si72Ge48_011_001_a0.368421_b0.222222_c2.163935_interface6shift5swap8,6,5,5,Si,False,6.666666666666667,8,-42.60220066,-45.400925,-0.02864,0.02864,12,011,0,1,1,Ge,False,8,-35.08485951,-38.831661,-0.03888,0.03888,8,001,0,0,1,0.368421,0.222222,2.163935,4.176024914,0.0,2.319717407,120,480,-575.66286957,-623.341855,-4.855441260625,-4.149798411666667,-4.492577241666667,4,,10.633333333333333,-634.665927,,-5.264536625,-4.586944508333333,,1,,2.0083333333333333,5.2946058091286305,,"(0.43137254901960786, 0.13333333333333333, 0.8666666666666667)",True,True,True,True,127,192,65,"(0.33725490196078434, 0.6588235294117647, 0.0)",True,127,126,1,"(0.00784313725490196, 0.9882352941176471, 0.0)",False,,,,,False
380_Si72C308_111_111_a0.0_b0.0_c0.0_interface3shift1,3,1,1,Si,False,2.1052631578947367,8,-42.60220066,-45.400925,0.29825,0.36841,12,111,1,1,1,C,False,8,-69.80589084,-74.136955,0.15625,0.17708,28,111,1,1,1,0.0,0.0,0.0,0.319956511,0.0,0.640952587,380,1520,,,,,,4,,,,,,,,1,,,,,,False,False,False,False,,,,,False,,,,,False,,,,,
120_Si36C84_012_012_a0.742424_b0.135802_c1.58124_interface15shift1,15,1,1,Si,False,6.666666666666667,8,-42.60220066,-45.400925,-0.04167,0.04167,6,012,0,1,2,C,False,8,-69.80589084,-74.136955,0.29167,0.375,14,012,0,1,2,0.742424,0.135802,1.58124,0.319951773,6.83e-06,0.640940666,120,480,-794.49389103,-844.679424,-7.025505718750001,-5.684048329416667,-6.0428462000000005,4,,7.608333333333333,-923.423576,,-7.4711175,-6.699047466666667,,1,,4.814583333333333,1.5802682821289487,,"(0.43137254901960786, 0.13333333333333333, 0.8666666666666667)",True,False,True,True,32,30,2,"(0.058823529411764705, 0.9372549019607843, 0.0)",True,32,31,1,"(0.027450980392156862, 0.9686274509803922, 0.0)",False,,,,,False
120_Si36C84_012_012_a0.121212_b0.123457_c1.087103_interface12shift1,12,1,1,Si,False,6.666666666666667,8,-42.60220066,-45.400925,-0.04167,0.04167,6,012,0,1,2,C,False,8,-69.80589084,-74.136955,0.29167,0.375,14,012,0,1,2,0.121212,0.123457,1.087103,0.319951773,6.83e-06,0.640940666,120,480,-799.87046878,-852.069882,-7.025505718750001,-5.728853144,-6.104433349999999,4,,9.55,-933.991302,,-7.4711175,-6.7871118500000005,,1,,7.60625,1.2555464256368118,,"(0.43137254901960786, 0.13333333333333333, 0.8666666666666667)",True,False,True,True,5,8,3,"(0.37254901960784315, 0.6235294117647059, 0.0)",True,5,4,1,"(0.2, 0.8, 0.0)",False,,,,,False
228_Si120Ge108_001_001_a0.093567_b0.087719_c2.0_interface1shift3,1,3,3,Si,False,3.508771929824561,8,-42.60220066,-45.400925,-0.04051,0.04051,20,001,0,0,1,Ge,False,8,-35.08485951,-38.831661,-0.03888,0.03888,18,001,0,0,1,0.093567,0.087719,2.0,1.169952631,0.0,2.326208353,228,912,-1064.00068621,-1154.375505,-4.855441260625,-4.325936956315789,-4.69360929385965,4,,14.43859649122807,-1191.581404,,-5.264536625,-4.8567930614035095,,1,,4.557017543859649,3.1684311838306063,,"(0.4627450980392157, 0.06666666666666667, 0.9294117647058824)",True,False,True,True,81,82,1,"(0.011764705882352941, 0.984313725490196, 0.0)",True,81,81,0,"(0.0, 1.0, 0.0)",False,,,,,False
264_Si156Sn108_001_001_a0.0_b0.0_c0.0_interface1shift1swap1,1,1,1,Si,False,3.0303030303030303,8,-42.60220066,-45.400925,-0.04051,0.04051,26,001,0,0,1,Sn,False,8,-29.90800429,-34.349418,-0.0339,0.0339,18,001,0,0,1,0.0,0.0,0.0,0.582945824,0.0,1.162487268,264,1056,905.37634311,,-4.531887809375,3.704115712348485,,4,,82.52272727272727,,,,,,1,,,,,,False,True,False,False,,,,,False,,,,,False,,,,,
192_Si120Ge72_001_013_a0.0_b0.0_c0.0_interface14shift1,14,1,1,Si,False,4.166666666666666,8,-42.60220066,-45.400925,-0.04051,0.04051,20,001,0,0,1,Ge,False,8,-35.08485951,-38.831661,0.125,0.20833,12,013,0,1,3,0.0,0.0,0.0,4.176017761,0.0,2.957212925,192,768,1710.74144259,9642.463589,-4.855441260625,9.314731785208332,50.659875911458336,4,,17.197916666666668,-1001.213836,,-5.264536625,-4.775944010416667,,1,,6.990885416666667,2.460048426150121,,"(0.4549019607843137, 0.08235294117647059, 0.9137254901960784)",False,False,False,True,333,99,234,"(0.7019607843137254, 0.29411764705882354, 0.0)",True,333,335,2,"(0.00392156862745098, 0.9921568627450981, 0.0)",False,,,,,False
264_Si156Sn108_001_001_a0.276923_b0.041026_c2.1_interface1shift5swap4,1,5,5,Si,False,3.0303030303030303,8,-42.60220066,-45.400925,-0.04051,0.04051,26,001,0,0,1,Sn,False,8,-29.90800429,-34.349418,-0.0339,0.0339,18,001,0,0,1,0.276923,0.041026,2.1,0.582945824,0.0,1.162487268,264,1056,-1092.63685476,-1206.608168,-4.531887809375,-3.864116097765151,-4.268400852272728,4,,28.916666666666668,-1301.938905,,-4.9843964375,-4.629502128787879,,1,,6.174242424242424,4.683435582822086,,"(0.4666666666666667, 0.058823529411764705, 0.9372549019607843)",True,True,True,True,251,167,84,"(0.3333333333333333, 0.6627450980392157, 0.0)",True,251,251,0,"(0.0, 1.0, 0.0)",False,,,,,False
156_Si108Ge48_001_114_a0.17284_b0.919753_c1.882941_interface8shift3,8,3,3,Si,False,5.128205128205128,8,-42.60220066,-45.400925,-0.04051,0.04051,18,001,0,0,1,Ge,False,8,-35.08485951,-38.831661,-0.04167,0.04167,8,114,1,1,4,0.17284,0.919753,1.882941,4.17603159,0.0,2.319717407,156,624,-727.52851042,-792.327849,-4.855441260625,-4.165650322115384,-4.539072198717948,4,,8.128205128205128,-824.861541,,-5.264536625,-4.747621506410256,,1,,6.918269230769231,1.1748899698864952,,"(0.44313725490196076, 0.10196078431372549, 0.8941176470588236)",True,False,True,True,111,104,7,"(0.06274509803921569, 0.9333333333333333, 0.0)",True,111,103,8,"(0.07058823529411765, 0.9254901960784314, 0.0)",False,,,,,False
120_Si72Ge48_011_001_a0.368421_b0.222222_c2.163935_interface6shift6swap5,6,6,6,Si,False,6.666666666666667,8,-42.60220066,-45.400925,-0.02864,0.02864,12,011,0,1,1,Ge,False,8,-35.08485951,-38.831661,-0.03888,0.03888,8,001,0,0,1,0.368421,0.222222,2.163935,4.176024914,0.0,2.319717407,120,480,-575.26416562,-622.84079,-4.855441260625,-4.14647587875,-4.488401699999999,4,,5.808333333333334,-634.124107,,-5.264536625,-4.582429341666667,,1,,2.095833333333333,2.771371769383698,,"(0.43137254901960786, 0.13333333333333333, 0.8666666666666667)",True,True,True,True,135,226,91,"(0.4, 0.596078431372549, 0.0)",True,135,155,20,"(0.12549019607843137, 0.8705882352941177, 0.0)",False,,,,,False
156_Si108Ge48_001_114_a0.345679_b0.290123_c1.585634_interface8shift2,8,2,2,Si,False,5.128205128205128,8,-42.60220066,-45.400925,-0.04051,0.04051,18,001,0,0,1,Ge,False,8,-35.08485951,-38.831661,-0.04167,0.04167,8,114,1,1,4,0.345679,0.290123,1.585634,4.17603159,0.0,2.319717407,156,624,-716.5909953,-783.986426,-4.855441260625,-4.095538045705128,-4.485601538461539,4,,8.012820512820513,-827.082668,,-5.264536625,-4.7618595,,1,,3.7996794871794872,2.108814846056516,,"(0.44313725490196076, 0.10196078431372549, 0.8941176470588236)",True,False,True,True,188,101,87,"(0.4627450980392157, 0.5333333333333333, 0.0)",True,188,181,7,"(0.03529411764705882, 0.9607843137254902, 0.0)",False,,,,,False
120_Si36C84_012_012_a0.015152_b0.117284_c1.58124_interface14shift7,14,7,7,Si,False,6.666666666666667,8,-42.60220066,-45.400925,-0.04167,0.04167,6,012,0,1,2,C,False,8,-69.80589084,-74.136955,-0.04167,0.04167,14,012,0,1,2,0.015152,0.117284,1.58124,0.319951773,6.83e-06,0.640940666,120,480,-790.26871346,-839.989767,-7.025505718750001,-5.648838516333333,-6.003765724999999,4,,7.525,-926.925079,,-7.4711175,-6.728226658333333,,1,,7.239583333333333,1.0394244604316547,,"(0.43137254901960786, 0.13333333333333333, 0.8666666666666667)",True,False,True,True,64,22,42,"(0.6549019607843137, 0.3411764705882353, 0.0)",True,64,67,3,"(0.043137254901960784, 0.9529411764705882, 0.0)",False,,,,,False
288_Si288_011_011_a0.0_b0.0_c0.0_interface2shift1,2,1,1,Si,False,2.7777777777777777,8,-42.60220066,-45.400925,-0.02864,0.02864,24,011,0,1,1,Si,False,8,-42.60220066,-45.400925,-0.02864,0.02864,24,011,0,1,1,0.0,0.0,0.0,0.0,0.0,0.0,288,1152,,,,,,4,,,,,,,,1,,,,,,False,False,False,False,,,,,False,,,,,False,,,,,
120_Si36C84_012_012_a0.136364_b0.135802_c0.988275_interface12shift5,12,5,5,Si,False,6.666666666666667,8,-42.60220066,-45.400925,-0.04167,0.04167,6,012,0,1,2,C,False,8,-69.80589084,-74.136955,0.29167,0.375,14,012,0,1,2,0.136364,0.135802,0.988275,0.319951773,6.83e-06,0.640940666,120,480,-796.54467833,-849.805125,-7.025505718750001,-5.701138223583333,-6.085560375,4,,8.216666666666667,-942.168167,,-7.4711175,-6.855252391666666,,1,,9.675,0.8492678725236864,,"(0.43137254901960786, 0.13333333333333333, 0.8666666666666667)",True,False,True,True,11,1,10,"(0.9058823529411765, 0.09019607843137255, 0.0)",True,11,9,2,"(0.1803921568627451, 0.8156862745098039, 0.0)",False,,,,,False
120_Si36C84_012_012_a0.022727_b0.117284_c1.482413_interface14shift3,14,3,3,Si,False,6.666666666666667,8,-42.60220066,-45.400925,-0.04167,0.04167,6,012,0,1,2,C,False,8,-69.80589084,-74.136955,-0.04167,0.04167,14,012,0,1,2,0.022727,0.117284,1.482413,0.319951773,6.83e-06,0.640940666,120,480,-794.06167657,-842.772931,-7.025505718750001,-5.68044654225,-6.026958758333333,4,,7.933333333333334,-918.919943,,-7.4711175,-6.6615171916666664,,1,,12.560416666666667,0.6316138663128213,,"(0.43137254901960786, 0.13333333333333333, 0.8666666666666667)",True,False,True,True,41,63,22,"(0.34901960784313724, 0.6470588235294118, 0.0)",True,41,43,2,"(0.043137254901960784, 0.9529411764705882, 0.0)",False,,,,,False
380_Si72C308_111_111_a0.181818_b0.0_c2.163935_interface3shift8,3,8,8,Si,False,2.1052631578947367,8,-42.60220066,-45.400925,0.29825,0.36841,12,111,1,1,1,C,False,8,-69.80589084,-74.136955,0.15625,0.17708,28,111,1,1,1,0.181818,0.0,2.163935,0.319956511,0.0,0.640952587,380,1520,,,,,,4,,,,,,,,1,,,,,,True,False,False,False,,,,,False,,,,,False,,,,,
264_Si156Sn108_001_001_a0.276923_b0.041026_c2.1_interface1shift3,1,3,3,Si,False,3.0303030303030303,8,-42.60220066,-45.400925,-0.04051,0.04051,26,001,0,0,1,Sn,False,8,-29.90800429,-34.349418,-0.0339,0.0339,18,001,0,0,1,0.276923,0.041026,2.1,0.582945824,0.0,1.162487268,264,1056,-1172.47490333,-1283.84847,-4.531887809375,-4.16653294840909,-4.560977753787879,4,,22.560606060606062,-1320.977882,,-4.9843964375,-4.701619465909091,,1,,2.324810606060606,9.704276985743382,,"(0.4666666666666667, 0.058823529411764705, 0.9372549019607843)",True,False,True,True,106,118,12,"(0.09803921568627451, 0.8980392156862745, 0.0)",True,106,98,8,"(0.07450980392156863, 0.9215686274509803, 0.0)",False,,,,,False
264_Si156Sn108_001_001_a0.276923_b0.041026_c2.1_interface1shift8swap5,1,8,8,Si,False,3.0303030303030303,8,-42.60220066,-45.400925,-0.04051,0.04051,26,001,0,0,1,Sn,False,8,-29.90800429,-34.349418,-0.0339,0.0339,18,001,0,0,1,0.276923,0.041026,2.1,0.582945824,0.0,1.162487268,264,1056,-1097.98526341,-1213.39236,-4.531887809375,-3.8843752214393934,-4.294098549242425,4,,25.178030303030305,-1303.283349,,-4.9843964375,-4.63459471969697,,1,,4.715909090909091,5.3389558232931735,,"(0.4666666666666667, 0.058823529411764705, 0.9372549019607843)",True,True,True,True,224,148,76,"(0.33725490196078434, 0.6588235294117647, 0.0)",True,224,223,1,"(0.00392156862745098, 0.9921568627450981, 0.0)",False,,,,,False
120_Si36C84_012_012_a0.0_b0.0_c0.0_interface10shift1,10,1,1,Si,False,6.666666666666667,8,-42.60220066,-45.400925,-0.04167,0.04167,6,012,0,1,2,C,False,8,-69.80589084,-74.136955,-0.04167,0.04167,14,012,0,1,2,0.0,0.0,0.0,0.319951773,6.83e-06,0.640940666,120,480,,,,,,4,,,,,,,,1,,,,,,False,False,False,False,,,,,False,,,,,False,,,,,
300_Si36C264_012_011_a0.0_b0.0_c0.0_interface20shift1,20,1,1,Si,False,2.666666666666667,8,-42.60220066,-45.400925,-0.04167,0.04167,6,012,0,1,2,C,False,8,-69.80589084,-74.136955,-0.04167,0.04167,44,011,0,1,1,0.0,0.0,0.0,2.680741787,0.0,0.022864342,300,1200,,,,,,4,,,,,,,,1,,,,,,False,False,False,False,,,,,False,,,,,False,,,,,
120_Si36C84_012_012_a0.117284_b0.611111_c1.58124_interface1shift8,1,8,8,Si,False,6.666666666666667,8,-42.60220066,-45.400925,-0.04167,0.04167,6,012,0,1,2,C,False,8,-69.80589084,-74.136955,0.29167,0.375,14,012,0,1,2,0.117284,0.611111,1.58124,0.319951773,0.0,0.640940666,120,480,-789.02409824,-838.32604,-7.025505718750001,-5.638466722833333,-5.989901333333334,4,,11.941666666666666,-931.643901,,-7.4711175,-6.767550175,,1,,5.052083333333333,2.363711340206186,,"(0.43137254901960786, 0.13333333333333333, 0.8666666666666667)",True,False,True,True,69,13,56,"(0.807843137254902, 0.18823529411764706, 0.0)",True,69,70,1,"(0.011764705882352941, 0.984313725490196, 0.0)",False,,,,,False
48_Si48_001_001_a0.0_b0.0_c0.0_interface8shift1swap1,8,1,1,Si,False,16.666666666666664,8,-42.60220066,-45.400925,-0.04051,0.04051,4,001,0,0,1,Si,False,8,-42.60220066,-45.400925,-0.04051,0.04051,4,001,0,0,1,0.0,0.0,0.0,0.0,0.0,0.0,48,192,78.26737536,30.850974,-5.3252750825,3.405662014166667,2.5344338333333334,4,,3.8333333333333335,-248.395322,,-5.675115625,-3.2831973333333333,,1,,0.9791666666666666,3.914893617021277,,"(0.32941176470588235, 0.32941176470588235, 0.6666666666666666)",False,True,False,True,316,348,32,"(0.09019607843137255, 0.9058823529411765, 0.0)",True,316,315,1,"(0.0, 0.996078431372549, 0.0)",False,,,,,False
120_Si72Ge48_011_001_a0.368421_b0.222222_c2.163935_interface6shift1swap5,6,1,1,Si,False,6.666666666666667,8,-42.60220066,-45.400925,-0.02864,0.02864,12,011,0,1,1,Ge,False,8,-35.08485951,-38.831661,-0.03888,0.03888,8,001,0,0,1,0.368421,0.222222,2.163935,4.176024914,0.0,2.319717407,120,480,-575.15528825,-622.740553,-4.855441260625,-4.145568567333333,-4.487566391666666,4,,5.816666666666666,-634.124583,,-5.264536625,-4.582433308333333,,1,,1.8770833333333334,3.0987791342952273,,"(0.43137254901960786, 0.13333333333333333, 0.8666666666666667)",True,True,True,True,139,225,86,"(0.3803921568627451, 0.615686274509804, 0.0)",True,139,163,24,"(0.1450980392156863, 0.8509803921568627, 0.0)",False,,,,,False
144_Si72Sn72_001_011_a0.212963_b0.012346_c2.262295_interface6shift3,6,3,3,Si,False,5.555555555555555,8,-42.60220066,-45.400925,-0.04051,0.04051,12,001,0,0,1,Sn,False,8,-29.90800429,-34.349418,-0.02397,0.02397,12,011,0,1,1,0.212963,0.012346,2.262295,3.476556301,0.0,0.950324535,144,576,-627.39705056,-690.571485,-4.531887809375,-3.853380872291667,-4.241813486111111,4,,6.236111111111111,-707.982562,,-4.9843964375,-4.362723743055556,,1,,1.5104166666666667,4.128735632183908,,"(0.4392156862745098, 0.10980392156862745, 0.8862745098039215)",True,False,True,True,256,299,43,"(0.1411764705882353, 0.8549019607843137, 0.0)",True,256,269,13,"(0.047058823529411764, 0.9490196078431372, 0.0)",False,,,,,False
84_Si36Ge48_001_011_a0.471698_b0.08642_c1.967213_interface7shift2,7,2,2,Si,False,9.523809523809524,8,-42.60220066,-45.400925,-0.04051,0.04051,6,001,0,0,1,Ge,False,8,-35.08485951,-38.831661,-0.0275,0.0275,8,011,0,1,1,0.471698,0.08642,1.967213,4.176025867,0.0,2.319717407,84,336,-386.33285264,-422.933543,-4.855441260625,-3.674354672261905,-4.03215425,4,,8.797619047619047,-431.917817,,-5.264536625,-4.139109892857142,,1,,1.6577380952380953,5.307001795332136,,"(0.4, 0.18823529411764706, 0.807843137254902)",True,False,True,True,286,320,34,"(0.10588235294117647, 0.8901960784313725, 0.0)",True,286,291,5,"(0.01568627450980392, 0.9803921568627451, 0.0)",False,,,,,False
216_Si72Ge144_013_011_a0.45679_b0.169591_c1.888633_interface4shift1,4,1,1,Si,False,3.7037037037037033,8,-42.60220066,-45.400925,0.125,0.20833,12,013,0,1,3,Ge,False,8,-35.08485951,-38.831661,-0.0275,0.0275,24,011,0,1,1,0.45679,0.169591,1.888633,1.781901121,0.0,2.930998802,216,864,-962.88586206,-1060.660794,-4.855441260625,-4.098142601342593,-4.520500962962962,4,,15.925925925925926,-1082.86281,,-5.264536625,-4.623288074074075,,1,,2.8472222222222223,5.593495934959349,,"(0.4588235294117647, 0.07058823529411765, 0.9254901960784314)",True,False,True,True,181,178,3,"(0.01568627450980392, 0.9803921568627451, 0.0)",True,181,109,72,"(0.396078431372549, 0.6, 0.0)",False,,,,,False
120_Si36C84_012_012_a0.123457_b0.611111_c1.482413_interface1shift2,1,2,2,Si,False,6.666666666666667,8,-42.60220066,-45.400925,-0.04167,0.04167,6,012,0,1,2,C,False,8,-69.80589084,-74.136955,0.29167,0.375,14,012,0,1,2,0.123457,0.611111,1.482413,0.319951773,0.0,0.640940666,120,480,-792.26162387,-840.96827,-7.025505718750001,-5.665446103083334,,4,,12.091666666666667,,,,,,1,,,,,,True,False,False,False,,,,,False,,,,,False,,,,,
228_Si120Ge108_001_001_a0.093567_b0.093567_c2.0_interface1shift6,1,6,6,Si,False,3.508771929824561,8,-42.60220066,-45.400925,-0.04051,0.04051,20,001,0,0,1,Ge,False,8,-35.08485951,-38.831661,-0.03888,0.03888,18,001,0,0,1,0.093567,0.093567,2.0,1.169952631,0.0,2.326208353,228,912,-1064.02948334,-1154.40537,-4.855441260625,-4.326063259517544,-4.693740280701755,4,,14.425438596491228,-1183.825961,,-5.264536625,-4.822777960526317,,1,,3.0482456140350878,4.732374100719424,,"(0.4627450980392157, 0.06666666666666667, 0.9294117647058824)",True,False,True,True,79,88,9,"(0.10196078431372549, 0.8941176470588236, 0.0)",True,79,79,0,"(0.0, 1.0, 0.0)",False,,,,,False
264_Si156Sn108_001_001_a0.0_b0.0_c0.0_interface1shift1swap8,1,1,1,Si,False,3.0303030303030303,8,-42.60220066,-45.400925,-0.04051,0.04051,26,001,0,0,1,Sn,False,8,-29.90800429,-34.349418,-0.0339,0.0339,18,001,0,0,1,0.0,0.0,0.0,0.582945824,0.0,1.162487268,264,1056,1080.65931418,3980.896247,-4.531887809375,4.368066360340909,,4,,79.03030303030303,,,,,,1,,,,,,False,True,False,False,,,,,False,,,,,False,,,,,
216_Si72Ge144_013_011_a0.45679_b0.672515_c1.888633_interface4shift2,4,2,2,Si,False,3.7037037037037033,8,-42.60220066,-45.400925,0.125,0.20833,12,013,0,1,3,Ge,False,8,-35.08485951,-38.831661,-0.0275,0.0275,24,011,0,1,1,0.45679,0.672515,1.888633,1.781901121,0.0,2.930998802,216,864,-962.86170166,-1060.640461,-4.855441260625,-4.098030747638889,-4.520406828703703,4,,16.88425925925926,-1082.743845,,-5.264536625,-4.622737310185186,,1,,1.9837962962962963,8.511085180863477,,"(0.4588235294117647, 0.07058823529411765, 0.9254901960784314)",True,False,True,True,185,180,5,"(0.023529411764705882, 0.9725490196078431, 0.0)",True,185,113,72,"(0.38823529411764707, 0.6078431372549019, 0.0)",False,,,,,False
380_Si72C308_111_111_a0.083333_b0.128788_c2.163935_interface3shift7,3,7,7,Si,False,2.1052631578947367,8,-42.60220066,-45.400925,0.29825,0.36841,12,111,1,1,1,C,False,8,-69.80589084,-74.136955,0.15625,0.17708,28,111,1,1,1,0.083333,0.128788,2.163935,0.319956511,0.0,0.640952587,380,1520,,,,,,4,,,,,,,,1,,,,,,True,False,False,False,,,,,False,,,,,False,,,,,
120_Si72Ge48_011_001_a0.368421_b0.222222_c2.163935_interface6shift7swap2,6,7,7,Si,False,6.666666666666667,8,-42.60220066,-45.400925,-0.02864,0.02864,12,011,0,1,1,Ge,False,8,-35.08485951,-38.831661,-0.03888,0.03888,8,001,0,0,1,0.368421,0.222222,2.163935,4.176024914,0.0,2.319717407,120,480,-575.54332184,-623.053114,-4.855441260625,-4.148802180583333,-4.490171066666666,4,,10.241666666666667,-632.183775,,-5.264536625,-4.566259908333333,,1,,1.6541666666666666,6.191435768261965,,"(0.43137254901960786, 0.13333333333333333, 0.8666666666666667)",True,True,True,True,129,249,120,"(0.47843137254901963, 0.5176470588235295, 0.0)",True,129,145,16,"(0.10980392156862745, 0.8862745098039215, 0.0)",False,,,,,False
380_Si72C308_111_111_a0.174242_b0.037879_c2.163935_interface4shift8,4,8,8,Si,False,2.1052631578947367,8,-42.60220066,-45.400925,0.29825,0.36841,12,111,1,1,1,C,False,8,-69.80589084,-74.136955,0.19792,0.21875,28,111,1,1,1,0.174242,0.037879,2.163935,0.319956511,0.0,0.640952587,380,1520,,,,,,4,,,,,,,,1,,,,,,True,False,False,False,,,,,False,,,,,False,,,,,
144_Si72Sn72_001_011_a0.212963_b0.512346_c2.262295_interface6shift8,6,8,8,Si,False,5.555555555555555,8,-42.60220066,-45.400925,-0.04051,0.04051,12,001,0,0,1,Sn,False,8,-29.90800429,-34.349418,-0.02397,0.02397,12,011,0,1,1,0.212963,0.512346,2.262295,3.476556301,0.0,0.950324535,144,576,-627.39705016,-690.571486,-4.531887809375,-3.8533808695138894,-4.241813493055556,4,,6.222222222222222,-707.982562,,-4.9843964375,-4.362723743055556,,1,,1.5,4.148148148148148,,"(0.4392156862745098, 0.10980392156862745, 0.8862745098039215)",True,False,True,True,257,300,43,"(0.1411764705882353, 0.8549019607843137, 0.0)",True,257,267,10,"(0.03529411764705882, 0.9607843137254902, 0.0)",False,,,,,False
264_Si156Sn108_001_001_a0.276923_b0.041026_c2.1_interface1shift3swap1,1,3,3,Si,False,3.0303030303030303,8,-42.60220066,-45.400925,-0.04051,0.04051,26,001,0,0,1,Sn,False,8,-29.90800429,-34.349418,-0.0339,0.0339,18,001,0,0,1,0.276923,0.041026,2.1,0.582945824,0.0,1.162487268,264,1056,-1105.44881214,-1222.03833,-4.531887809375,-3.91264623935606,-4.3268484356060615,4,,25.943181818181817,-1302.917459,,-4.9843964375,-4.633208772727273,,1,,5.597537878787879,4.634748773473185,,"(0.4666666666666667, 0.058823529411764705, 0.9372549019607843)",True,True,True,True,199,154,45,"(0.2235294117647059, 0.7725490196078432, 0.0)",True,199,199,0,"(0.0, 1.0, 0.0)",False,,,,,False
120_Si72Ge48_011_001_a0.368421_b0.222222_c2.163935_interface6shift4swap5,6,4,4,Si,False,6.666666666666667,8,-42.60220066,-45.400925,-0.02864,0.02864,12,011,0,1,1,Ge,False,8,-35.08485951,-38.831661,-0.03888,0.03888,8,001,0,0,1,0.368421,0.222222,2.163935,4.176024914,0.0,2.319717407,120,480,-575.26185015,-622.839586,-4.855441260625,-4.146456583166667,-4.488391666666667,4,,5.558333333333334,-632.280206,,-5.264536625,-4.567063500000001,,1,,1.7416666666666667,3.1913875598086126,,"(0.43137254901960786, 0.13333333333333333, 0.8666666666666667)",True,True,True,True,136,246,110,"(0.4470588235294118, 0.5490196078431373, 0.0)",True,136,156,20,"(0.12549019607843137, 0.8705882352941177, 0.0)",False,,,,,False
48_Si48_114_114_a0.0_b0.0_c0.0_interface16shift1,16,1,1,Si,False,16.666666666666664,8,-42.60220066,-45.400925,-0.04167,0.04167,4,114,1,1,4,Si,False,8,-42.60220066,-45.400925,-0.04167,0.04167,4,114,1,1,4,0.0,0.0,0.0,0.0,0.0,0.0,48,192,-91.68104666,-117.817737,-5.3252750825,-0.1349301112500001,-0.5628309791666665,4,,3.4375,-263.544589,,-5.675115625,-3.5988070624999993,,1,,2.140625,1.6058394160583942,,"(0.32941176470588235, 0.32941176470588235, 0.6666666666666666)",False,False,True,True,300,342,42,"(0.12156862745098039, 0.8745098039215686, 0.0)",True,300,302,2,"(0.00392156862745098, 0.9921568627450981, 0.0)",False,,,,,False
120_Si72Ge48_011_001_a0.0_b0.0_c0.0_interface6shift1swap8,6,1,1,Si,False,6.666666666666667,8,-42.60220066,-45.400925,-0.02864,0.02864,12,011,0,1,1,Ge,False,8,-35.08485951,-38.831661,-0.03888,0.03888,8,001,0,0,1,0.0,0.0,0.0,4.176024914,0.0,2.319717407,120,480,3766.55994584,95831.561008,-4.855441260625,32.035391716750006,799.29827995,4,,33.55,-625.207201,,-5.264536625,-4.508121791666667,,1,,10.175,3.297297297297297,,"(0.43137254901960786, 0.13333333333333333, 0.8666666666666667)",False,True,False,True,342,258,84,"(0.24313725490196078, 0.7529411764705882, 0.0)",True,342,342,0,"(0.0, 1.0, 0.0)",False,,,,,False
120_Si72Ge48_011_001_a0.368421_b0.222222_c2.163935_interface6shift8swap6,6,8,8,Si,False,6.666666666666667,8,-42.60220066,-45.400925,-0.02864,0.02864,12,011,0,1,1,Ge,False,8,-35.08485951,-38.831661,-0.03888,0.03888,8,001,0,0,1,0.368421,0.222222,2.163935,4.176024914,0.0,2.319717407,120,480,-576.07146531,-623.415706,-4.855441260625,-4.153203376166667,-4.493192666666666,4,,9.783333333333333,-634.741489,,-5.264536625,-4.587574191666666,,1,,1.7770833333333333,5.505275498241501,,"(0.43137254901960786, 0.13333333333333333, 0.8666666666666667)",True,True,True,True,115,190,75,"(0.39215686274509803, 0.6039215686274509, 0.0)",True,115,122,7,"(0.054901960784313725, 0.9411764705882353, 0.0)",False,,,,,False
380_Si72C308_111_111_a0.037879_b0.227273_c2.163935_interface7shift5,7,5,5,Si,False,2.1052631578947367,8,-42.60220066,-45.400925,0.29825,0.36841,12,111,1,1,1,C,False,8,-69.80589084,-74.136955,0.15625,0.17708,28,111,1,1,1,0.037879,0.227273,2.163935,0.319956511,0.0,0.640952587,380,1520,,,,,,4,,,,,,,,1,,,,,,True,False,False,False,,,,,False,,,,,False,,,,,
216_Si72Ge144_013_011_a0.45679_b0.847953_c1.888633_interface4shift7,4,7,7,Si,False,3.7037037037037033,8,-42.60220066,-45.400925,0.125,0.20833,12,013,0,1,3,Ge,False,8,-35.08485951,-38.831661,-0.0275,0.0275,24,011,0,1,1,0.45679,0.847953,1.888633,1.781901121,0.0,2.930998802,216,864,-962.97481263,-1060.735633,-4.855441260625,-4.098554409537037,-4.520847439814815,4,,17.421296296296298,-1082.598931,,-5.264536625,-4.622066412037038,,1,,2.931712962962963,5.942360836952231,,"(0.4588235294117647, 0.07058823529411765, 0.9254901960784314)",True,False,True,True,178,183,5,"(0.023529411764705882, 0.9725490196078431, 0.0)",True,178,106,72,"(0.403921568627451, 0.592156862745098, 0.0)",False,,,,,False
380_Si72C308_111_111_a0.045455_b0.015152_c2.163935_interface6shift7,6,7,7,Si,False,2.1052631578947367,8,-42.60220066,-45.400925,-0.03508,0.03508,12,111,1,1,1,C,False,8,-69.80589084,-74.136955,0.19792,0.21875,28,111,1,1,1,0.045455,0.015152,2.163935,0.319956511,0.0,0.640952587,380,1520,,,,,,4,,,,,,,,1,,,,,,True,False,False,False,,,,,False,,,,,False,,,,,
264_Si156Sn108_001_001_a0.276923_b0.041026_c2.1_interface1shift2swap3,1,2,2,Si,False,3.0303030303030303,8,-42.60220066,-45.400925,-0.04051,0.04051,26,001,0,0,1,Sn,False,8,-29.90800429,-34.349418,-0.0339,0.0339,18,001,0,0,1,0.276923,0.041026,2.1,0.582945824,0.0,1.162487268,264,1056,-1100.80469218,-1218.282183,-4.531887809375,-3.895054875871212,-4.312620606060606,4,,26.518939393939394,-1303.771124,,-4.9843964375,-4.636442352272728,,1,,5.946969696969697,4.459235668789809,,"(0.4666666666666667, 0.058823529411764705, 0.9372549019607843)",True,True,True,True,212,141,71,"(0.3333333333333333, 0.6627450980392157, 0.0)",True,212,209,3,"(0.011764705882352941, 0.984313725490196, 0.0)",False,,,,,False
264_Si156Sn108_001_001_a0.276923_b0.041026_c2.1_interface1shift7swap4,1,7,7,Si,False,3.0303030303030303,8,-42.60220066,-45.400925,-0.04051,0.04051,26,001,0,0,1,Sn,False,8,-29.90800429,-34.349418,-0.0339,0.0339,18,001,0,0,1,0.276923,0.041026,2.1,0.582945824,0.0,1.162487268,264,1056,-1096.7195684,-1211.540069,-4.531887809375,-3.8795809221590907,-4.287082295454545,4,,25.693181818181817,-1304.743058,,-4.9843964375,-4.6401239204545455,,1,,4.778409090909091,5.376932223543401,,"(0.4666666666666667, 0.058823529411764705, 0.9372549019607843)",True,True,True,True,230,127,103,"(0.4470588235294118, 0.5490196078431373, 0.0)",True,230,233,3,"(0.011764705882352941, 0.984313725490196, 0.0)",False,,,,,False
380_Si72C308_111_111_a0.075758_b0.25_c2.163935_interface8shift4,8,4,4,Si,False,2.1052631578947367,8,-42.60220066,-45.400925,0.29825,0.36841,12,111,1,1,1,C,False,8,-69.80589084,-74.136955,0.19792,0.21875,28,111,1,1,1,0.075758,0.25,2.163935,0.319956511,0.0,0.640952587,380,1520,,,,,,4,,,,,,,,1,,,,,,True,False,False,False,,,,,False,,,,,False,,,,,
96_Si48Sn48_112_111_a0.88172_b0.156863_c1.480959_interface4shift5,4,5,5,Si,False,8.333333333333332,8,-42.60220066,-45.400925,-0.04167,0.04167,8,112,1,1,2,Sn,False,8,-29.90800429,-34.349418,-0.02936,0.02936,8,111,1,1,1,0.88172,0.156863,1.480959,3.476550341,0.0,0.950312614,96,384,,,,,,4,,,-472.328194,,-4.9843964375,-4.089352614583333,,1,,4.091145833333333,,,,True,False,False,False,,,,,False,,,,,False,,,,,False
48_Si48_001_122_a0.0_b0.0_c0.0_interface10shift1,10,1,1,Si,False,16.666666666666664,8,-42.60220066,-45.400925,-0.04051,0.04051,6,001,0,0,1,Si,False,8,-42.60220066,-45.400925,-0.04167,0.04167,2,122,1,2,2,0.0,0.0,0.0,0.0,0.0,0.0,48,192,90.56263777,35.495873,-5.3252750825,3.661813314375,2.6312025625,4,,4.083333333333333,-264.309983,,-5.675115625,-3.614752770833333,,1,,5.046875,0.8090815273477812,,"(0.32941176470588235, 0.32941176470588235, 0.6666666666666666)",False,False,False,True,318,339,21,"(0.058823529411764705, 0.9372549019607843, 0.0)",True,318,317,1,"(0.0, 0.996078431372549, 0.0)",False,,,,,False
380_Si72C308_111_111_a0.227273_b0.022727_c2.163935_interface3shift5,3,5,5,Si,False,2.1052631578947367,8,-42.60220066,-45.400925,0.29825,0.36841,12,111,1,1,1,C,False,8,-69.80589084,-74.136955,0.15625,0.17708,28,111,1,1,1,0.227273,0.022727,2.163935,0.319956511,0.0,0.640952587,380,1520,,,,,,4,,,,,,,,1,,,,,,True,False,False,False,,,,,False,,,,,False,,,,,
120_Si36C84_012_012_a0.128788_b0.12963_c1.087103_interface12shift3,12,3,3,Si,False,6.666666666666667,8,-42.60220066,-45.400925,-0.04167,0.04167,6,012,0,1,2,C,False,8,-69.80589084,-74.136955,0.29167,0.375,14,012,0,1,2,0.128788,0.12963,1.087103,0.319951773,6.83e-06,0.640940666,120,480,-799.98697986,-852.212603,-7.025505718750001,-5.729824069666667,-6.105622691666666,4,,7.0,-932.76095,,-7.4711175,-6.776858916666667,,1,,13.725,0.5100182149362478,,"(0.43137254901960786, 0.13333333333333333, 0.8666666666666667)",True,False,True,True,4,10,6,"(0.6, 0.4, 0.0)",True,4,3,1,"(0.24705882352941178, 0.7490196078431373, 0.0)",False,,,,,False
264_Si156Sn108_001_001_a0.276923_b0.041026_c2.1_interface1shift1swap6,1,1,1,Si,False,3.0303030303030303,8,-42.60220066,-45.400925,-0.04051,0.04051,26,001,0,0,1,Sn,False,8,-29.90800429,-34.349418,-0.0339,0.0339,18,001,0,0,1,0.276923,0.041026,2.1,0.582945824,0.0,1.162487268,264,1056,-1103.61116924,-1220.100066,-4.531887809375,-3.9056854707954543,,4,,26.143939393939394,,,,,,1,,,,,,True,True,False,False,,,,,False,,,,,False,,,,,
60_Si36Sn24_012_012_a0.0_b0.0_c0.0_interface10shift1,10,1,1,Si,False,13.333333333333334,8,-42.60220066,-45.400925,-0.04167,0.04167,6,012,0,1,2,Sn,False,8,-29.90800429,-34.349418,-0.04167,0.04167,4,012,0,1,2,0.0,0.0,0.0,2.441372156,0.0,4.823124409,60,240,287.64966271,681.291697,-4.531887809375,6.002664460999999,12.684034,4,,9.883333333333333,-297.685818,,-4.9843964375,-3.6322579166666666,,1,,3.341666666666667,2.9576059850374063,,"(0.36470588235294116, 0.26666666666666666, 0.7333333333333333)",False,False,False,True,329,336,7,"(0.0196078431372549, 0.9764705882352941, 0.0)",True,329,329,0,"(0.0, 1.0, 0.0)",False,,,,,False
120_Si72Ge48_013_114_a0.302469_b0.77193_c1.38743_interface3shift2,3,2,2,Si,False,6.666666666666667,8,-42.60220066,-45.400925,0.125,0.20833,12,013,0,1,3,Ge,False,8,-35.08485951,-38.831661,-0.04167,0.04167,8,114,1,1,4,0.302469,0.77193,1.38743,1.781901121,0.0,2.930992842,120,480,-539.32335211,-595.632923,-4.855441260625,-3.8469690995,-4.261669475,4,,6.416666666666667,-620.169685,,-5.264536625,-4.466142491666667,,1,,7.572916666666667,0.8473177441540578,,"(0.43137254901960786, 0.13333333333333333, 0.8666666666666667)",True,False,True,True,271,270,1,"(0.0, 0.996078431372549, 0.0)",True,271,255,16,"(0.058823529411764705, 0.9372549019607843, 0.0)",False,,,,,False
120_Si72Ge48_013_114_a0.135802_b0.520468_c1.38743_interface2shift6,2,6,6,Si,False,6.666666666666667,8,-42.60220066,-45.400925,0.125,0.20833,12,013,0,1,3,Ge,False,8,-35.08485951,-38.831661,-0.04167,0.04167,8,114,1,1,4,0.135802,0.520468,1.38743,1.781901121,0.0,2.930992842,120,480,-539.47937557,-595.779234,-4.855441260625,-3.848269295,-4.262888733333333,4,,6.608333333333333,-619.171459,,-5.264536625,-4.457823941666667,,1,,6.404166666666667,1.0318802862719583,,"(0.43137254901960786, 0.13333333333333333, 0.8666666666666667)",True,False,True,True,268,271,3,"(0.00784313725490196, 0.9882352941176471, 0.0)",True,268,252,16,"(0.058823529411764705, 0.9372549019607843, 0.0)",False,,,,,False
60_Si36Sn24_012_012_a0.0_b0.0_c0.0_interface14shift1,14,1,1,Si,False,13.333333333333334,8,-42.60220066,-45.400925,-0.04167,0.04167,6,012,0,1,2,Sn,False,8,-29.90800429,-34.349418,-0.04167,0.04167,4,012,0,1,2,0.0,0.0,0.0,2.441372156,0.0,4.823124409,60,240,579.82203485,907.579361,-4.531887809375,10.872203996666666,16.455495066666668,4,,13.266666666666667,-297.967271,,-4.9843964375,-3.6369488,,1,,3.966666666666667,3.3445378151260505,,"(0.36470588235294116, 0.26666666666666666, 0.7333333333333333)",False,False,False,True,334,335,1,"(0.0, 0.996078431372549, 0.0)",True,334,331,3,"(0.00784313725490196, 0.9882352941176471, 0.0)",False,,,,,False
96_Si48Sn48_112_111_a0.0_b0.0_c0.0_interface3shift1,3,1,1,Si,False,8.333333333333332,8,-42.60220066,-45.400925,-0.04167,0.04167,8,112,1,1,2,Sn,False,8,-29.90800429,-34.349418,-0.02936,0.02936,8,111,1,1,1,0.0,0.0,0.0,3.476550341,0.0,0.950312614,96,384,,,,,,4,,,-469.080294,,-4.9843964375,-4.055520322916666,,1,,4.890625,,,,False,False,False,False,,,,,False,,,,,False,,,,,False
264_Si156Sn108_001_001_a0.276923_b0.041026_c2.1_interface1shift7,1,7,7,Si,False,3.0303030303030303,8,-42.60220066,-45.400925,-0.04051,0.04051,26,001,0,0,1,Sn,False,8,-29.90800429,-34.349418,-0.0339,0.0339,18,001,0,0,1,0.276923,0.041026,2.1,0.582945824,0.0,1.162487268,264,1056,-1172.49334565,-1283.862736,-4.531887809375,-4.166602805681818,-4.561031791666667,4,,22.515151515151516,-1320.981609,,-4.9843964375,-4.701633583333333,,1,,2.5956439393939394,8.674206493980298,,"(0.4666666666666667, 0.058823529411764705, 0.9372549019607843)",True,False,True,True,102,114,12,"(0.10196078431372549, 0.8941176470588236, 0.0)",True,102,95,7,"(0.06666666666666667, 0.9294117647058824, 0.0)",False,,,,,False
60_Si24Ge36_013_001_a0.0_b0.0_c0.0_interface15shift1,15,1,1,Si,False,13.333333333333334,8,-42.60220066,-45.400925,-0.04167,0.04167,4,013,0,1,3,Ge,False,8,-35.08485951,-38.831661,-0.03888,0.03888,6,001,0,0,1,0.0,0.0,0.0,4.176025867,0.0,2.957212925,60,240,248.56613157,287.389989,-4.855441260625,5.437553195666667,6.193709583333334,4,,10.816666666666666,-301.631594,,-5.264536625,-3.6233168000000004,,1,,2.8958333333333335,3.735251798561151,,"(0.36470588235294116, 0.26666666666666666, 0.7333333333333333)",False,False,False,True,326,337,11,"(0.03137254901960784, 0.9647058823529412, 0.0)",True,326,326,0,"(0.0, 1.0, 0.0)",False,,,,,False
380_Si72C308_111_111_a0.128788_b0.090909_c2.163935_interface7shift1,7,1,1,Si,False,2.1052631578947367,8,-42.60220066,-45.400925,0.29825,0.36841,12,111,1,1,1,C,False,8,-69.80589084,-74.136955,0.15625,0.17708,28,111,1,1,1,0.128788,0.090909,2.163935,0.319956511,0.0,0.640952587,380,1520,,,,,,4,,,,,,,,1,,,,,,True,False,False,False,,,,,False,,,,,False,,,,,
120_Si36C84_012_012_a0.037879_b0.006173_c1.482413_interface11shift5,11,5,5,Si,False,6.666666666666667,8,-42.60220066,-45.400925,-0.04167,0.04167,6,012,0,1,2,C,False,8,-69.80589084,-74.136955,0.29167,0.375,14,012,0,1,2,0.037879,0.006173,1.482413,0.319951773,6.83e-06,0.640940666,120,480,-796.59018274,-846.043992,-7.025505718750001,-5.701517427000001,-6.0542176,4,,8.55,-923.765193,,-7.4711175,-6.701894274999999,,1,,5.8,1.4741379310344829,,"(0.43137254901960786, 0.13333333333333333, 0.8666666666666667)",True,False,True,True,9,27,18,"(0.6666666666666666, 0.3333333333333333, 0.0)",True,9,19,10,"(0.5254901960784314, 0.47058823529411764, 0.0)",False,,,,,False
120_Si36C84_012_012_a0.242424_b0.135802_c1.58124_interface15shift5,15,5,5,Si,False,6.666666666666667,8,-42.60220066,-45.400925,-0.04167,0.04167,6,012,0,1,2,C,False,8,-69.80589084,-74.136955,0.29167,0.375,14,012,0,1,2,0.242424,0.135802,1.58124,0.319951773,6.83e-06,0.640940666,120,480,-794.49388729,-844.679419,-7.025505718750001,-5.6840482982500005,-6.042846158333333,4,,7.516666666666667,-923.423576,,-7.4711175,-6.699047466666667,,1,,4.935416666666667,1.5230054875474883,,"(0.43137254901960786, 0.13333333333333333, 0.8666666666666667)",True,False,True,True,33,31,2,"(0.058823529411764705, 0.9372549019607843, 0.0)",True,33,32,1,"(0.027450980392156862, 0.9686274509803922, 0.0)",False,,,,,False
156_Si108Ge48_001_114_a0.092593_b0.753086_c1.585634_interface8shift1,8,1,1,Si,False,5.128205128205128,8,-42.60220066,-45.400925,-0.04051,0.04051,18,001,0,0,1,Ge,False,8,-35.08485951,-38.831661,-0.04167,0.04167,8,114,1,1,4,0.092593,0.753086,1.585634,4.17603159,0.0,2.319717407,156,624,-716.90921242,-784.150805,-4.855441260625,-4.097577899038462,-4.486655249999999,4,,8.275641025641026,-826.708468,,-5.264536625,-4.759460782051282,,1,,4.415064102564102,1.874410163339383,,"(0.44313725490196076, 0.10196078431372549, 0.8941176470588236)",True,False,True,True,187,102,85,"(0.45098039215686275, 0.5450980392156862, 0.0)",True,187,171,16,"(0.08235294117647059, 0.9137254901960784, 0.0)",False,,,,,False
120_Si72Sn48_011_011_a0.978495_b0.113636_c2.163935_interface8shift2,8,2,2,Si,False,6.666666666666667,8,-42.60220066,-45.400925,-0.02864,0.02864,12,011,0,1,1,Sn,False,8,-29.90800429,-34.349418,-0.02397,0.02397,8,011,0,1,1,0.978495,0.113636,2.163935,2.441367626,0.0,4.823124409,120,480,-550.24070456,-600.010261,-4.531887809375,-3.9810874967500003,-4.335499316666667,4,,5.141666666666667,-605.791171,,-4.9843964375,-4.383673566666666,,1,,2.7604166666666665,1.8626415094339623,,"(0.43137254901960786, 0.13333333333333333, 0.8666666666666667)",True,False,True,True,191,295,104,"(0.34901960784313724, 0.6470588235294118, 0.0)",True,191,196,5,"(0.023529411764705882, 0.9725490196078431, 0.0)",False,,,,,False
120_Si72Sn48_011_011_a0.0_b0.0_c0.0_interface12shift1,12,1,1,Si,False,6.666666666666667,8,-42.60220066,-45.400925,-0.02864,0.02864,12,011,0,1,1,Sn,False,8,-29.90800429,-34.349418,-0.02397,0.02397,8,011,0,1,1,0.0,0.0,0.0,2.441372156,0.0,4.823124409,120,480,553.60611448,642.176432,-4.531887809375,5.21763599525,6.016056458333334,4,,11.975,-608.513131,,-4.9843964375,-4.406356566666667,,1,,6.416666666666667,1.866233766233766,,"(0.43137254901960786, 0.13333333333333333, 0.8666666666666667)",False,False,False,True,325,286,39,"(0.11764705882352941, 0.8784313725490196, 0.0)",True,325,325,0,"(0.0, 1.0, 0.0)",False,,,,,False
120_Si36C84_012_012_a0.25_b0.135802_c1.18593_interface16shift3,16,3,3,Si,False,6.666666666666667,8,-42.60220066,-45.400925,-0.04167,0.04167,6,012,0,1,2,C,False,8,-69.80589084,-74.136955,0.29167,0.375,14,012,0,1,2,0.25,0.135802,1.18593,0.319951773,6.83e-06,0.640940666,120,480,-788.34168345,-839.243513,-7.025505718750001,-5.632779932916667,,4,,6.733333333333333,,,,,,1,,,,,,True,False,False,False,,,,,False,,,,,False,,,,,
120_Si36C84_012_012_a0.128788_b0.135802_c1.087103_interface12shift8,12,8,8,Si,False,6.666666666666667,8,-42.60220066,-45.400925,-0.04167,0.04167,6,012,0,1,2,C,False,8,-69.80589084,-74.136955,0.29167,0.375,14,012,0,1,2,0.128788,0.135802,1.087103,0.319951773,6.83e-06,0.640940666,120,480,-799.71409727,-852.068163,-7.025505718750001,-5.727550048083334,-6.104419025,4,,7.95,-934.42746,,-7.4711175,-6.7907465,,1,,14.475,0.5492227979274612,,"(0.43137254901960786, 0.13333333333333333, 0.8666666666666667)",True,False,True,True,6,7,1,"(0.1411764705882353, 0.8549019607843137, 0.0)",True,6,5,1,"(0.16470588235294117, 0.8313725490196079, 0.0)",False,,,,,False
264_Si156Sn108_001_001_a0.276923_b0.041026_c2.1_interface1shift2swap7,1,2,2,Si,False,3.0303030303030303,8,-42.60220066,-45.400925,-0.04051,0.04051,26,001,0,0,1,Sn,False,8,-29.90800429,-34.349418,-0.0339,0.0339,18,001,0,0,1,0.276923,0.041026,2.1,0.582945824,0.0,1.162487268,264,1056,-1093.07475166,-1209.398327,-4.531887809375,-3.8657747981439385,-4.278969636363637,4,,27.132575757575758,-1304.22637,,-4.9843964375,-4.638166768939395,,1,,5.252840909090909,5.165314584460068,,"(0.4666666666666667, 0.058823529411764705, 0.9372549019607843)",True,True,True,True,249,134,115,"(0.4588235294117647, 0.5372549019607843, 0.0)",True,249,243,6,"(0.023529411764705882, 0.9725490196078431, 0.0)",False,,,,,False
380_Si72C308_111_111_a0.136364_b0.212121_c2.163935_interface5shift4,5,4,4,Si,False,2.1052631578947367,8,-42.60220066,-45.400925,-0.03508,0.03508,12,111,1,1,1,C,False,8,-69.80589084,-74.136955,0.15625,0.17708,28,111,1,1,1,0.136364,0.212121,2.163935,0.319956511,0.0,0.640952587,380,1520,,,,,,4,,,,,,,,1,,,,,,True,False,False,False,,,,,False,,,,,False,,,,,
120_Si72Ge48_011_001_a0.368421_b0.222222_c2.163935_interface6shift3swap7,6,3,3,Si,False,6.666666666666667,8,-42.60220066,-45.400925,-0.02864,0.02864,12,011,0,1,1,Ge,False,8,-35.08485951,-38.831661,-0.03888,0.03888,8,001,0,0,1,0.368421,0.222222,2.163935,4.176024914,0.0,2.319717407,120,480,-574.26206436,-622.075673,-4.855441260625,-4.1381250349166665,-4.482025725,4,,6.991666666666666,-632.328861,,-5.264536625,-4.5674689583333326,,1,,1.68125,4.158612143742255,,"(0.43137254901960786, 0.13333333333333333, 0.8666666666666667)",True,True,True,True,174,243,69,"(0.2823529411764706, 0.7137254901960784, 0.0)",True,174,186,12,"(0.06274509803921569, 0.9333333333333333, 0.0)",False,,,,,False
380_Si72C308_111_111_a0.121212_b0.227273_c2.163935_interface6shift3,6,3,3,Si,False,2.1052631578947367,8,-42.60220066,-45.400925,-0.03508,0.03508,12,111,1,1,1,C,False,8,-69.80589084,-74.136955,0.19792,0.21875,28,111,1,1,1,0.121212,0.227273,2.163935,0.319956511,0.0,0.640952587,380,1520,,,,,,4,,,,,,,,1,,,,,,True,False,False,False,,,,,False,,,,,False,,,,,
380_Si72C308_111_111_a0.05303_b0.19697_c2.163935_interface8shift3,8,3,3,Si,False,2.1052631578947367,8,-42.60220066,-45.400925,0.29825,0.36841,12,111,1,1,1,C,False,8,-69.80589084,-74.136955,0.19792,0.21875,28,111,1,1,1,0.05303,0.19697,2.163935,0.319956511,0.0,0.640952587,380,1520,,,,,,4,,,,,,,,1,,,,,,True,False,False,False,,,,,False,,,,,False,,,,,
380_Si72C308_111_111_a0.121212_b0.090909_c2.163935_interface7shift3,7,3,3,Si,False,2.1052631578947367,8,-42.60220066,-45.400925,0.29825,0.36841,12,111,1,1,1,C,False,8,-69.80589084,-74.136955,0.15625,0.17708,28,111,1,1,1,0.121212,0.090909,2.163935,0.319956511,0.0,0.640952587,380,1520,,,,,,4,,,,,,,,1,,,,,,True,False,False,False,,,,,False,,,,,False,,,,,
96_Si48Sn48_112_111_a0.365591_b0.411765_c1.480959_interface3shift6,3,6,6,Si,False,8.333333333333332,8,-42.60220066,-45.400925,-0.04167,0.04167,8,112,1,1,2,Sn,False,8,-29.90800429,-34.349418,-0.02936,0.02936,8,111,1,1,1,0.365591,0.411765,1.480959,3.476550341,0.0,0.950312614,96,384,,,,,,4,,,-474.416024,,-4.9843964375,-4.111100843749999,,1,,3.4765625,,,,True,False,False,False,,,,,False,,,,,False,,,,,False
120_Si72Sn48_011_011_a0.623656_b0.287879_c2.163935_interface8shift8,8,8,8,Si,False,6.666666666666667,8,-42.60220066,-45.400925,-0.02864,0.02864,12,011,0,1,1,Sn,False,8,-29.90800429,-34.349418,-0.02397,0.02397,8,011,0,1,1,0.623656,0.287879,2.163935,2.441367626,0.0,4.823124409,120,480,-550.18962279,-600.073139,-4.531887809375,-3.9806618153333337,-4.336023299999999,4,,5.108333333333333,-607.086076,,-4.9843964375,-4.394464441666667,,1,,3.03125,1.6852233676975945,,"(0.43137254901960786, 0.13333333333333333, 0.8666666666666667)",True,False,True,True,195,288,93,"(0.3215686274509804, 0.6745098039215687, 0.0)",True,195,195,0,"(0.0, 1.0, 0.0)",False,,,,,False
120_Si72Ge48_011_001_a0.368421_b0.222222_c2.163935_interface6shift7swap8,6,7,7,Si,False,6.666666666666667,8,-42.60220066,-45.400925,-0.02864,0.02864,12,011,0,1,1,Ge,False,8,-35.08485951,-38.831661,-0.03888,0.03888,8,001,0,0,1,0.368421,0.222222,2.163935,4.176024914,0.0,2.319717407,120,480,-575.70467963,-623.364575,-4.855441260625,-4.150146828833333,-4.492766575,4,,10.141666666666667,-632.883419,,-5.264536625,-4.572090274999999,,1,,1.625,6.241025641025642,,"(0.43137254901960786, 0.13333333333333333, 0.8666666666666667)",True,True,True,True,125,235,110,"(0.4666666666666667, 0.5294117647058824, 0.0)",True,125,125,0,"(0.0, 1.0, 0.0)",False,,,,,False
120_Si72Ge48_011_001_a0.368421_b0.222222_c2.163935_interface6shift7swap3,6,7,7,Si,False,6.666666666666667,8,-42.60220066,-45.400925,-0.02864,0.02864,12,011,0,1,1,Ge,False,8,-35.08485951,-38.831661,-0.03888,0.03888,8,001,0,0,1,0.368421,0.222222,2.163935,4.176024914,0.0,2.319717407,120,480,-575.3239482,-623.13929,-4.855441260625,-4.146974066916667,-4.4908892,4,,10.758333333333333,-632.678514,,-5.264536625,-4.570382733333332,,1,,1.48125,7.263009845288326,,"(0.43137254901960786, 0.13333333333333333, 0.8666666666666667)",True,True,True,True,132,237,105,"(0.4392156862745098, 0.5568627450980392, 0.0)",True,132,140,8,"(0.054901960784313725, 0.9411764705882353, 0.0)",False,,,,,False
120_Si72Ge48_011_001_a0.368421_b0.222222_c2.163935_interface6shift5swap3,6,5,5,Si,False,6.666666666666667,8,-42.60220066,-45.400925,-0.02864,0.02864,12,011,0,1,1,Ge,False,8,-35.08485951,-38.831661,-0.03888,0.03888,8,001,0,0,1,0.368421,0.222222,2.163935,4.176024914,0.0,2.319717407,120,480,-575.28317014,-623.035698,-4.855441260625,-4.14663424975,-4.490025933333333,4,,12.45,-632.268579,,-5.264536625,-4.566966608333333,,1,,1.68125,7.405204460966543,,"(0.43137254901960786, 0.13333333333333333, 0.8666666666666667)",True,True,True,True,134,247,113,"(0.4549019607843137, 0.5411764705882353, 0.0)",True,134,146,12,"(0.0784313725490196, 0.9176470588235294, 0.0)",False,,,,,False
60_Si36Sn24_012_012_a0.0_b0.0_c0.0_interface16shift1,16,1,1,Si,False,13.333333333333334,8,-42.60220066,-45.400925,-0.04167,0.04167,6,012,0,1,2,Sn,False,8,-29.90800429,-34.349418,-0.04167,0.04167,4,012,0,1,2,0.0,0.0,0.0,2.441372156,0.0,4.823124409,60,240,308.55074283,570.237801,-4.531887809375,6.351015796333333,10.833135733333334,4,,16.516666666666666,-297.970668,,-4.9843964375,-3.6370054166666668,,1,,3.4125,4.84004884004884,,"(0.36470588235294116, 0.26666666666666666, 0.7333333333333333)",False,False,False,True,331,334,3,"(0.00784313725490196, 0.9882352941176471, 0.0)",True,331,328,3,"(0.00784313725490196, 0.9882352941176471, 0.0)",False,,,,,False
264_Si156Sn108_001_001_a0.276923_b0.041026_c2.1_interface1shift6,1,6,6,Si,False,3.0303030303030303,8,-42.60220066,-45.400925,-0.04051,0.04051,26,001,0,0,1,Sn,False,8,-29.90800429,-34.349418,-0.0339,0.0339,18,001,0,0,1,0.276923,0.041026,2.1,0.582945824,0.0,1.162487268,264,1056,-1172.49334333,-1283.862742,-4.531887809375,-4.166602796893939,-4.56103181439394,4,,21.973484848484848,-1320.981608,,-4.9843964375,-4.701633579545455,,1,,2.578598484848485,8.521483657730444,,"(0.4666666666666667, 0.058823529411764705, 0.9372549019607843)",True,False,True,True,103,116,13,"(0.10980392156862745, 0.8862745098039215, 0.0)",True,103,94,9,"(0.08627450980392157, 0.9098039215686274, 0.0)",False,,,,,False
380_Si72C308_111_111_a0.05303_b0.113636_c2.163935_interface7shift2,7,2,2,Si,False,2.1052631578947367,8,-42.60220066,-45.400925,0.29825,0.36841,12,111,1,1,1,C,False,8,-69.80589084,-74.136955,0.15625,0.17708,28,111,1,1,1,0.05303,0.113636,2.163935,0.319956511,0.0,0.640952587,380,1520,,,,,,4,,,,,,,,1,,,,,,True,False,False,False,,,,,False,,,,,False,,,,,
264_Si156Sn108_001_001_a0.276923_b0.041026_c2.1_interface1shift8swap8,1,8,8,Si,False,3.0303030303030303,8,-42.60220066,-45.400925,-0.04051,0.04051,26,001,0,0,1,Sn,False,8,-29.90800429,-34.349418,-0.0339,0.0339,18,001,0,0,1,0.276923,0.041026,2.1,0.582945824,0.0,1.162487268,264,1056,-1098.82430038,-1215.565304,-4.531887809375,-3.887553391780303,-4.302329397727273,4,,25.678030303030305,-1303.36874,,-4.9843964375,-4.6349181704545455,,1,,4.3106060606060606,5.956942003514939,,"(0.4666666666666667, 0.058823529411764705, 0.9372549019607843)",True,True,True,True,214,147,67,"(0.30980392156862746, 0.6862745098039216, 0.0)",True,214,216,2,"(0.00784313725490196, 0.9882352941176471, 0.0)",False,,,,,False
380_Si72C308_111_111_a0.083333_b0.121212_c2.163935_interface3shift4,3,4,4,Si,False,2.1052631578947367,8,-42.60220066,-45.400925,0.29825,0.36841,12,111,1,1,1,C,False,8,-69.80589084,-74.136955,0.15625,0.17708,28,111,1,1,1,0.083333,0.121212,2.163935,0.319956511,0.0,0.640952587,380,1520,,,,,,4,,,,,,,,1,,,,,,True,False,False,False,,,,,False,,,,,False,,,,,
120_Si36C84_012_012_a0.75_b0.135802_c1.18593_interface16shift8,16,8,8,Si,False,6.666666666666667,8,-42.60220066,-45.400925,-0.04167,0.04167,6,012,0,1,2,C,False,8,-69.80589084,-74.136955,0.29167,0.375,14,012,0,1,2,0.75,0.135802,1.18593,0.319951773,6.83e-06,0.640940666,120,480,-788.34168858,-839.243519,-7.025505718750001,-5.632779975666667,,4,,6.766666666666667,,,,,,1,,,,,,True,False,False,False,,,,,False,,,,,False,,,,,
120_Si72Ge48_013_114_a0.055556_b0.076023_c1.486532_interface2shift8,2,8,8,Si,False,6.666666666666667,8,-42.60220066,-45.400925,0.125,0.20833,12,013,0,1,3,Ge,False,8,-35.08485951,-38.831661,-0.04167,0.04167,8,114,1,1,4,0.055556,0.076023,1.486532,1.781901121,0.0,2.930992842,120,480,-519.83059854,-578.619114,-4.855441260625,-3.6845294864166664,-4.119887733333333,4,,7.291666666666667,-616.264559,,-5.264536625,-4.433599774999999,,1,,4.40625,1.6548463356973997,,"(0.43137254901960786, 0.13333333333333333, 0.8666666666666667)",True,False,True,True,280,279,1,"(0.0, 0.996078431372549, 0.0)",True,280,280,0,"(0.0, 1.0, 0.0)",False,,,,,False
120_Si72Ge48_011_001_a0.368421_b0.222222_c2.163935_interface6shift2swap1,6,2,2,Si,False,6.666666666666667,8,-42.60220066,-45.400925,-0.02864,0.02864,12,011,0,1,1,Ge,False,8,-35.08485951,-38.831661,-0.03888,0.03888,8,001,0,0,1,0.368421,0.222222,2.163935,4.176024914,0.0,2.319717407,120,480,-574.81208646,-622.615862,-4.855441260625,-4.142708552416667,-4.4865273000000006,4,,5.558333333333334,-633.910704,,-5.264536625,-4.580650983333333,,1,,1.8833333333333333,2.9513274336283186,,"(0.43137254901960786, 0.13333333333333333, 0.8666666666666667)",True,True,True,True,158,230,72,"(0.30980392156862746, 0.6862745098039216, 0.0)",True,158,173,15,"(0.08627450980392157, 0.9098039215686274, 0.0)",False,,,,,False
120_Si72Ge48_011_001_a0.368421_b0.222222_c2.163935_interface6shift5swap6,6,5,5,Si,False,6.666666666666667,8,-42.60220066,-45.400925,-0.02864,0.02864,12,011,0,1,1,Ge,False,8,-35.08485951,-38.831661,-0.03888,0.03888,8,001,0,0,1,0.368421,0.222222,2.163935,4.176024914,0.0,2.319717407,120,480,-576.04561471,-623.369631,-4.855441260625,-4.1529879545,-4.492808708333333,4,,10.033333333333333,-632.549054,,-5.264536625,-4.5693038999999995,,1,,1.4520833333333334,6.90961262553802,,"(0.43137254901960786, 0.13333333333333333, 0.8666666666666667)",True,True,True,True,118,238,120,"(0.5019607843137255, 0.49411764705882355, 0.0)",True,118,124,6,"(0.047058823529411764, 0.9490196078431372, 0.0)",False,,,,,False
120_Si36C84_012_012_a0.121212_b0.012346_c1.482413_interface16shift6,16,6,6,Si,False,6.666666666666667,8,-42.60220066,-45.400925,-0.04167,0.04167,6,012,0,1,2,C,False,8,-69.80589084,-74.136955,0.29167,0.375,14,012,0,1,2,0.121212,0.012346,1.482413,0.319951773,6.83e-06,0.640940666,120,480,-796.74207346,-846.664653,-7.025505718750001,-5.702783183,-6.059389775,4,,8.841666666666667,-923.624347,,-7.4711175,-6.700720558333332,,1,,11.275,0.7841832963784183,,"(0.43137254901960786, 0.13333333333333333, 0.8666666666666667)",True,False,True,True,8,29,21,"(0.7215686274509804, 0.27450980392156865, 0.0)",True,8,13,5,"(0.3843137254901961, 0.611764705882353, 0.0)",False,,,,,False
120_Si36C84_012_012_a0.25_b0.018519_c1.680068_interface13shift1,13,1,1,Si,False,6.666666666666667,8,-42.60220066,-45.400925,-0.04167,0.04167,6,012,0,1,2,C,False,8,-69.80589084,-74.136955,0.29167,0.375,14,012,0,1,2,0.25,0.018519,1.680068,0.319951773,6.83e-06,0.640940666,120,480,-794.25813981,-842.282549,-7.025505718750001,-5.682083735916667,-6.022872241666666,4,,9.2,-919.957721,,-7.4711175,-6.6701653416666655,,1,,6.189583333333333,1.486368226186469,,"(0.43137254901960786, 0.13333333333333333, 0.8666666666666667)",True,False,True,True,34,54,20,"(0.3686274509803922, 0.6274509803921569, 0.0)",True,34,47,13,"(0.27450980392156865, 0.7215686274509804, 0.0)",False,,,,,False
144_Si72Sn72_001_011_a0.046296_b0.481481_c2.3_interface5shift1,5,1,1,Si,False,5.555555555555555,8,-42.60220066,-45.400925,-0.04051,0.04051,12,001,0,0,1,Sn,False,8,-29.90800429,-34.349418,-0.02397,0.02397,12,011,0,1,1,0.046296,0.481481,2.3,3.476556301,0.0,0.950324535,144,576,-626.77044834,-691.00889,-4.531887809375,-3.8490294679861115,-4.244851020833333,4,,6.819444444444445,-706.652214,,-4.9843964375,-4.353485215277777,,1,,3.8055555555555554,1.7919708029197081,,"(0.4392156862745098, 0.10980392156862745, 0.8862745098039215)",True,False,True,True,263,305,42,"(0.13725490196078433, 0.8588235294117647, 0.0)",True,263,265,2,"(0.00392156862745098, 0.9921568627450981, 0.0)",False,,,,,False
96_Si48Sn48_112_111_a0.344086_b0.405229_c1.480958_interface2shift6,2,6,6,Si,False,8.333333333333332,8,-42.60220066,-45.400925,-0.04167,0.04167,8,112,1,1,2,Sn,False,8,-29.90800429,-34.349418,-0.02936,0.02936,8,111,1,1,1,0.344086,0.405229,1.480958,3.476550341,0.0,0.950312614,96,384,,,,,,4,,,-474.49067,,-4.9843964375,-4.11187840625,,1,,9.497395833333334,,,,True,False,False,False,,,,,False,,,,,False,,,,,False
264_Si156Sn108_001_001_a0.0_b0.0_c0.0_interface1shift1,1,1,1,Si,False,3.0303030303030303,8,-42.60220066,-45.400925,-0.04051,0.04051,26,001,0,0,1,Sn,False,8,-29.90800429,-34.349418,-0.0339,0.0339,18,001,0,0,1,0.0,0.0,0.0,0.582945824,0.0,1.162487268,264,1056,1334.13660537,16426.651005,-4.531887809375,5.328207614848486,,4,,65.59469696969697,,,,,,1,,,,,,False,False,False,False,,,,,False,,,,,False,,,,,
144_Si72Sn72_001_011_a0.046296_b0.814815_c2.3_interface5shift2,5,2,2,Si,False,5.555555555555555,8,-42.60220066,-45.400925,-0.04051,0.04051,12,001,0,0,1,Sn,False,8,-29.90800429,-34.349418,-0.02397,0.02397,12,011,0,1,1,0.046296,0.814815,2.3,3.476556301,0.0,0.950324535,144,576,-626.77045193,-691.008893,-4.531887809375,-3.849029492916667,-4.244851041666666,4,,6.986111111111111,-706.652214,,-4.9843964375,-4.353485215277777,,1,,3.7881944444444446,1.8441796516956919,,"(0.4392156862745098, 0.10980392156862745, 0.8862745098039215)",True,False,True,True,262,306,44,"(0.1411764705882353, 0.8549019607843137, 0.0)",True,262,262,0,"(0.0, 1.0, 0.0)",False,,,,,False
120_Si36C84_012_012_a0.265152_b0.104938_c1.680068_interface13shift6,13,6,6,Si,False,6.666666666666667,8,-42.60220066,-45.400925,-0.04167,0.04167,6,012,0,1,2,C,False,8,-69.80589084,-74.136955,0.29167,0.375,14,012,0,1,2,0.265152,0.104938,1.680068,0.319951773,6.83e-06,0.640940666,120,480,-792.75985642,-841.387128,-7.025505718750001,-5.669598041,-6.0154103999999995,4,,8.741666666666667,-921.757537,,-7.4711175,-6.685163808333332,,1,,8.391666666666667,1.041708043694141,,"(0.43137254901960786, 0.13333333333333333, 0.8666666666666667)",True,False,True,True,47,42,5,"(0.10588235294117647, 0.8901960784313725, 0.0)",True,47,59,12,"(0.2, 0.796078431372549, 0.0)",False,,,,,False
120_Si72Ge48_011_001_a0.368421_b0.222222_c2.163935_interface6shift2,6,2,2,Si,False,6.666666666666667,8,-42.60220066,-45.400925,-0.02864,0.02864,12,011,0,1,1,Ge,False,8,-35.08485951,-38.831661,-0.03888,0.03888,8,001,0,0,1,0.368421,0.222222,2.163935,4.176024914,0.0,2.319717407,120,480,-578.29365544,-624.474575,-4.855441260625,-4.171721627249999,-4.502016574999999,4,,5.166666666666667,-634.408408,,-5.264536625,-4.584798516666666,,1,,1.475,3.5028248587570623,,"(0.43137254901960786, 0.13333333333333333, 0.8666666666666667)",True,False,True,True,98,205,107,"(0.5215686274509804, 0.4745098039215686, 0.0)",True,98,116,18,"(0.15294117647058825, 0.8431372549019608, 0.0)",False,,,,,False
144_Si72Sn72_001_011_a0.12963_b0.814815_c2.3_interface5shift3,5,3,3,Si,False,5.555555555555555,8,-42.60220066,-45.400925,-0.04051,0.04051,12,001,0,0,1,Sn,False,8,-29.90800429,-34.349418,-0.02397,0.02397,12,011,0,1,1,0.12963,0.814815,2.3,3.476556301,0.0,0.950324535,144,576,-626.76956284,-691.008896,-4.531887809375,-3.849023318680556,-4.2448510625,4,,6.777777777777778,-706.652213,,-4.9843964375,-4.353485208333333,,1,,3.779513888888889,1.7932935231970601,,"(0.4392156862745098, 0.10980392156862745, 0.8862745098039215)",True,False,True,True,265,310,45,"(0.1450980392156863, 0.8509803921568627, 0.0)",True,265,259,6,"(0.0196078431372549, 0.9764705882352941, 0.0)",False,,,,,False
120_Si36C84_012_012_a0.037879_b0.111111_c0.988275_interface13shift2,13,2,2,Si,False,6.666666666666667,8,-42.60220066,-45.400925,-0.04167,0.04167,6,012,0,1,2,C,False,8,-69.80589084,-74.136955,0.29167,0.375,14,012,0,1,2,0.037879,0.111111,0.988275,0.319951773,6.83e-06,0.640940666,120,480,-783.84746061,-832.84765,-7.025505718750001,-5.595328075916667,-5.944248083333334,4,,7.058333333333334,-921.091289,,-7.4711175,-6.679611741666665,,1,,7.572916666666667,0.9320495185694635,,"(0.43137254901960786, 0.13333333333333333, 0.8666666666666667)",True,False,True,True,75,44,31,"(0.4117647058823529, 0.5843137254901961, 0.0)",True,75,76,1,"(0.011764705882352941, 0.984313725490196, 0.0)",False,,,,,False
240_Si144Sn96_011_011_a0.0_b0.0_c0.0_interface11shift1,11,1,1,Si,False,3.3333333333333335,8,-42.60220066,-45.400925,-0.02864,0.02864,24,011,0,1,1,Sn,False,8,-29.90800429,-34.349418,-0.02397,0.02397,16,011,0,1,1,0.0,0.0,0.0,2.441372156,0.0,4.823124409,240,960,2995.96251476,186356.201219,-4.531887809375,12.785302998791668,,4,,39.38333333333333,,,,,,1,,,,,,False,False,False,False,,,,,False,,,,,False,,,,,
120_Si36C84_012_012_a0.742424_b0.006173_c1.58124_interface15shift8,15,8,8,Si,False,6.666666666666667,8,-42.60220066,-45.400925,-0.04167,0.04167,6,012,0,1,2,C,False,8,-69.80589084,-74.136955,0.29167,0.375,14,012,0,1,2,0.742424,0.006173,1.58124,0.319951773,6.83e-06,0.640940666,120,480,-793.94693209,-842.359844,-7.025505718750001,-5.679490338250001,-6.023516366666667,4,,8.05,-920.131514,,-7.4711175,-6.671613616666667,,1,,8.19375,0.9824561403508774,,"(0.43137254901960786, 0.13333333333333333, 0.8666666666666667)",True,False,True,True,44,53,9,"(0.16862745098039217, 0.8274509803921568, 0.0)",True,44,46,2,"(0.043137254901960784, 0.9529411764705882, 0.0)",False,,,,,False
120_Si72Ge48_011_001_a0.368421_b0.222222_c2.163935_interface6shift7swap7,6,7,7,Si,False,6.666666666666667,8,-42.60220066,-45.400925,-0.02864,0.02864,12,011,0,1,1,Ge,False,8,-35.08485951,-38.831661,-0.03888,0.03888,8,001,0,0,1,0.368421,0.222222,2.163935,4.176024914,0.0,2.319717407,120,480,-574.60837191,-622.501167,-4.855441260625,-4.141010931166666,-4.485571508333334,4,,10.308333333333334,-634.480221,,-5.264536625,-4.585396958333333,,1,,1.5666666666666667,6.579787234042554,,"(0.43137254901960786, 0.13333333333333333, 0.8666666666666667)",True,True,True,True,171,202,31,"(0.15294117647058825, 0.8431372549019608, 0.0)",True,171,182,11,"(0.058823529411764705, 0.9372549019607843, 0.0)",False,,,,,False
120_Si72Ge48_011_001_a0.0_b0.0_c0.0_interface6shift1swap2,6,1,1,Si,False,6.666666666666667,8,-42.60220066,-45.400925,-0.02864,0.02864,12,011,0,1,1,Ge,False,8,-35.08485951,-38.831661,-0.03888,0.03888,8,001,0,0,1,0.0,0.0,0.0,4.176024914,0.0,2.319717407,120,480,3831.04977242,188464.547371,-4.855441260625,32.572806938250004,1571.239832975,4,,20.458333333333332,-624.742983,,-5.264536625,-4.504253308333333,,1,,5.508333333333334,3.7140695915279873,,"(0.43137254901960786, 0.13333333333333333, 0.8666666666666667)",False,True,False,True,345,266,79,"(0.22745098039215686, 0.7686274509803922, 0.0)",True,345,348,3,"(0.00784313725490196, 0.9882352941176471, 0.0)",False,,,,,False
120_Si72Ge48_011_001_a0.368421_b0.222222_c2.163935_interface6shift1swap2,6,1,1,Si,False,6.666666666666667,8,-42.60220066,-45.400925,-0.02864,0.02864,12,011,0,1,1,Ge,False,8,-35.08485951,-38.831661,-0.03888,0.03888,8,001,0,0,1,0.368421,0.222222,2.163935,4.176024914,0.0,2.319717407,120,480,-574.84311423,-622.817762,-4.855441260625,-4.142967117166666,-4.488209800000001,4,,5.908333333333333,-634.169539,,-5.264536625,-4.582807941666666,,1,,1.9166666666666667,3.0826086956521737,,"(0.43137254901960786, 0.13333333333333333, 0.8666666666666667)",True,True,True,True,155,217,62,"(0.2823529411764706, 0.7137254901960784, 0.0)",True,155,158,3,"(0.01568627450980392, 0.9803921568627451, 0.0)",False,,,,,False
120_Si36C84_012_012_a0.740741_b0.098765_c1.482413_interface10shift3,10,3,3,Si,False,6.666666666666667,8,-42.60220066,-45.400925,-0.04167,0.04167,6,012,0,1,2,C,False,8,-69.80589084,-74.136955,-0.04167,0.04167,14,012,0,1,2,0.740741,0.098765,1.482413,0.319951773,6.83e-06,0.640940666,120,480,-795.11295119,-845.671176,-7.025505718750001,-5.689207164083333,-6.0511108,4,,11.775,-922.411627,,-7.4711175,-6.6906145583333325,,1,,10.725,1.097902097902098,,"(0.43137254901960786, 0.13333333333333333, 0.8666666666666667)",True,False,True,True,27,36,9,"(0.24705882352941178, 0.7490196078431373, 0.0)",True,27,25,2,"(0.07058823529411765, 0.9254901960784314, 0.0)",False,,,,,False
264_Si156Sn108_001_001_a0.276923_b0.041026_c2.1_interface1shift4swap5,1,4,4,Si,False,3.0303030303030303,8,-42.60220066,-45.400925,-0.04051,0.04051,26,001,0,0,1,Sn,False,8,-29.90800429,-34.349418,-0.0339,0.0339,18,001,0,0,1,0.276923,0.041026,2.1,0.582945824,0.0,1.162487268,264,1056,-1094.51879753,-1209.488336,-4.531887809375,-3.871244668863636,-4.279310579545454,4,,26.481060606060606,-1303.150328,,-4.9843964375,-4.6340908522727275,,1,,4.625,5.725634725634725,,"(0.4666666666666667, 0.058823529411764705, 0.9372549019607843)",True,True,True,True,240,150,90,"(0.37254901960784315, 0.6235294117647059, 0.0)",True,240,242,2,"(0.00784313725490196, 0.9882352941176471, 0.0)",False,,,,,False
264_Si156Sn108_001_001_a0.0_b0.0_c0.0_interface1shift1swap3,1,1,1,Si,False,3.0303030303030303,8,-42.60220066,-45.400925,-0.04051,0.04051,26,001,0,0,1,Sn,False,8,-29.90800429,-34.349418,-0.0339,0.0339,18,001,0,0,1,0.0,0.0,0.0,0.582945824,0.0,1.162487268,264,1056,1082.98561965,,-4.531887809375,4.376878123484849,,4,,79.2840909090909,,,,,,1,,,,,,False,True,False,False,,,,,False,,,,,False,,,,,
96_Si48Sn48_112_111_a0.870968_b0.156863_c1.480959_interface3shift2,3,2,2,Si,False,8.333333333333332,8,-42.60220066,-45.400925,-0.04167,0.04167,8,112,1,1,2,Sn,False,8,-29.90800429,-34.349418,-0.02936,0.02936,8,111,1,1,1,0.870968,0.156863,1.480959,3.476550341,0.0,0.950312614,96,384,,,,,,4,,,-472.807425,,-4.9843964375,-4.094344604166667,,1,,5.067708333333333,,,,True,False,False,False,,,,,False,,,,,False,,,,,False
120_Si72Sn48_011_011_a0.623656_b0.295455_c2.163935_interface8shift7,8,7,7,Si,False,6.666666666666667,8,-42.60220066,-45.400925,-0.02864,0.02864,12,011,0,1,1,Sn,False,8,-29.90800429,-34.349418,-0.02397,0.02397,8,011,0,1,1,0.623656,0.295455,2.163935,2.441367626,0.0,4.823124409,120,480,-550.52246685,-600.355737,-4.531887809375,-3.9834355158333334,-4.338378283333332,4,,5.158333333333333,-606.417313,,-4.9843964375,-4.388891416666667,,1,,3.3,1.5631313131313131,,"(0.43137254901960786, 0.13333333333333333, 0.8666666666666667)",True,False,True,True,190,294,104,"(0.35294117647058826, 0.6431372549019608, 0.0)",True,190,191,1,"(0.00392156862745098, 0.9921568627450981, 0.0)",False,,,,,False
120_Si36C84_012_012_a0.283951_b0.716049_c0.988275_interface2shift8,2,8,8,Si,False,6.666666666666667,8,-42.60220066,-45.400925,-0.04167,0.04167,6,012,0,1,2,C,False,8,-69.80589084,-74.136955,-0.04167,0.04167,14,012,0,1,2,0.283951,0.716049,0.988275,0.319951773,0.0,0.640940666,120,480,-789.12751494,-840.894804,-7.025505718750001,-5.639328528666667,-6.0113077,4,,9.758333333333333,-919.766877,,-7.4711175,-6.668574974999999,,1,,10.322916666666666,0.9453077699293643,,"(0.43137254901960786, 0.13333333333333333, 0.8666666666666667)",True,False,True,True,68,60,8,"(0.11764705882352941, 0.8823529411764706, 0.0)",True,68,65,3,"(0.043137254901960784, 0.9529411764705882, 0.0)",False,,,,,False
264_Si156Sn108_001_001_a0.276923_b0.041026_c2.1_interface1shift5swap8,1,5,5,Si,False,3.0303030303030303,8,-42.60220066,-45.400925,-0.04051,0.04051,26,001,0,0,1,Sn,False,8,-29.90800429,-34.349418,-0.0339,0.0339,18,001,0,0,1,0.276923,0.041026,2.1,0.582945824,0.0,1.162487268,264,1056,-1096.35809876,-1211.537454,-4.531887809375,-3.8782117189772727,-4.287072390151516,4,,25.174242424242426,-1305.268979,,-4.9843964375,-4.642116045454546,,1,,4.609848484848484,5.4609695973705845,,"(0.4666666666666667, 0.058823529411764705, 0.9372549019607843)",True,True,True,True,232,124,108,"(0.4627450980392157, 0.5333333333333333, 0.0)",True,232,234,2,"(0.00784313725490196, 0.9882352941176471, 0.0)",False,,,,,False
120_Si36C84_012_012_a0.0_b0.0_c0.0_interface16shift1,16,1,1,Si,False,6.666666666666667,8,-42.60220066,-45.400925,-0.04167,0.04167,6,012,0,1,2,C,False,8,-69.80589084,-74.136955,0.29167,0.375,14,012,0,1,2,0.0,0.0,0.0,0.319951773,6.83e-06,0.640940666,120,480,104.87670045,-58.179284,-7.025505718750001,1.8107065995833334,,4,,10.408333333333333,,,,,,1,,,,,,False,False,False,False,,,,,False,,,,,False,,,,,
120_Si72Ge48_011_001_a0.368421_b0.222222_c2.163935_interface6shift6swap2,6,6,6,Si,False,6.666666666666667,8,-42.60220066,-45.400925,-0.02864,0.02864,12,011,0,1,1,Ge,False,8,-35.08485951,-38.831661,-0.03888,0.03888,8,001,0,0,1,0.368421,0.222222,2.163935,4.176024914,0.0,2.319717407,120,480,-574.78179402,-622.801072,-4.855441260625,-4.142456115416667,-4.488070716666666,4,,6.041666666666667,-634.169714,,-5.264536625,-4.5828094,,1,,1.8895833333333334,3.197353914002205,,"(0.43137254901960786, 0.13333333333333333, 0.8666666666666667)",True,True,True,True,160,216,56,"(0.25882352941176473, 0.7372549019607844, 0.0)",True,160,159,1,"(0.00392156862745098, 0.9921568627450981, 0.0)",False,,,,,False
120_Si72Ge48_011_001_a0.368421_b0.222222_c2.163935_interface6shift5swap2,6,5,5,Si,False,6.666666666666667,8,-42.60220066,-45.400925,-0.02864,0.02864,12,011,0,1,1,Ge,False,8,-35.08485951,-38.831661,-0.03888,0.03888,8,001,0,0,1,0.368421,0.222222,2.163935,4.176024914,0.0,2.319717407,120,480,-575.537539,-623.145371,-4.855441260625,-4.14875399025,-4.490939875,4,,10.141666666666667,-634.591397,,-5.264536625,-4.586323425000001,,1,,1.5979166666666667,6.346805736636246,,"(0.43137254901960786, 0.13333333333333333, 0.8666666666666667)",True,True,True,True,130,196,66,"(0.3333333333333333, 0.6627450980392157, 0.0)",True,130,139,9,"(0.06274509803921569, 0.9333333333333333, 0.0)",False,,,,,False
216_Si72Ge144_013_011_a0.45679_b0.175439_c1.888633_interface4shift3,4,3,3,Si,False,3.7037037037037033,8,-42.60220066,-45.400925,0.125,0.20833,12,013,0,1,3,Ge,False,8,-35.08485951,-38.831661,-0.0275,0.0275,24,011,0,1,1,0.45679,0.175439,1.888633,1.781901121,0.0,2.930998802,216,864,-962.86877263,-1060.646796,-4.855441260625,-4.098063483611111,-4.520436157407407,4,,16.02314814814815,-1082.742109,,-5.264536625,-4.622729273148149,,1,,1.9282407407407407,8.309723889555823,,"(0.4588235294117647, 0.07058823529411765, 0.9254901960784314)",True,False,True,True,183,181,2,"(0.00784313725490196, 0.9882352941176471, 0.0)",True,183,111,72,"(0.39215686274509803, 0.6039215686274509, 0.0)",False,,,,,False
380_Si72C308_111_111_a0.19697_b0.136364_c2.163935_interface4shift7,4,7,7,Si,False,2.1052631578947367,8,-42.60220066,-45.400925,0.29825,0.36841,12,111,1,1,1,C,False,8,-69.80589084,-74.136955,0.19792,0.21875,28,111,1,1,1,0.19697,0.136364,2.163935,0.319956511,0.0,0.640952587,380,1520,,,,,,4,,,,,,,,1,,,,,,True,False,False,False,,,,,False,,,,,False,,,,,
264_Si156Sn108_001_001_a0.276923_b0.041026_c2.1_interface1shift5swap7,1,5,5,Si,False,3.0303030303030303,8,-42.60220066,-45.400925,-0.04051,0.04051,26,001,0,0,1,Sn,False,8,-29.90800429,-34.349418,-0.0339,0.0339,18,001,0,0,1,0.276923,0.041026,2.1,0.582945824,0.0,1.162487268,264,1056,-1098.17318108,-1215.029093,-4.531887809375,-3.8850870307954537,-4.300298295454546,4,,26.526515151515152,-1302.048616,,-4.9843964375,-4.629917700757576,,1,,4.509469696969697,5.882402351952961,,"(0.4666666666666667, 0.058823529411764705, 0.9372549019607843)",True,True,True,True,219,164,55,"(0.25098039215686274, 0.7450980392156863, 0.0)",True,219,218,1,"(0.00392156862745098, 0.9921568627450981, 0.0)",False,,,,,False
216_Si144Sn72_011_001_a0.227273_b0.101604_c1.868853_interface7shift5,7,5,5,Si,False,3.7037037037037033,8,-42.60220066,-45.400925,-0.02864,0.02864,24,011,0,1,1,Sn,False,8,-29.90800429,-34.349418,-0.0339,0.0339,12,001,0,0,1,0.227273,0.101604,1.868853,3.476561546,0.0,0.950324535,216,864,-983.48387863,-1069.347085,-4.531887809375,-4.217470711481481,-4.581466398148148,4,,9.273148148148149,-1112.962661,,-4.9843964375,-4.7833903611111115,,1,,1.9421296296296295,4.774731823599524,,"(0.4588235294117647, 0.07058823529411765, 0.9254901960784314)",True,False,True,True,91,93,2,"(0.0196078431372549, 0.9764705882352941, 0.0)",True,91,91,0,"(0.0, 1.0, 0.0)",False,,,,,False
264_Si156Sn108_001_001_a0.276923_b0.041026_c2.1_interface1shift1,1,1,1,Si,False,3.0303030303030303,8,-42.60220066,-45.400925,-0.04051,0.04051,26,001,0,0,1,Sn,False,8,-29.90800429,-34.349418,-0.0339,0.0339,18,001,0,0,1,0.276923,0.041026,2.1,0.582945824,0.0,1.162487268,264,1056,-1172.49394743,-1283.862733,-4.531887809375,-4.166605085151515,-4.56103178030303,4,,22.34090909090909,-1320.981609,,-4.9843964375,-4.701633583333333,,1,,2.581439393939394,8.654438738077769,,"(0.4666666666666667, 0.058823529411764705, 0.9372549019607843)",True,False,True,True,101,115,14,"(0.12156862745098039, 0.8745098039215686, 0.0)",True,101,96,5,"(0.047058823529411764, 0.9490196078431372, 0.0)",False,,,,,False
120_Si72Ge48_011_001_a0.0_b0.0_c0.0_interface6shift1swap7,6,1,1,Si,False,6.666666666666667,8,-42.60220066,-45.400925,-0.02864,0.02864,12,011,0,1,1,Ge,False,8,-35.08485951,-38.831661,-0.03888,0.03888,8,001,0,0,1,0.0,0.0,0.0,4.176024914,0.0,2.319717407,120,480,3842.23518757,188673.124757,-4.855441260625,32.666018731166666,1572.9779778583334,4,,21.341666666666665,-624.954371,,-5.264536625,-4.506014875,,1,,7.80625,2.7339204697091004,,"(0.43137254901960786, 0.13333333333333333, 0.8666666666666667)",False,True,False,True,348,260,88,"(0.25098039215686274, 0.7450980392156863, 0.0)",True,348,349,1,"(0.0, 0.996078431372549, 0.0)",False,,,,,False
120_Si36C84_012_012_a0.314815_b0.061728_c1.482413_interface10shift1,10,1,1,Si,False,6.666666666666667,8,-42.60220066,-45.400925,-0.04167,0.04167,6,012,0,1,2,C,False,8,-69.80589084,-74.136955,-0.04167,0.04167,14,012,0,1,2,0.314815,0.061728,1.482413,0.319951773,6.83e-06,0.640940666,120,480,-795.73177221,-846.246257,-7.025505718750001,-5.694364005916667,-6.055903141666666,4,,12.125,-919.810817,,-7.4711175,-6.668941141666666,,1,,7.158333333333333,1.6938300349243307,,"(0.43137254901960786, 0.13333333333333333, 0.8666666666666667)",True,False,True,True,22,59,37,"(0.6235294117647059, 0.37254901960784315, 0.0)",True,22,16,6,"(0.27058823529411763, 0.7254901960784313, 0.0)",False,,,,,False
380_Si72C308_111_111_a0.075758_b0.166667_c2.163935_interface5shift8,5,8,8,Si,False,2.1052631578947367,8,-42.60220066,-45.400925,-0.03508,0.03508,12,111,1,1,1,C,False,8,-69.80589084,-74.136955,0.15625,0.17708,28,111,1,1,1,0.075758,0.166667,2.163935,0.319956511,0.0,0.640952587,380,1520,,,,,,4,,,,,,,,1,,,,,,True,False,False,False,,,,,False,,,,,False,,,,,
120_Si72Ge48_011_001_a0.368421_b0.222222_c2.163935_interface6shift5swap7,6,5,5,Si,False,6.666666666666667,8,-42.60220066,-45.400925,-0.02864,0.02864,12,011,0,1,1,Ge,False,8,-35.08485951,-38.831661,-0.03888,0.03888,8,001,0,0,1,0.368421,0.222222,2.163935,4.176024914,0.0,2.319717407,120,480,-574.56679036,-622.412476,-4.855441260625,-4.14066441825,-4.4848324166666655,4,,10.625,-634.488795,,-5.264536625,-4.585468408333332,,1,,1.4270833333333333,7.445255474452555,,"(0.43137254901960786, 0.13333333333333333, 0.8666666666666667)",True,True,True,True,172,200,28,"(0.13725490196078433, 0.8588235294117647, 0.0)",True,172,183,11,"(0.058823529411764705, 0.9372549019607843, 0.0)",False,,,,,False
120_Si36C84_012_012_a0.280303_b0.061728_c1.482413_interface11shift1,11,1,1,Si,False,6.666666666666667,8,-42.60220066,-45.400925,-0.04167,0.04167,6,012,0,1,2,C,False,8,-69.80589084,-74.136955,0.29167,0.375,14,012,0,1,2,0.280303,0.061728,1.482413,0.319951773,6.83e-06,0.640940666,120,480,-796.13473466,-845.511494,-7.025505718750001,-5.697722026333334,-6.049780116666667,4,,8.425,-922.221974,,-7.4711175,-6.689034116666666,,1,,5.075,1.6600985221674878,,"(0.43137254901960786, 0.13333333333333333, 0.8666666666666667)",True,False,True,True,17,39,22,"(0.5607843137254902, 0.43529411764705883, 0.0)",True,17,26,9,"(0.34509803921568627, 0.6509803921568628, 0.0)",False,,,,,False
216_Si72Ge144_013_011_a0.45679_b0.345029_c1.888633_interface4shift8,4,8,8,Si,False,3.7037037037037033,8,-42.60220066,-45.400925,0.125,0.20833,12,013,0,1,3,Ge,False,8,-35.08485951,-38.831661,-0.0275,0.0275,24,011,0,1,1,0.45679,0.345029,1.888633,1.781901121,0.0,2.930998802,216,864,-962.90694605,-1060.679341,-4.855441260625,-4.098240212407408,-4.520586828703704,4,,17.39814814814815,-1082.884609,,-5.264536625,-4.62338899537037,,1,,2.5011574074074074,6.956038870893106,,"(0.4588235294117647, 0.07058823529411765, 0.9254901960784314)",True,False,True,True,179,175,4,"(0.0196078431372549, 0.9764705882352941, 0.0)",True,179,107,72,"(0.4, 0.596078431372549, 0.0)",False,,,,,False
156_Si108Ge48_001_114_a0.0_b0.0_c0.0_interface8shift1,8,1,1,Si,False,5.128205128205128,8,-42.60220066,-45.400925,-0.04051,0.04051,18,001,0,0,1,Ge,False,8,-35.08485951,-38.831661,-0.04167,0.04167,8,114,1,1,4,0.0,0.0,0.0,4.17603159,0.0,2.319717407,156,624,2052.80604158,59304.854643,-4.855441260625,13.657007062500002,380.69927710897434,4,,28.108974358974358,-821.80983,,-5.264536625,-4.728059256410257,,1,,6.697115384615385,4.197176357980378,,"(0.44313725490196076, 0.10196078431372549, 0.8941176470588236)",False,False,False,True,336,112,224,"(0.6666666666666666, 0.3333333333333333, 0.0)",True,336,336,0,"(0.0, 1.0, 0.0)",False,,,,,False
216_Si144Sn72_011_001_a0.909091_b0.101604_c1.967214_interface7shift7,7,7,7,Si,False,3.7037037037037033,8,-42.60220066,-45.400925,-0.02864,0.02864,24,011,0,1,1,Sn,False,8,-29.90800429,-34.349418,-0.0339,0.0339,12,001,0,0,1,0.909091,0.101604,1.967214,3.476561546,0.0,0.950324535,216,864,-995.08491469,-1080.526663,-4.531887809375,-4.271179211759259,-4.633223703703704,4,,9.277777777777779,-1112.900513,,-4.9843964375,-4.78310263888889,,1,,1.8206018518518519,5.095994914176733,,"(0.4588235294117647, 0.07058823529411765, 0.9254901960784314)",True,False,True,True,88,94,6,"(0.06274509803921569, 0.9333333333333333, 0.0)",True,88,88,0,"(0.0, 1.0, 0.0)",False,,,,,False
264_Si156Sn108_001_001_a0.276923_b0.041026_c2.1_interface1shift2swap6,1,2,2,Si,False,3.0303030303030303,8,-42.60220066,-45.400925,-0.04051,0.04051,26,001,0,0,1,Sn,False,8,-29.90800429,-34.349418,-0.0339,0.0339,18,001,0,0,1,0.276923,0.041026,2.1,0.582945824,0.0,1.162487268,264,1056,-1103.31146054,-1219.768272,-4.531887809375,-3.904550210568182,,4,,26.170454545454547,,,,,,1,,,,,,True,True,False,False,,,,,False,,,,,False,,,,,
120_Si72Ge48_011_001_a0.368421_b0.222222_c2.163935_interface6shift4swap3,6,4,4,Si,False,6.666666666666667,8,-42.60220066,-45.400925,-0.02864,0.02864,12,011,0,1,1,Ge,False,8,-35.08485951,-38.831661,-0.03888,0.03888,8,001,0,0,1,0.368421,0.222222,2.163935,4.176024914,0.0,2.319717407,120,480,-574.83420767,-622.871864,-4.855441260625,-4.142892895833333,-4.488660649999999,4,,5.891666666666667,-634.114117,,-5.264536625,-4.5823460916666665,,1,,1.88125,3.131782945736434,,"(0.43137254901960786, 0.13333333333333333, 0.8666666666666667)",True,True,True,True,156,227,71,"(0.30980392156862746, 0.6862745098039216, 0.0)",True,156,151,5,"(0.03137254901960784, 0.9647058823529412, 0.0)",False,,,,,False
120_Si72Ge48_013_114_a0.296296_b0.076023_c1.486532_interface3shift5,3,5,5,Si,False,6.666666666666667,8,-42.60220066,-45.400925,0.125,0.20833,12,013,0,1,3,Ge,False,8,-35.08485951,-38.831661,-0.04167,0.04167,8,114,1,1,4,0.296296,0.076023,1.486532,1.781901121,0.0,2.930992842,120,480,-519.83133324,-578.619908,-4.855441260625,-3.684535608916667,-4.11989435,4,,7.358333333333333,-617.513735,,-5.264536625,-4.444009574999999,,1,,4.054166666666666,1.815005138746146,,"(0.43137254901960786, 0.13333333333333333, 0.8666666666666667)",True,False,True,True,279,276,3,"(0.00784313725490196, 0.9882352941176471, 0.0)",True,279,279,0,"(0.0, 1.0, 0.0)",False,,,,,False
264_Si156Sn108_001_001_a0.276923_b0.041026_c2.1_interface1shift6swap8,1,6,6,Si,False,3.0303030303030303,8,-42.60220066,-45.400925,-0.04051,0.04051,26,001,0,0,1,Sn,False,8,-29.90800429,-34.349418,-0.0339,0.0339,18,001,0,0,1,0.276923,0.041026,2.1,0.582945824,0.0,1.162487268,264,1056,-1096.77683868,-1211.770053,-4.531887809375,-3.8797978550378787,-4.287953446969697,4,,25.96590909090909,-1301.972498,,-4.9843964375,-4.629629375,,1,,3.976325757575758,6.530126220528697,,"(0.4666666666666667, 0.058823529411764705, 0.9372549019607843)",True,True,True,True,229,165,64,"(0.2784313725490196, 0.7176470588235294, 0.0)",True,229,230,1,"(0.00392156862745098, 0.9921568627450981, 0.0)",False,,,,,False
264_Si156Sn108_001_001_a0.276923_b0.041026_c2.1_interface1shift3swap6,1,3,3,Si,False,3.0303030303030303,8,-42.60220066,-45.400925,-0.04051,0.04051,26,001,0,0,1,Sn,False,8,-29.90800429,-34.349418,-0.0339,0.0339,18,001,0,0,1,0.276923,0.041026,2.1,0.582945824,0.0,1.162487268,264,1056,-1105.18391131,-1221.174521,-4.531887809375,-3.9116428271212116,-4.323576431818182,4,,26.924242424242426,-1302.366458,,-4.9843964375,-4.631121647727273,,1,,5.459280303030303,4.931830008673027,,"(0.4666666666666667, 0.058823529411764705, 0.9372549019607843)",True,True,True,True,202,161,41,"(0.2, 0.796078431372549, 0.0)",True,202,203,1,"(0.00392156862745098, 0.9921568627450981, 0.0)",False,,,,,False
120_Si72Ge48_011_001_a0.368421_b0.222222_c2.163935_interface6shift3swap8,6,3,3,Si,False,6.666666666666667,8,-42.60220066,-45.400925,-0.02864,0.02864,12,011,0,1,1,Ge,False,8,-35.08485951,-38.831661,-0.03888,0.03888,8,001,0,0,1,0.368421,0.222222,2.163935,4.176024914,0.0,2.319717407,120,480,-575.14565617,-623.138112,-4.855441260625,-4.1454883,-4.490879383333334,4,,5.508333333333334,-632.448812,,-5.264536625,-4.56846855,,1,,1.8708333333333333,2.9443207126948776,,"(0.43137254901960786, 0.13333333333333333, 0.8666666666666667)",True,True,True,True,142,240,98,"(0.40784313725490196, 0.5882352941176471, 0.0)",True,142,141,1,"(0.00392156862745098, 0.9921568627450981, 0.0)",False,,,,,False
264_Si156Sn108_001_001_a0.276923_b0.041026_c2.1_interface1shift1swap5,1,1,1,Si,False,3.0303030303030303,8,-42.60220066,-45.400925,-0.04051,0.04051,26,001,0,0,1,Sn,False,8,-29.90800429,-34.349418,-0.0339,0.0339,18,001,0,0,1,0.276923,0.041026,2.1,0.582945824,0.0,1.162487268,264,1056,-1094.1862344,-1209.106126,-4.531887809375,-3.8699849600378786,-4.27786281439394,4,,26.015151515151516,-1302.725193,,-4.9843964375,-4.632480492424243,,1,,5.139204545454546,5.06209692279344,,"(0.4666666666666667, 0.058823529411764705, 0.9372549019607843)",True,True,True,True,244,155,89,"(0.36470588235294116, 0.6313725490196078, 0.0)",True,244,246,2,"(0.00784313725490196, 0.9882352941176471, 0.0)",False,,,,,False
96_Si48Sn48_112_111_a0.860215_b0.405229_c1.480958_interface2shift8,2,8,8,Si,False,8.333333333333332,8,-42.60220066,-45.400925,-0.04167,0.04167,8,112,1,1,2,Sn,False,8,-29.90800429,-34.349418,-0.02936,0.02936,8,111,1,1,1,0.860215,0.405229,1.480958,3.476550341,0.0,0.950312614,96,384,,,,,,4,,,-474.501077,,-4.9843964375,-4.1119868125,,1,,8.669270833333334,,,,True,False,False,False,,,,,False,,,,,False,,,,,False
144_Si72Sn72_001_011_a0.12963_b0.141975_c2.3_interface5shift5,5,5,5,Si,False,5.555555555555555,8,-42.60220066,-45.400925,-0.04051,0.04051,12,001,0,0,1,Sn,False,8,-29.90800429,-34.349418,-0.02397,0.02397,12,011,0,1,1,0.12963,0.141975,2.3,3.476556301,0.0,0.950324535,144,576,-626.80138463,-691.041609,-4.531887809375,-3.8492443033333337,-4.245078236111111,4,,7.097222222222222,-706.651274,,-4.9843964375,-4.353478687499999,,1,,4.131944444444445,1.7176470588235293,,"(0.4392156862745098, 0.10980392156862745, 0.8862745098039215)",True,False,True,True,260,312,52,"(0.16470588235294117, 0.8313725490196079, 0.0)",True,260,258,2,"(0.00392156862745098, 0.9921568627450981, 0.0)",False,,,,,False
264_Si156Sn108_001_001_a0.276923_b0.041026_c2.1_interface1shift3swap8,1,3,3,Si,False,3.0303030303030303,8,-42.60220066,-45.400925,-0.04051,0.04051,26,001,0,0,1,Sn,False,8,-29.90800429,-34.349418,-0.0339,0.0339,18,001,0,0,1,0.276923,0.041026,2.1,0.582945824,0.0,1.162487268,264,1056,-1096.71836153,-1211.565518,-4.531887809375,-3.879576350681818,-4.2871786931818185,4,,26.742424242424242,-1302.476029,,-4.9843964375,-4.63153668939394,,1,,4.268939393939394,6.264418811002662,,"(0.4666666666666667, 0.058823529411764705, 0.9372549019607843)",True,True,True,True,231,160,71,"(0.3058823529411765, 0.6901960784313725, 0.0)",True,231,232,1,"(0.00392156862745098, 0.9921568627450981, 0.0)",False,,,,,False
120_Si36C84_012_012_a0.234848_b0.135802_c1.58124_interface15shift2,15,2,2,Si,False,6.666666666666667,8,-42.60220066,-45.400925,-0.04167,0.04167,6,012,0,1,2,C,False,8,-69.80589084,-74.136955,0.29167,0.375,14,012,0,1,2,0.234848,0.135802,1.58124,0.319951773,6.83e-06,0.640940666,120,480,-794.11171401,-844.423784,-7.025505718750001,-5.680863520916668,-6.040715866666667,4,,7.9,-926.345796,,-7.4711175,-6.7233993,,1,,9.95,0.7939698492462313,,"(0.43137254901960786, 0.13333333333333333, 0.8666666666666667)",True,False,True,True,37,23,14,"(0.3764705882352941, 0.6196078431372549, 0.0)",True,37,35,2,"(0.050980392156862744, 0.9450980392156862, 0.0)",False,,,,,False
120_Si72Ge48_011_001_a0.368421_b0.222222_c2.163935_interface6shift4swap2,6,4,4,Si,False,6.666666666666667,8,-42.60220066,-45.400925,-0.02864,0.02864,12,011,0,1,1,Ge,False,8,-35.08485951,-38.831661,-0.03888,0.03888,8,001,0,0,1,0.368421,0.222222,2.163935,4.176024914,0.0,2.319717407,120,480,-574.79511503,-622.705733,-4.855441260625,-4.1425671238333335,-4.487276225,4,,5.616666666666666,-634.186128,,-5.264536625,-4.582946183333333,,1,,1.9458333333333333,2.886509635974304,,"(0.43137254901960786, 0.13333333333333333, 0.8666666666666667)",True,True,True,True,159,213,54,"(0.25098039215686274, 0.7450980392156863, 0.0)",True,159,165,6,"(0.03529411764705882, 0.9607843137254902, 0.0)",False,,,,,False
380_Si72C308_111_111_a0.0_b0.0_c0.0_interface8shift1,8,1,1,Si,False,2.1052631578947367,8,-42.60220066,-45.400925,0.29825,0.36841,12,111,1,1,1,C,False,8,-69.80589084,-74.136955,0.19792,0.21875,28,111,1,1,1,0.0,0.0,0.0,0.319956511,0.0,0.640952587,380,1520,,,,,,4,,,,,,,,1,,,,,,False,False,False,False,,,,,False,,,,,False,,,,,
120_Si72Ge48_011_001_a0.368421_b0.222222_c2.163935_interface6shift3swap2,6,3,3,Si,False,6.666666666666667,8,-42.60220066,-45.400925,-0.02864,0.02864,12,011,0,1,1,Ge,False,8,-35.08485951,-38.831661,-0.03888,0.03888,8,001,0,0,1,0.368421,0.222222,2.163935,4.176024914,0.0,2.319717407,120,480,-574.86059293,-622.838616,-4.855441260625,-4.143112773,-4.4883835833333325,4,,5.575,-632.290495,,-5.264536625,-4.567149241666666,,1,,1.8208333333333333,3.0617848970251718,,"(0.43137254901960786, 0.13333333333333333, 0.8666666666666667)",True,True,True,True,154,245,91,"(0.3686274509803922, 0.6274509803921569, 0.0)",True,154,157,3,"(0.01568627450980392, 0.9803921568627451, 0.0)",False,,,,,False
264_Si156Sn108_001_001_a0.276923_b0.041026_c2.1_interface1shift8swap2,1,8,8,Si,False,3.0303030303030303,8,-42.60220066,-45.400925,-0.04051,0.04051,26,001,0,0,1,Sn,False,8,-29.90800429,-34.349418,-0.0339,0.0339,18,001,0,0,1,0.276923,0.041026,2.1,0.582945824,0.0,1.162487268,264,1056,-1098.02368699,-1211.756893,-4.531887809375,-3.88452076530303,-4.287903598484848,4,,25.21212121212121,-1304.333453,,-4.9843964375,-4.638572386363636,,1,,3.827651515151515,6.58683819891143,,"(0.4666666666666667, 0.058823529411764705, 0.9372549019607843)",True,True,True,True,222,133,89,"(0.4, 0.596078431372549, 0.0)",True,222,231,9,"(0.03529411764705882, 0.9607843137254902, 0.0)",False,,,,,False
120_Si72Sn48_011_011_a0.946237_b0.128788_c2.163935_interface8shift5,8,5,5,Si,False,6.666666666666667,8,-42.60220066,-45.400925,-0.02864,0.02864,12,011,0,1,1,Sn,False,8,-29.90800429,-34.349418,-0.02397,0.02397,8,011,0,1,1,0.946237,0.128788,2.163935,2.441367626,0.0,4.823124409,120,480,-550.22218846,-600.122407,-4.531887809375,-3.9809331959166667,-4.336433866666666,4,,5.225,-606.42784,,-4.9843964375,-4.388979141666666,,1,,2.622916666666667,1.9920571882446383,,"(0.43137254901960786, 0.13333333333333333, 0.8666666666666667)",True,False,True,True,193,292,99,"(0.33725490196078434, 0.6588235294117647, 0.0)",True,193,192,1,"(0.00392156862745098, 0.9921568627450981, 0.0)",False,,,,,False
120_Si36C84_012_012_a0.277778_b0.709877_c0.988275_interface2shift4,2,4,4,Si,False,6.666666666666667,8,-42.60220066,-45.400925,-0.04167,0.04167,6,012,0,1,2,C,False,8,-69.80589084,-74.136955,-0.04167,0.04167,14,012,0,1,2,0.277778,0.709877,0.988275,0.319951773,0.0,0.640940666,120,480,-792.36051419,-843.816238,-7.025505718750001,-5.666270189083334,-6.035652983333334,4,,9.541666666666666,-913.272122,,-7.4711175,-6.614452016666666,,1,,7.352083333333334,1.297818078775857,,"(0.43137254901960786, 0.13333333333333333, 0.8666666666666667)",True,False,True,True,51,71,20,"(0.2784313725490196, 0.7176470588235294, 0.0)",True,51,37,14,"(0.27450980392156865, 0.7254901960784313, 0.0)",False,,,,,False
120_Si36C84_012_012_a0.015152_b0.117284_c1.482413_interface14shift2,14,2,2,Si,False,6.666666666666667,8,-42.60220066,-45.400925,-0.04167,0.04167,6,012,0,1,2,C,False,8,-69.80589084,-74.136955,-0.04167,0.04167,14,012,0,1,2,0.015152,0.117284,1.482413,0.319951773,6.83e-06,0.640940666,120,480,-794.1542244,-842.946676,-7.025505718750001,-5.681217774166667,-6.028406633333333,4,,8.15,-920.680624,,-7.4711175,-6.676189533333333,,1,,8.564583333333333,0.9515932863050354,,"(0.43137254901960786, 0.13333333333333333, 0.8666666666666667)",True,False,True,True,36,51,15,"(0.29411764705882354, 0.7019607843137254, 0.0)",True,36,40,4,"(0.09803921568627451, 0.8980392156862745, 0.0)",False,,,,,False
48_Si48_001_122_a0.0_b0.0_c0.0_interface3shift1,3,1,1,Si,False,16.666666666666664,8,-42.60220066,-45.400925,-0.04051,0.04051,6,001,0,0,1,Si,False,8,-42.60220066,-45.400925,-0.04167,0.04167,2,122,1,2,2,0.0,0.0,0.0,0.0,0.0,0.0,48,192,176.13836843,109.075604,-5.3252750825,5.444641036458333,4.164113625,4,,4.416666666666667,-263.762734,,-5.675115625,-3.6033517500000003,,1,,3.0520833333333335,1.447098976109215,,"(0.32941176470588235, 0.32941176470588235, 0.6666666666666666)",False,False,False,True,327,340,13,"(0.03529411764705882, 0.9607843137254902, 0.0)",True,327,319,8,"(0.023529411764705882, 0.9725490196078431, 0.0)",False,,,,,False
120_Si36C84_012_012_a0.128788_b0.135802_c0.988275_interface12shift4,12,4,4,Si,False,6.666666666666667,8,-42.60220066,-45.400925,-0.04167,0.04167,6,012,0,1,2,C,False,8,-69.80589084,-74.136955,0.29167,0.375,14,012,0,1,2,0.128788,0.135802,0.988275,0.319951773,6.83e-06,0.640940666,120,480,-796.45234847,-849.881438,-7.025505718750001,-5.700368808083334,-6.086196316666667,4,,7.983333333333333,-937.009419,,-7.4711175,-6.8122628249999995,,1,,10.1125,0.7894519983518747,,"(0.43137254901960786, 0.13333333333333333, 0.8666666666666667)",True,False,True,True,12,5,7,"(0.5803921568627451, 0.41568627450980394, 0.0)",True,12,8,4,"(0.3333333333333333, 0.6666666666666666, 0.0)",False,,,,,False
144_Si72Sn72_001_011_a0.212963_b0.851852_c2.262295_interface6shift5,6,5,5,Si,False,5.555555555555555,8,-42.60220066,-45.400925,-0.04051,0.04051,12,001,0,0,1,Sn,False,8,-29.90800429,-34.349418,-0.02397,0.02397,12,011,0,1,1,0.212963,0.851852,2.262295,3.476556301,0.0,0.950324535,144,576,-627.34872544,-690.522559,-4.531887809375,-3.853045281180555,-4.241473722222222,4,,6.798611111111111,-707.984159,,-4.9843964375,-4.362734833333333,,1,,1.6527777777777777,4.11344537815126,,"(0.4392156862745098, 0.10980392156862745, 0.8862745098039215)",True,False,True,True,259,297,38,"(0.12549019607843137, 0.8705882352941177, 0.0)",True,259,273,14,"(0.050980392156862744, 0.9450980392156862, 0.0)",False,,,,,False
228_Si120Ge108_001_001_a0.093567_b0.25731_c2.0_interface1shift7,1,7,7,Si,False,3.508771929824561,8,-42.60220066,-45.400925,-0.04051,0.04051,20,001,0,0,1,Ge,False,8,-35.08485951,-38.831661,-0.03888,0.03888,18,001,0,0,1,0.093567,0.25731,2.0,1.169952631,0.0,2.326208353,228,912,-1064.01420569,-1154.389552,-4.855441260625,-4.325996252280701,-4.693670903508773,4,,14.149122807017545,-1183.822313,,-5.264536625,-4.822761960526316,,1,,2.898026315789474,4.882330684827847,,"(0.4627450980392157, 0.06666666666666667, 0.9294117647058824)",True,False,True,True,80,89,9,"(0.09803921568627451, 0.8980392156862745, 0.0)",True,80,80,0,"(0.0, 1.0, 0.0)",False,,,,,False
216_Si144Sn72_011_001_a0.0_b0.0_c0.0_interface7shift1,7,1,1,Si,False,3.7037037037037033,8,-42.60220066,-45.400925,-0.02864,0.02864,24,011,0,1,1,Sn,False,8,-29.90800429,-34.349418,-0.0339,0.0339,12,001,0,0,1,0.0,0.0,0.0,3.476561546,0.0,0.950324535,216,864,2535.93843154,132196.894047,-4.531887809375,12.07615109486111,,4,,36.94444444444444,,,,,,1,,,,,,False,False,False,False,,,,,False,,,,,False,,,,,
120_Si72Ge48_011_001_a0.368421_b0.222222_c2.163935_interface6shift5swap4,6,5,5,Si,False,6.666666666666667,8,-42.60220066,-45.400925,-0.02864,0.02864,12,011,0,1,1,Ge,False,8,-35.08485951,-38.831661,-0.03888,0.03888,8,001,0,0,1,0.368421,0.222222,2.163935,4.176024914,0.0,2.319717407,120,480,-575.74325793,-623.268966,-4.855441260625,-4.150468314666667,-4.491969833333333,4,,10.35,-634.648596,,-5.264536625,-4.5868000833333324,,1,,1.4854166666666666,6.967741935483871,,"(0.43137254901960786, 0.13333333333333333, 0.8666666666666667)",True,True,True,True,122,195,73,"(0.37254901960784315, 0.6235294117647059, 0.0)",True,122,130,8,"(0.058823529411764705, 0.9372549019607843, 0.0)",False,,,,,False
120_Si36C84_012_012_a0.75_b0.12963_c1.58124_interface15shift6,15,6,6,Si,False,6.666666666666667,8,-42.60220066,-45.400925,-0.04167,0.04167,6,012,0,1,2,C,False,8,-69.80589084,-74.136955,0.29167,0.375,14,012,0,1,2,0.75,0.12963,1.58124,0.319951773,6.83e-06,0.640940666,120,480,-794.9980337,-844.778255,-7.025505718750001,-5.6882495183333335,-6.043669791666665,4,,7.933333333333334,-939.607864,,-7.4711175,-6.833916533333333,,1,,9.070833333333333,0.8745980707395499,,"(0.43137254901960786, 0.13333333333333333, 0.8666666666666667)",True,False,True,True,28,2,26,"(0.9254901960784314, 0.07058823529411765, 0.0)",True,28,29,1,"(0.03137254901960784, 0.9647058823529412, 0.0)",False,,,,,False
120_Si72Ge48_011_001_a0.368421_b0.222222_c2.163935_interface6shift7swap1,6,7,7,Si,False,6.666666666666667,8,-42.60220066,-45.400925,-0.02864,0.02864,12,011,0,1,1,Ge,False,8,-35.08485951,-38.831661,-0.03888,0.03888,8,001,0,0,1,0.368421,0.222222,2.163935,4.176024914,0.0,2.319717407,120,480,-576.05465249,-623.175578,-4.855441260625,-4.153063269333333,-4.4911916,4,,9.466666666666667,-634.47691,,-5.264536625,-4.585369366666667,,1,,2.15625,4.390338164251208,,"(0.43137254901960786, 0.13333333333333333, 0.8666666666666667)",True,True,True,True,116,203,87,"(0.42745098039215684, 0.5686274509803921, 0.0)",True,116,138,22,"(0.1568627450980392, 0.8392156862745098, 0.0)",False,,,,,False
264_Si156Sn108_001_001_a0.276923_b0.041026_c2.1_interface1shift2,1,2,2,Si,False,3.0303030303030303,8,-42.60220066,-45.400925,-0.04051,0.04051,26,001,0,0,1,Sn,False,8,-29.90800429,-34.349418,-0.0339,0.0339,18,001,0,0,1,0.276923,0.041026,2.1,0.582945824,0.0,1.162487268,264,1056,-1172.48765713,-1283.864428,-4.531887809375,-4.166581258257575,-4.561038200757577,4,,22.200757575757574,-1320.976932,,-4.9843964375,-4.701615867424243,,1,,2.4375,9.108003108003107,,"(0.4666666666666667, 0.058823529411764705, 0.9372549019607843)",True,False,True,True,104,120,16,"(0.13333333333333333, 0.8666666666666667, 0.0)",True,104,93,11,"(0.10196078431372549, 0.8941176470588236, 0.0)",False,,,,,False
216_Si144Sn72_011_001_a0.227273_b0.106952_c1.868853_interface7shift8,7,8,8,Si,False,3.7037037037037033,8,-42.60220066,-45.400925,-0.02864,0.02864,24,011,0,1,1,Sn,False,8,-29.90800429,-34.349418,-0.0339,0.0339,12,001,0,0,1,0.227273,0.106952,1.868853,3.476561546,0.0,0.950324535,216,864,-983.47902494,-1069.322703,-4.531887809375,-4.217448240694445,-4.581353518518519,4,,9.203703703703704,-1112.977061,,-4.9843964375,-4.783457027777779,,1,,1.7951388888888888,5.127014829142489,,"(0.4588235294117647, 0.07058823529411765, 0.9254901960784314)",True,False,True,True,92,92,0,"(0.0, 1.0, 0.0)",True,92,92,0,"(0.0, 1.0, 0.0)",False,,,,,False
120_Si72Ge48_011_001_a0.368421_b0.222222_c2.163935_interface6shift6swap3,6,6,6,Si,False,6.666666666666667,8,-42.60220066,-45.400925,-0.02864,0.02864,12,011,0,1,1,Ge,False,8,-35.08485951,-38.831661,-0.03888,0.03888,8,001,0,0,1,0.368421,0.222222,2.163935,4.176024914,0.0,2.319717407,120,480,-574.82652555,-622.700189,-4.855441260625,-4.142828878166667,-4.487230025000001,4,,6.0,-634.194362,,-5.264536625,-4.583014799999999,,1,,1.7916666666666667,3.3488372093023253,,"(0.43137254901960786, 0.13333333333333333, 0.8666666666666667)",True,True,True,True,157,210,53,"(0.25098039215686274, 0.7450980392156863, 0.0)",True,157,166,9,"(0.050980392156862744, 0.9450980392156862, 0.0)",False,,,,,False
84_Si36Ge48_001_011_a0.471698_b0.253086_c1.967213_interface7shift5,7,5,5,Si,False,9.523809523809524,8,-42.60220066,-45.400925,-0.04051,0.04051,6,001,0,0,1,Ge,False,8,-35.08485951,-38.831661,-0.0275,0.0275,8,011,0,1,1,0.471698,0.253086,1.967213,4.176025867,0.0,2.319717407,84,336,-386.332871,-422.933563,-4.855441260625,-3.6743548908333334,-4.032154488095238,4,,9.94047619047619,-431.917817,,-5.264536625,-4.139109892857142,,1,,1.6607142857142858,5.985663082437275,,"(0.4, 0.18823529411764706, 0.807843137254902)",True,False,True,True,285,321,36,"(0.10980392156862745, 0.8862745098039215, 0.0)",True,285,290,5,"(0.01568627450980392, 0.9803921568627451, 0.0)",False,,,,,False
120_Si72Ge48_011_001_a0.368421_b0.222222_c2.163935_interface6shift1swap4,6,1,1,Si,False,6.666666666666667,8,-42.60220066,-45.400925,-0.02864,0.02864,12,011,0,1,1,Ge,False,8,-35.08485951,-38.831661,-0.03888,0.03888,8,001,0,0,1,0.368421,0.222222,2.163935,4.176024914,0.0,2.319717407,120,480,-575.16914224,-622.919399,-4.855441260625,-4.145684017250001,-4.489056775,4,,5.833333333333333,-634.13259,,-5.264536625,-4.582500033333334,,1,,1.5833333333333333,3.6842105263157894,,"(0.43137254901960786, 0.13333333333333333, 0.8666666666666667)",True,True,True,True,138,222,84,"(0.3764705882352941, 0.6196078431372549, 0.0)",True,138,148,10,"(0.06666666666666667, 0.9294117647058824, 0.0)",False,,,,,False
120_Si72Ge48_011_001_a0.368421_b0.222222_c2.163935_interface6shift8swap7,6,8,8,Si,False,6.666666666666667,8,-42.60220066,-45.400925,-0.02864,0.02864,12,011,0,1,1,Ge,False,8,-35.08485951,-38.831661,-0.03888,0.03888,8,001,0,0,1,0.368421,0.222222,2.163935,4.176024914,0.0,2.319717407,120,480,-574.62180877,-622.525894,-4.855441260625,-4.1411229050000005,-4.485777566666667,4,,9.608333333333333,-634.506746,,-5.264536625,-4.585617999999999,,1,,1.5145833333333334,6.343878954607977,,"(0.43137254901960786, 0.13333333333333333, 0.8666666666666667)",True,True,True,True,170,199,29,"(0.1450980392156863, 0.8509803921568627, 0.0)",True,170,180,10,"(0.054901960784313725, 0.9411764705882353, 0.0)",False,,,,,False
264_Si156Sn108_001_001_a0.276923_b0.041026_c2.1_interface1shift1swap8,1,1,1,Si,False,3.0303030303030303,8,-42.60220066,-45.400925,-0.04051,0.04051,26,001,0,0,1,Sn,False,8,-29.90800429,-34.349418,-0.0339,0.0339,18,001,0,0,1,0.276923,0.041026,2.1,0.582945824,0.0,1.162487268,264,1056,-1096.15462455,-1212.659909,-4.531887809375,-3.8774409833333334,-4.291324113636364,4,,25.772727272727273,-1301.965328,,-4.9843964375,-4.629602215909091,,1,,6.044507575757576,4.2638257872473755,,"(0.4666666666666667, 0.058823529411764705, 0.9372549019607843)",True,True,True,True,233,166,67,"(0.28627450980392155, 0.7098039215686275, 0.0)",True,233,226,7,"(0.027450980392156862, 0.9686274509803922, 0.0)",False,,,,,False
48_Si48_001_122_a0.0_b0.0_c0.0_interface13shift1,13,1,1,Si,False,16.666666666666664,8,-42.60220066,-45.400925,-0.04051,0.04051,6,001,0,0,1,Si,False,8,-42.60220066,-45.400925,-0.04167,0.04167,2,122,1,2,2,0.0,0.0,0.0,0.0,0.0,0.0,48,192,90.56228634,35.495588,-5.3252750825,3.661805992916667,2.631196625,4,,4.208333333333333,-264.309989,,-5.675115625,-3.6147528958333326,,1,,5.098958333333333,0.8253319713993871,,"(0.32941176470588235, 0.32941176470588235, 0.6666666666666666)",False,False,False,True,317,338,21,"(0.058823529411764705, 0.9372549019607843, 0.0)",True,317,316,1,"(0.0, 0.996078431372549, 0.0)",False,,,,,False
380_Si72C308_111_111_a0.090909_b0.151515_c2.163935_interface6shift1,6,1,1,Si,False,2.1052631578947367,8,-42.60220066,-45.400925,-0.03508,0.03508,12,111,1,1,1,C,False,8,-69.80589084,-74.136955,0.19792,0.21875,28,111,1,1,1,0.090909,0.151515,2.163935,0.319956511,0.0,0.640952587,380,1520,,,,,,4,,,,,,,,1,,,,,,True,False,False,False,,,,,False,,,,,False,,,,,
144_Si72Sn72_001_011_a0.0_b0.0_c0.0_interface6shift1,6,1,1,Si,False,5.555555555555555,8,-42.60220066,-45.400925,-0.04051,0.04051,12,001,0,0,1,Sn,False,8,-29.90800429,-34.349418,-0.02397,0.02397,12,011,0,1,1,0.0,0.0,0.0,3.476556301,0.0,0.950324535,144,576,197.23542819,-9.477625,-4.531887809375,1.8732335634722221,0.4880049861111111,4,,11.11111111111111,-709.656914,,-4.9843964375,-4.3743511875,,1,,9.265625,1.1991755667978266,,"(0.4392156862745098, 0.10980392156862745, 0.8862745098039215)",False,False,False,True,309,296,13,"(0.0392156862745098, 0.9568627450980393, 0.0)",True,309,308,1,"(0.0, 0.996078431372549, 0.0)",False,,,,,False
380_Si72C308_111_111_a0.113636_b0.227273_c2.163935_interface6shift8,6,8,8,Si,False,2.1052631578947367,8,-42.60220066,-45.400925,-0.03508,0.03508,12,111,1,1,1,C,False,8,-69.80589084,-74.136955,0.19792,0.21875,28,111,1,1,1,0.113636,0.227273,2.163935,0.319956511,0.0,0.640952587,380,1520,,,,,,4,,,,,,,,1,,,,,,True,False,False,False,,,,,False,,,,,False,,,,,
144_Si72Sn72_001_011_a0.212963_b0.648148_c2.3_interface5shift7,5,7,7,Si,False,5.555555555555555,8,-42.60220066,-45.400925,-0.04051,0.04051,12,001,0,0,1,Sn,False,8,-29.90800429,-34.349418,-0.02397,0.02397,12,011,0,1,1,0.212963,0.648148,2.3,3.476556301,0.0,0.950324535,144,576,-626.77044798,-691.008891,-4.531887809375,-3.849029465486111,-4.244851027777777,4,,6.8125,-706.652214,,-4.9843964375,-4.353485215277777,,1,,3.782986111111111,1.8008260670032123,,"(0.4392156862745098, 0.10980392156862745, 0.8862745098039215)",True,False,True,True,264,307,43,"(0.13725490196078433, 0.8588235294117647, 0.0)",True,264,264,0,"(0.0, 1.0, 0.0)",False,,,,,False
120_Si72Ge48_011_001_a0.368421_b0.222222_c2.163935_interface6shift8swap8,6,8,8,Si,False,6.666666666666667,8,-42.60220066,-45.400925,-0.02864,0.02864,12,011,0,1,1,Ge,False,8,-35.08485951,-38.831661,-0.03888,0.03888,8,001,0,0,1,0.368421,0.222222,2.163935,4.176024914,0.0,2.319717407,120,480,-575.69078185,-623.307601,-4.855441260625,-4.1500310140000005,-4.492291791666665,4,,10.366666666666667,-632.519246,,-5.264536625,-4.5690555,,1,,1.6104166666666666,6.4372574385511,,"(0.43137254901960786, 0.13333333333333333, 0.8666666666666667)",True,True,True,True,126,239,113,"(0.47058823529411764, 0.5254901960784314, 0.0)",True,126,127,1,"(0.00784313725490196, 0.9882352941176471, 0.0)",False,,,,,False
120_Si72Ge48_011_001_a0.368421_b0.222222_c2.163935_interface6shift4swap6,6,4,4,Si,False,6.666666666666667,8,-42.60220066,-45.400925,-0.02864,0.02864,12,011,0,1,1,Ge,False,8,-35.08485951,-38.831661,-0.03888,0.03888,8,001,0,0,1,0.368421,0.222222,2.163935,4.176024914,0.0,2.319717407,120,480,-574.73382521,-622.645529,-4.855441260625,-4.1420563753333335,-4.486774525,4,,5.491666666666666,-631.856782,,-5.264536625,-4.5635349666666665,,1,,1.2645833333333334,4.3426688632619435,,"(0.43137254901960786, 0.13333333333333333, 0.8666666666666667)",True,True,True,True,166,255,89,"(0.34901960784313724, 0.6509803921568628, 0.0)",True,166,168,2,"(0.011764705882352941, 0.984313725490196, 0.0)",False,,,,,False
120_Si36C84_012_012_a0.746914_b0.111111_c1.482413_interface10shift2,10,2,2,Si,False,6.666666666666667,8,-42.60220066,-45.400925,-0.04167,0.04167,6,012,0,1,2,C,False,8,-69.80589084,-74.136955,-0.04167,0.04167,14,012,0,1,2,0.746914,0.111111,1.482413,0.319951773,6.83e-06,0.640940666,120,480,-795.78113882,-846.212498,-7.025505718750001,-5.694775394333334,-6.055621816666667,4,,12.483333333333333,-929.570064,,-7.4711175,-6.750268199999999,,1,,9.91875,1.2585591262339844,,"(0.43137254901960786, 0.13333333333333333, 0.8666666666666667)",True,False,True,True,20,17,3,"(0.14901960784313725, 0.8470588235294118, 0.0)",True,20,17,3,"(0.14901960784313725, 0.8470588235294118, 0.0)",False,,,,,False
216_Si144Sn72_011_001_a0.734848_b0.106952_c1.868853_interface7shift4,7,4,4,Si,False,3.7037037037037033,8,-42.60220066,-45.400925,-0.02864,0.02864,24,011,0,1,1,Sn,False,8,-29.90800429,-34.349418,-0.0339,0.0339,12,001,0,0,1,0.734848,0.106952,1.868853,3.476561546,0.0,0.950324535,216,864,-983.49657032,-1069.373949,-4.531887809375,-4.217529469305556,-4.581590768518518,4,,9.12962962962963,-1112.774249,,-4.9843964375,-4.782518083333334,,1,,1.818287037037037,5.021005728835137,,"(0.4588235294117647, 0.07058823529411765, 0.9254901960784314)",True,False,True,True,89,98,9,"(0.09019607843137255, 0.9058823529411765, 0.0)",True,89,90,1,"(0.00784313725490196, 0.9882352941176471, 0.0)",False,,,,,False
120_Si36C84_012_012_a0.765152_b0.135802_c1.087103_interface16shift7,16,7,7,Si,False,6.666666666666667,8,-42.60220066,-45.400925,-0.04167,0.04167,6,012,0,1,2,C,False,8,-69.80589084,-74.136955,0.29167,0.375,14,012,0,1,2,0.765152,0.135802,1.087103,0.319951773,6.83e-06,0.640940666,120,480,-785.55877987,-836.537318,-7.025505718750001,-5.60958906975,-5.974995316666667,4,,6.383333333333334,-917.547617,,-7.4711175,-6.650081141666665,,1,,4.352083333333334,1.4667304930588798,,"(0.43137254901960786, 0.13333333333333333, 0.8666666666666667)",True,False,True,True,73,67,6,"(0.0784313725490196, 0.9176470588235294, 0.0)",True,73,73,0,"(0.0, 1.0, 0.0)",False,,,,,False
120_Si36C84_012_012_a0.734848_b0.08642_c1.284758_interface15shift7,15,7,7,Si,False,6.666666666666667,8,-42.60220066,-45.400925,-0.04167,0.04167,6,012,0,1,2,C,False,8,-69.80589084,-74.136955,0.29167,0.375,14,012,0,1,2,0.734848,0.08642,1.284758,0.319951773,6.83e-06,0.640940666,120,480,-802.07136887,-851.841738,-7.025505718750001,-5.747193978083334,-6.10253215,4,,7.633333333333334,-930.744185,,-7.4711175,-6.760052541666666,,1,,6.40625,1.1915447154471546,,"(0.43137254901960786, 0.13333333333333333, 0.8666666666666667)",True,False,True,True,2,14,12,"(0.8549019607843137, 0.1411764705882353, 0.0)",True,2,7,5,"(0.7137254901960784, 0.2823529411764706, 0.0)",False,,,,,False
380_Si72C308_111_111_a0.265152_b0.083333_c2.163935_interface4shift6,4,6,6,Si,False,2.1052631578947367,8,-42.60220066,-45.400925,0.29825,0.36841,12,111,1,1,1,C,False,8,-69.80589084,-74.136955,0.19792,0.21875,28,111,1,1,1,0.265152,0.083333,2.163935,0.319956511,0.0,0.640952587,380,1520,,,,,,4,,,,,,,,1,,,,,,True,False,False,False,,,,,False,,,,,False,,,,,
264_Si156Sn108_001_001_a0.276923_b0.041026_c2.1_interface1shift5swap1,1,5,5,Si,False,3.0303030303030303,8,-42.60220066,-45.400925,-0.04051,0.04051,26,001,0,0,1,Sn,False,8,-29.90800429,-34.349418,-0.0339,0.0339,18,001,0,0,1,0.276923,0.041026,2.1,0.582945824,0.0,1.162487268,264,1056,-1107.64548266,-1225.612332,-4.531887809375,-3.9209669610227267,-4.340386321969697,4,,24.829545454545453,-1299.713776,,-4.9843964375,-4.6210736098484855,,1,,3.134469696969697,7.921450151057402,,"(0.4666666666666667, 0.058823529411764705, 0.9372549019607843)",True,True,True,True,197,185,12,"(0.058823529411764705, 0.9372549019607843, 0.0)",True,197,189,8,"(0.0392156862745098, 0.9568627450980393, 0.0)",False,,,,,False
156_Si108Ge48_001_114_a0.17284_b0.333333_c1.882941_interface8shift8,8,8,8,Si,False,5.128205128205128,8,-42.60220066,-45.400925,-0.04051,0.04051,18,001,0,0,1,Ge,False,8,-35.08485951,-38.831661,-0.04167,0.04167,8,114,1,1,4,0.17284,0.333333,1.882941,4.17603159,0.0,2.319717407,156,624,-727.52002078,-792.324174,-4.855441260625,-4.165595901346154,-4.539048641025641,4,,8.320512820512821,-822.337201,,-5.264536625,-4.731439839743589,,1,,6.022435897435898,1.38158594997339,,"(0.44313725490196076, 0.10196078431372549, 0.8941176470588236)",True,False,True,True,112,111,1,"(0.00784313725490196, 0.9882352941176471, 0.0)",True,112,104,8,"(0.07058823529411765, 0.9254901960784314, 0.0)",False,,,,,False
264_Si156Sn108_001_001_a0.276923_b0.041026_c2.1_interface1shift6swap5,1,6,6,Si,False,3.0303030303030303,8,-42.60220066,-45.400925,-0.04051,0.04051,26,001,0,0,1,Sn,False,8,-29.90800429,-34.349418,-0.0339,0.0339,18,001,0,0,1,0.276923,0.041026,2.1,0.582945824,0.0,1.162487268,264,1056,-1094.76944018,-1209.285031,-4.531887809375,-3.8721940728409083,-4.2785404848484845,4,,25.87121212121212,-1302.506542,,-4.9843964375,-4.631652268939394,,1,,3.921401515151515,6.5974402318280605,,"(0.4666666666666667, 0.058823529411764705, 0.9372549019607843)",True,True,True,True,239,159,80,"(0.3333333333333333, 0.6627450980392157, 0.0)",True,239,244,5,"(0.0196078431372549, 0.9764705882352941, 0.0)",False,,,,,False
228_Si120Ge108_001_001_a0.093567_b0.081871_c2.0_interface1shift5,1,5,5,Si,False,3.508771929824561,8,-42.60220066,-45.400925,-0.04051,0.04051,20,001,0,0,1,Ge,False,8,-35.08485951,-38.831661,-0.03888,0.03888,18,001,0,0,1,0.093567,0.081871,2.0,1.169952631,0.0,2.326208353,228,912,-1063.98017293,-1154.353534,-4.855441260625,-4.3258469857894735,-4.693512929824562,4,,14.25438596491228,-1191.581412,,-5.264536625,-4.856793096491229,,1,,4.4089912280701755,3.2330266102959464,,"(0.4627450980392157, 0.06666666666666667, 0.9294117647058824)",True,False,True,True,82,81,1,"(0.011764705882352941, 0.984313725490196, 0.0)",True,82,82,0,"(0.0, 1.0, 0.0)",False,,,,,False
96_Si96_133_133_a0.0_b0.0_c0.0_interface1shift1,1,1,1,Si,False,8.333333333333332,8,-42.60220066,-45.400925,0.13542,0.23958,8,133,1,3,3,Si,False,8,-42.60220066,-45.400925,0.13542,0.23958,8,133,1,3,3,0.0,0.0,0.0,0.0,0.0,0.0,96,384,,,,,,4,,,-527.332646,,-5.675115625,-4.547195791666666,,1,,1.7369791666666667,,,,False,False,False,False,,,,,False,,,,,False,,,,,False
120_Si36C84_012_012_a0.272727_b0.061728_c1.482413_interface11shift8,11,8,8,Si,False,6.666666666666667,8,-42.60220066,-45.400925,-0.04167,0.04167,6,012,0,1,2,C,False,8,-69.80589084,-74.136955,0.29167,0.375,14,012,0,1,2,0.272727,0.061728,1.482413,0.319951773,6.83e-06,0.640940666,120,480,-796.2979841,-845.749588,-7.025505718750001,-5.699082438333334,-6.0517642333333335,4,,8.291666666666666,-923.346563,,-7.4711175,-6.698405691666666,,1,,7.31875,1.1329348135496726,,"(0.43137254901960786, 0.13333333333333333, 0.8666666666666667)",True,False,True,True,16,32,16,"(0.4980392156862745, 0.4980392156862745, 0.0)",True,16,23,7,"(0.30196078431372547, 0.6941176470588235, 0.0)",False,,,,,False
264_Si156Sn108_001_001_a0.276923_b0.041026_c2.1_interface1shift5swap5,1,5,5,Si,False,3.0303030303030303,8,-42.60220066,-45.400925,-0.04051,0.04051,26,001,0,0,1,Sn,False,8,-29.90800429,-34.349418,-0.0339,0.0339,18,001,0,0,1,0.276923,0.041026,2.1,0.582945824,0.0,1.162487268,264,1056,-1095.65473271,-1209.955954,-4.531887809375,-3.875547453636363,-4.281081859848485,4,,26.897727272727273,-1304.040402,,-4.9843964375,-4.637462344696971,,1,,5.108901515151516,5.264874884151992,,"(0.4666666666666667, 0.058823529411764705, 0.9372549019607843)",True,True,True,True,236,137,99,"(0.41568627450980394, 0.5803921568627451, 0.0)",True,236,238,2,"(0.00784313725490196, 0.9882352941176471, 0.0)",False,,,,,False
380_Si72C308_111_111_a0.0_b0.0_c0.0_interface4shift1,4,1,1,Si,False,2.1052631578947367,8,-42.60220066,-45.400925,0.29825,0.36841,12,111,1,1,1,C,False,8,-69.80589084,-74.136955,0.19792,0.21875,28,111,1,1,1,0.0,0.0,0.0,0.319956511,0.0,0.640952587,380,1520,,,,,,4,,,,,,,,1,,,,,,False,False,False,False,,,,,False,,,,,False,,,,,
228_Si120Ge108_001_001_a0.292398_b0.0_c2.0_interface1shift2,1,2,2,Si,False,3.508771929824561,8,-42.60220066,-45.400925,-0.04051,0.04051,20,001,0,0,1,Ge,False,8,-35.08485951,-38.831661,-0.03888,0.03888,18,001,0,0,1,0.292398,0.0,2.0,1.169952631,0.0,2.326208353,228,912,-1064.08827328,-1154.465116,-4.855441260625,-4.3263211101315795,-4.694002324561405,4,,14.609649122807017,-1184.150656,,-5.264536625,-4.8242020614035095,,1,,2.3278508771929824,6.276024493641073,,"(0.4627450980392157, 0.06666666666666667, 0.9294117647058824)",True,False,True,True,77,87,10,"(0.11372549019607843, 0.8823529411764706, 0.0)",True,77,77,0,"(0.0, 1.0, 0.0)",False,,,,,False
120_Si72Ge48_011_001_a0.368421_b0.222222_c2.163935_interface6shift1,6,1,1,Si,False,6.666666666666667,8,-42.60220066,-45.400925,-0.02864,0.02864,12,011,0,1,1,Ge,False,8,-35.08485951,-38.831661,-0.03888,0.03888,8,001,0,0,1,0.368421,0.222222,2.163935,4.176024914,0.0,2.319717407,120,480,-578.29762529,-624.48038,-4.855441260625,-4.171754709333333,-4.502064949999999,4,,5.058333333333334,-634.407625,,-5.264536625,-4.584791991666666,,1,,1.4708333333333334,3.4390934844192635,,"(0.43137254901960786, 0.13333333333333333, 0.8666666666666667)",True,False,True,True,96,208,112,"(0.5372549019607843, 0.4588235294117647, 0.0)",True,96,115,19,"(0.16470588235294117, 0.8313725490196079, 0.0)",False,,,,,False
144_Si72Sn72_001_011_a0.212963_b0.981481_c2.3_interface5shift4,5,4,4,Si,False,5.555555555555555,8,-42.60220066,-45.400925,-0.04051,0.04051,12,001,0,0,1,Sn,False,8,-29.90800429,-34.349418,-0.02397,0.02397,12,011,0,1,1,0.212963,0.981481,2.3,3.476556301,0.0,0.950324535,144,576,-626.77045401,-691.008895,-4.531887809375,-3.849029507361111,-4.244851055555555,4,,6.951388888888889,-706.652214,,-4.9843964375,-4.353485215277777,,1,,3.8628472222222223,1.799550561797753,,"(0.4392156862745098, 0.10980392156862745, 0.8862745098039215)",True,False,True,True,261,308,47,"(0.14901960784313725, 0.8470588235294118, 0.0)",True,261,261,0,"(0.0, 1.0, 0.0)",False,,,,,False
120_Si72Ge48_011_001_a0.368421_b0.222222_c2.163935_interface6shift3swap6,6,3,3,Si,False,6.666666666666667,8,-42.60220066,-45.400925,-0.02864,0.02864,12,011,0,1,1,Ge,False,8,-35.08485951,-38.831661,-0.03888,0.03888,8,001,0,0,1,0.368421,0.222222,2.163935,4.176024914,0.0,2.319717407,120,480,-574.76352673,-622.639866,-4.855441260625,-4.142303888,-4.486727333333333,4,,5.575,-634.139113,,-5.264536625,-4.582554391666665,,1,,4.264583333333333,1.3072789447972644,,"(0.43137254901960786, 0.13333333333333333, 0.8666666666666667)",True,True,True,True,162,219,57,"(0.25882352941176473, 0.7372549019607844, 0.0)",True,162,169,7,"(0.0392156862745098, 0.9568627450980393, 0.0)",False,,,,,False
120_Si72Ge48_011_001_a0.368421_b0.222222_c2.163935_interface6shift6swap7,6,6,6,Si,False,6.666666666666667,8,-42.60220066,-45.400925,-0.02864,0.02864,12,011,0,1,1,Ge,False,8,-35.08485951,-38.831661,-0.03888,0.03888,8,001,0,0,1,0.368421,0.222222,2.163935,4.176024914,0.0,2.319717407,120,480,-574.24302728,-622.078464,-4.855441260625,-4.137966392583333,-4.482048983333334,4,,5.6,-632.437696,,-5.264536625,-4.568375916666666,,1,,1.9125,2.9281045751633985,,"(0.43137254901960786, 0.13333333333333333, 0.8666666666666667)",True,True,True,True,176,241,65,"(0.26666666666666666, 0.7294117647058823, 0.0)",True,176,185,9,"(0.047058823529411764, 0.9490196078431372, 0.0)",False,,,,,False
96_Si48Sn48_112_111_a0.0_b0.0_c0.0_interface4shift1,4,1,1,Si,False,8.333333333333332,8,-42.60220066,-45.400925,-0.04167,0.04167,8,112,1,1,2,Sn,False,8,-29.90800429,-34.349418,-0.02936,0.02936,8,111,1,1,1,0.0,0.0,0.0,3.476550341,0.0,0.950312614,96,384,,,,,,4,,,-469.080294,,-4.9843964375,-4.055520322916666,,1,,4.9140625,,,,False,False,False,False,,,,,False,,,,,False,,,,,False
120_Si36C84_012_012_a0.037879_b0.012346_c1.482413_interface11shift6,11,6,6,Si,False,6.666666666666667,8,-42.60220066,-45.400925,-0.04167,0.04167,6,012,0,1,2,C,False,8,-69.80589084,-74.136955,0.29167,0.375,14,012,0,1,2,0.037879,0.012346,1.482413,0.319951773,6.83e-06,0.640940666,120,480,-796.31517775,-845.74532,-7.025505718750001,-5.69922571875,-6.051728666666666,4,,8.666666666666666,-923.3289,,-7.4711175,-6.698258499999999,,1,,8.852083333333333,0.9790538950341257,,"(0.43137254901960786, 0.13333333333333333, 0.8666666666666667)",True,False,True,True,15,33,18,"(0.5450980392156862, 0.45098039215686275, 0.0)",True,15,24,9,"(0.37254901960784315, 0.6235294117647059, 0.0)",False,,,,,False
264_Si156Sn108_001_001_a0.276923_b0.041026_c2.1_interface1shift6swap1,1,6,6,Si,False,3.0303030303030303,8,-42.60220066,-45.400925,-0.04051,0.04051,26,001,0,0,1,Sn,False,8,-29.90800429,-34.349418,-0.0339,0.0339,18,001,0,0,1,0.276923,0.041026,2.1,0.582945824,0.0,1.162487268,264,1056,-1105.37160632,-1221.90542,-4.531887809375,-3.9123537930681813,-4.3263449886363645,4,,25.928030303030305,-1302.920788,,-4.9843964375,-4.6332213825757576,,1,,4.746212121212121,5.462889066241022,,"(0.4666666666666667, 0.058823529411764705, 0.9372549019607843)",True,True,True,True,201,153,48,"(0.23529411764705882, 0.7607843137254902, 0.0)",True,201,200,1,"(0.00392156862745098, 0.9921568627450981, 0.0)",False,,,,,False
380_Si72C308_111_111_a0.227273_b0.030303_c2.163935_interface3shift3,3,3,3,Si,False,2.1052631578947367,8,-42.60220066,-45.400925,0.29825,0.36841,12,111,1,1,1,C,False,8,-69.80589084,-74.136955,0.15625,0.17708,28,111,1,1,1,0.227273,0.030303,2.163935,0.319956511,0.0,0.640952587,380,1520,,,,,,4,,,,,,,,1,,,,,,True,False,False,False,,,,,False,,,,,False,,,,,
120_Si36C84_012_012_a0.939394_b0.012346_c1.680068_interface9shift5,9,5,5,Si,False,6.666666666666667,8,-42.60220066,-45.400925,-0.04167,0.04167,6,012,0,1,2,C,False,8,-69.80589084,-74.136955,-0.04167,0.04167,14,012,0,1,2,0.939394,0.012346,1.680068,0.319951773,6.83e-06,0.640940666,120,480,-790.45085814,-841.390746,-7.025505718750001,-5.650356388666667,-6.015440549999999,4,,8.475,-921.05765,,-7.4711175,-6.679331416666666,,1,,7.508333333333334,1.1287458379578246,,"(0.43137254901960786, 0.13333333333333333, 0.8666666666666667)",True,False,True,True,63,45,18,"(0.2823529411764706, 0.7137254901960784, 0.0)",True,63,58,5,"(0.0784313725490196, 0.9176470588235294, 0.0)",False,,,,,False
264_Si156Sn108_001_001_a0.0_b0.0_c0.0_interface1shift1swap5,1,1,1,Si,False,3.0303030303030303,8,-42.60220066,-45.400925,-0.04051,0.04051,26,001,0,0,1,Sn,False,8,-29.90800429,-34.349418,-0.0339,0.0339,18,001,0,0,1,0.0,0.0,0.0,0.582945824,0.0,1.162487268,264,1056,819.12116382,,-4.531887809375,3.3773915483712122,,4,,81.125,,,,,,1,,,,,,False,True,False,False,,,,,False,,,,,False,,,,,
120_Si72Ge48_011_001_a0.368421_b0.222222_c2.163935_interface6shift2swap6,6,2,2,Si,False,6.666666666666667,8,-42.60220066,-45.400925,-0.02864,0.02864,12,011,0,1,1,Ge,False,8,-35.08485951,-38.831661,-0.03888,0.03888,8,001,0,0,1,0.368421,0.222222,2.163935,4.176024914,0.0,2.319717407,120,480,-574.7274538,-622.588907,-4.855441260625,-4.14200328025,-4.486302675,4,,5.466666666666667,-632.071429,,-5.264536625,-4.565323691666666,,1,,1.8583333333333334,2.9417040358744395,,"(0.43137254901960786, 0.13333333333333333, 0.8666666666666667)",True,True,True,True,167,251,84,"(0.3333333333333333, 0.6627450980392157, 0.0)",True,167,175,8,"(0.043137254901960784, 0.9529411764705882, 0.0)",False,,,,,False
120_Si36C84_012_012_a0.939394_b0.018519_c1.680068_interface9shift1,9,1,1,Si,False,6.666666666666667,8,-42.60220066,-45.400925,-0.04167,0.04167,6,012,0,1,2,C,False,8,-69.80589084,-74.136955,-0.04167,0.04167,14,012,0,1,2,0.939394,0.018519,1.680068,0.319951773,6.83e-06,0.640940666,120,480,-790.50856252,-841.309321,-7.025505718750001,-5.650837258500001,-6.014762008333332,4,,8.708333333333334,-922.085351,,-7.4711175,-6.687895591666665,,1,,6.635416666666667,1.3124018838304552,,"(0.43137254901960786, 0.13333333333333333, 0.8666666666666667)",True,False,True,True,61,40,21,"(0.3411764705882353, 0.6549019607843137, 0.0)",True,61,60,1,"(0.01568627450980392, 0.9803921568627451, 0.0)",False,,,,,False
96_Si48Sn48_112_111_a0.88172_b0.156863_c1.480959_interface3shift5,3,5,5,Si,False,8.333333333333332,8,-42.60220066,-45.400925,-0.04167,0.04167,8,112,1,1,2,Sn,False,8,-29.90800429,-34.349418,-0.02936,0.02936,8,111,1,1,1,0.88172,0.156863,1.480959,3.476550341,0.0,0.950312614,96,384,,,,,,4,,,-472.328194,,-4.9843964375,-4.089352614583333,,1,,4.130208333333333,,,,True,False,False,False,,,,,False,,,,,False,,,,,False
380_Si72C308_111_111_a0.05303_b0.265152_c2.163935_interface5shift5,5,5,5,Si,False,2.1052631578947367,8,-42.60220066,-45.400925,-0.03508,0.03508,12,111,1,1,1,C,False,8,-69.80589084,-74.136955,0.15625,0.17708,28,111,1,1,1,0.05303,0.265152,2.163935,0.319956511,0.0,0.640952587,380,1520,,,,,,4,,,,,,,,1,,,,,,True,False,False,False,,,,,False,,,,,False,,,,,
120_Si72Ge48_013_114_a0.049383_b0.076023_c1.486532_interface2shift4,2,4,4,Si,False,6.666666666666667,8,-42.60220066,-45.400925,0.125,0.20833,12,013,0,1,3,Ge,False,8,-35.08485951,-38.831661,-0.04167,0.04167,8,114,1,1,4,0.049383,0.076023,1.486532,1.781901121,0.0,2.930992842,120,480,-519.83496223,-578.623082,-4.855441260625,-3.6845658505,-4.119920799999999,4,,7.458333333333333,-616.131664,,-5.264536625,-4.432492316666666,,1,,3.6375,2.0504009163802976,,"(0.43137254901960786, 0.13333333333333333, 0.8666666666666667)",True,False,True,True,274,281,7,"(0.023529411764705882, 0.9725490196078431, 0.0)",True,274,274,0,"(0.0, 1.0, 0.0)",False,,,,,False
380_Si72C308_111_111_a0.128788_b0.083333_c2.163935_interface7shift8,7,8,8,Si,False,2.1052631578947367,8,-42.60220066,-45.400925,0.29825,0.36841,12,111,1,1,1,C,False,8,-69.80589084,-74.136955,0.15625,0.17708,28,111,1,1,1,0.128788,0.083333,2.163935,0.319956511,0.0,0.640952587,380,1520,,,,,,4,,,,,,,,1,,,,,,True,False,False,False,,,,,False,,,,,False,,,,,
120_Si72Ge48_011_001_a0.368421_b0.222222_c2.163935_interface6shift5swap5,6,5,5,Si,False,6.666666666666667,8,-42.60220066,-45.400925,-0.02864,0.02864,12,011,0,1,1,Ge,False,8,-35.08485951,-38.831661,-0.03888,0.03888,8,001,0,0,1,0.368421,0.222222,2.163935,4.176024914,0.0,2.319717407,120,480,-575.73112308,-623.190727,-4.855441260625,-4.150367190916667,-4.4913178416666675,4,,10.016666666666667,-634.566085,,-5.264536625,-4.586112491666667,,1,,1.8520833333333333,5.408323959505062,,"(0.43137254901960786, 0.13333333333333333, 0.8666666666666667)",True,True,True,True,123,198,75,"(0.3764705882352941, 0.6196078431372549, 0.0)",True,123,136,13,"(0.09411764705882353, 0.9019607843137255, 0.0)",False,,,,,False
264_Si156Sn108_001_001_a0.276923_b0.041026_c2.1_interface1shift6swap2,1,6,6,Si,False,3.0303030303030303,8,-42.60220066,-45.400925,-0.04051,0.04051,26,001,0,0,1,Sn,False,8,-29.90800429,-34.349418,-0.0339,0.0339,18,001,0,0,1,0.276923,0.041026,2.1,0.582945824,0.0,1.162487268,264,1056,-1095.28517552,-1209.516678,-4.531887809375,-3.874147615795454,-4.279417935606061,4,,25.799242424242426,-1304.773665,,-4.9843964375,-4.640239856060606,,1,,4.9602272727272725,5.201221840397099,,"(0.4666666666666667, 0.058823529411764705, 0.9372549019607843)",True,True,True,True,238,126,112,"(0.47058823529411764, 0.5294117647058824, 0.0)",True,238,241,3,"(0.011764705882352941, 0.984313725490196, 0.0)",False,,,,,False
120_Si36C84_012_012_a0.123457_b0.216049_c1.087103_interface2shift6,2,6,6,Si,False,6.666666666666667,8,-42.60220066,-45.400925,-0.04167,0.04167,6,012,0,1,2,C,False,8,-69.80589084,-74.136955,-0.04167,0.04167,14,012,0,1,2,0.123457,0.216049,1.087103,0.319951773,0.0,0.640940666,120,480,-794.80410064,-846.035659,-7.025505718750001,-5.686633409500001,-6.054148158333334,4,,10.333333333333334,-913.008825,,-7.4711175,-6.612257875,,1,,7.625,1.3551912568306013,,"(0.43137254901960786, 0.13333333333333333, 0.8666666666666667)",True,False,True,True,29,73,44,"(0.6, 0.396078431372549, 0.0)",True,29,20,9,"(0.30980392156862746, 0.6862745098039216, 0.0)",False,,,,,False
120_Si36C84_012_012_a0.87037_b0.037037_c1.18593_interface10shift4,10,4,4,Si,False,6.666666666666667,8,-42.60220066,-45.400925,-0.04167,0.04167,6,012,0,1,2,C,False,8,-69.80589084,-74.136955,-0.04167,0.04167,14,012,0,1,2,0.87037,0.037037,1.18593,0.319951773,6.83e-06,0.640940666,120,480,-794.5880904,-846.995851,-7.025505718750001,-5.684833324166667,-6.062149758333334,4,,10.225,-930.606853,,-7.4711175,-6.758908108333332,,1,,9.779166666666667,1.0455901150404772,,"(0.43137254901960786, 0.13333333333333333, 0.8666666666666667)",True,False,True,True,31,15,16,"(0.5137254901960784, 0.4823529411764706, 0.0)",True,31,12,19,"(0.611764705882353, 0.3843137254901961, 0.0)",False,,,,,False
380_Si72C308_111_111_a0.234848_b0.022727_c2.163935_interface3shift6,3,6,6,Si,False,2.1052631578947367,8,-42.60220066,-45.400925,0.29825,0.36841,12,111,1,1,1,C,False,8,-69.80589084,-74.136955,0.15625,0.17708,28,111,1,1,1,0.234848,0.022727,2.163935,0.319956511,0.0,0.640952587,380,1520,,,,,,4,,,,,,,,1,,,,,,True,False,False,False,,,,,False,,,,,False,,,,,
120_Si72Ge48_013_114_a0.302469_b0.076023_c1.486532_interface2shift1,2,1,1,Si,False,6.666666666666667,8,-42.60220066,-45.400925,0.125,0.20833,12,013,0,1,3,Ge,False,8,-35.08485951,-38.831661,-0.04167,0.04167,8,114,1,1,4,0.302469,0.076023,1.486532,1.781901121,0.0,2.930992842,120,480,-519.83158345,-578.622813,-4.855441260625,-3.6845376940000003,-4.119918558333333,4,,7.433333333333334,-616.117985,,-5.264536625,-4.432378325,,1,,3.3625,2.210656753407683,,"(0.43137254901960786, 0.13333333333333333, 0.8666666666666667)",True,False,True,True,276,284,8,"(0.027450980392156862, 0.9686274509803922, 0.0)",True,276,276,0,"(0.0, 1.0, 0.0)",False,,,,,False
120_Si120_001_001_a0.0_b0.0_c0.0_interface9shift1,9,1,1,Si,False,6.666666666666667,8,-42.60220066,-45.400925,-0.04051,0.04051,10,001,0,0,1,Si,False,8,-42.60220066,-45.400925,-0.04051,0.04051,10,001,0,0,1,0.0,0.0,0.0,0.0,0.0,0.0,120,480,266.55891115,96.482945,-5.3252750825,2.9313609372499996,1.5607066250000001,4,,11.058333333333334,-654.198905,,-5.675115625,-4.6949754583333325,,1,,2.220833333333333,4.979362101313321,,"(0.43137254901960786, 0.13333333333333333, 0.8666666666666667)",False,False,False,True,310,122,188,"(0.6039215686274509, 0.39215686274509803, 0.0)",True,310,311,1,"(0.0, 0.996078431372549, 0.0)",False,,,,,False
264_Si156Sn108_001_001_a0.276923_b0.041026_c2.1_interface1shift4swap6,1,4,4,Si,False,3.0303030303030303,8,-42.60220066,-45.400925,-0.04051,0.04051,26,001,0,0,1,Sn,False,8,-29.90800429,-34.349418,-0.0339,0.0339,18,001,0,0,1,0.276923,0.041026,2.1,0.582945824,0.0,1.162487268,264,1056,-1103.53442218,-1220.006183,-4.531887809375,-3.9053947622348484,-4.319150909090909,4,,26.204545454545453,-1303.527378,,-4.9843964375,-4.635519071969697,,1,,5.763257575757576,4.546828787380874,,"(0.4666666666666667, 0.058823529411764705, 0.9372549019607843)",True,True,True,True,205,144,61,"(0.29411764705882354, 0.7019607843137254, 0.0)",True,205,205,0,"(0.0, 1.0, 0.0)",False,,,,,False
120_Si36C84_012_012_a0.734848_b0.135802_c1.58124_interface15shift3,15,3,3,Si,False,6.666666666666667,8,-42.60220066,-45.400925,-0.04167,0.04167,6,012,0,1,2,C,False,8,-69.80589084,-74.136955,0.29167,0.375,14,012,0,1,2,0.734848,0.135802,1.58124,0.319951773,6.83e-06,0.640940666,120,480,-794.11171366,-844.423787,-7.025505718750001,-5.680863518,-6.0407158916666654,4,,7.925,-926.345796,,-7.4711175,-6.7233993,,1,,9.78125,0.810223642172524,,"(0.43137254901960786, 0.13333333333333333, 0.8666666666666667)",True,False,True,True,38,24,14,"(0.36470588235294116, 0.6313725490196078, 0.0)",True,38,34,4,"(0.10196078431372549, 0.8941176470588236, 0.0)",False,,,,,False
120_Si36C84_012_012_a0.117284_b0.611111_c1.482413_interface1shift7,1,7,7,Si,False,6.666666666666667,8,-42.60220066,-45.400925,-0.04167,0.04167,6,012,0,1,2,C,False,8,-69.80589084,-74.136955,0.29167,0.375,14,012,0,1,2,0.117284,0.611111,1.482413,0.319951773,0.0,0.640940666,120,480,-792.32489283,-841.030256,-7.025505718750001,-5.665973344416667,-6.012436466666666,4,,12.041666666666666,-924.415214,,-7.4711175,-6.707311116666667,,1,,5.81875,2.0694593626924456,,"(0.43137254901960786, 0.13333333333333333, 0.8666666666666667)",True,False,True,True,53,26,27,"(0.5058823529411764, 0.49019607843137253, 0.0)",True,53,64,11,"(0.16862745098039217, 0.8274509803921568, 0.0)",False,,,,,False
264_Si156Sn108_001_001_a0.276923_b0.041026_c2.1_interface1shift2swap8,1,2,2,Si,False,3.0303030303030303,8,-42.60220066,-45.400925,-0.04051,0.04051,26,001,0,0,1,Sn,False,8,-29.90800429,-34.349418,-0.0339,0.0339,18,001,0,0,1,0.276923,0.041026,2.1,0.582945824,0.0,1.162487268,264,1056,-1096.97859977,-1213.584216,-4.531887809375,-3.880562101590909,-4.294825276515152,4,,25.795454545454547,-1302.55501,,-4.9843964375,-4.6318358598484854,,1,,5.367424242424242,4.805928016937192,,"(0.4666666666666667, 0.058823529411764705, 0.9372549019607843)",True,True,True,True,228,157,71,"(0.30980392156862746, 0.6862745098039216, 0.0)",True,228,222,6,"(0.023529411764705882, 0.9725490196078431, 0.0)",False,,,,,False
264_Si156Sn108_001_001_a0.276923_b0.041026_c2.1_interface1shift4swap1,1,4,4,Si,False,3.0303030303030303,8,-42.60220066,-45.400925,-0.04051,0.04051,26,001,0,0,1,Sn,False,8,-29.90800429,-34.349418,-0.0339,0.0339,18,001,0,0,1,0.276923,0.041026,2.1,0.582945824,0.0,1.162487268,264,1056,-1093.43117597,-1211.027428,-4.531887809375,-3.867124890227272,,4,,26.681818181818183,,,,,,1,,,,,,True,True,False,False,,,,,False,,,,,False,,,,,
120_Si72Ge48_013_114_a0.0_b0.0_c0.0_interface2shift1,2,1,1,Si,False,6.666666666666667,8,-42.60220066,-45.400925,0.125,0.20833,12,013,0,1,3,Ge,False,8,-35.08485951,-38.831661,-0.04167,0.04167,8,114,1,1,4,0.0,0.0,0.0,1.781901121,0.0,2.930992842,120,480,59.13780599,-119.928432,-4.855441260625,1.140207218,-0.29746538333333333,4,,9.258333333333333,-624.792689,,-5.264536625,-4.504667525,,1,,10.41875,0.888622275544891,,"(0.43137254901960786, 0.13333333333333333, 0.8666666666666667)",False,False,False,True,307,265,42,"(0.13333333333333333, 0.8627450980392157, 0.0)",True,307,304,3,"(0.00784313725490196, 0.9882352941176471, 0.0)",False,,,,,False
24_Si24_001_001_a0.0_b0.0_c0.0_interface7shift1swap1,7,1,1,Si,False,33.33333333333333,8,-42.60220066,-45.400925,-0.04051,0.04051,2,001,0,0,1,Si,False,8,-42.60220066,-45.400925,-0.04051,0.04051,2,001,0,0,1,0.0,0.0,0.0,0.0,0.0,0.0,24,96,39.20221918,15.425487,-5.3252750825,5.1836091875,4.426139041666667,4,,2.875,-124.197694,,-5.675115625,-1.3914935,,1,,0.8854166666666666,3.2470588235294118,,"(0.16470588235294117, 0.6627450980392157, 0.3333333333333333)",False,True,False,True,323,350,27,"(0.07450980392156863, 0.9215686274509803, 0.0)",True,323,322,1,"(0.0, 0.996078431372549, 0.0)",False,,,,,False
288_Si288_011_011_a0.0_b0.0_c0.0_interface15shift1,15,1,1,Si,False,2.7777777777777777,8,-42.60220066,-45.400925,-0.02864,0.02864,24,011,0,1,1,Si,False,8,-42.60220066,-45.400925,-0.02864,0.02864,24,011,0,1,1,0.0,0.0,0.0,0.0,0.0,0.0,288,1152,,,,,,4,,,,,,,,1,,,,,,False,False,False,False,,,,,False,,,,,False,,,,,
120_Si36C84_012_012_a0.015152_b0.12963_c1.482413_interface14shift6,14,6,6,Si,False,6.666666666666667,8,-42.60220066,-45.400925,-0.04167,0.04167,6,012,0,1,2,C,False,8,-69.80589084,-74.136955,-0.04167,0.04167,14,012,0,1,2,0.015152,0.12963,1.482413,0.319951773,6.83e-06,0.640940666,120,480,-794.2465792,-843.087469,-7.025505718750001,-5.6819873975,-6.029579908333333,4,,8.8,-920.614457,,-7.4711175,-6.675638141666667,,1,,12.039583333333333,0.7309223048970411,,"(0.43137254901960786, 0.13333333333333333, 0.8666666666666667)",True,False,True,True,35,52,17,"(0.3254901960784314, 0.6705882352941176, 0.0)",True,35,39,4,"(0.10196078431372549, 0.8941176470588236, 0.0)",False,,,,,False
264_Si156Sn108_001_001_a0.276923_b0.041026_c2.1_interface1shift3swap7,1,3,3,Si,False,3.0303030303030303,8,-42.60220066,-45.400925,-0.04051,0.04051,26,001,0,0,1,Sn,False,8,-29.90800429,-34.349418,-0.0339,0.0339,18,001,0,0,1,0.276923,0.041026,2.1,0.582945824,0.0,1.162487268,264,1056,-1098.68929815,-1215.525616,-4.531887809375,-3.8870420196969695,-4.30217906439394,4,,26.16287878787879,-1299.909469,,-4.9843964375,-4.621814871212122,,1,,4.331439393939394,6.0402273721031925,,"(0.4666666666666667, 0.058823529411764705, 0.9372549019607843)",True,True,True,True,216,184,32,"(0.1450980392156863, 0.8509803921568627, 0.0)",True,216,217,1,"(0.00392156862745098, 0.9921568627450981, 0.0)",False,,,,,False
84_Si36Ge48_001_011_a0.471698_b0.0_c1.967213_interface7shift1,7,1,1,Si,False,9.523809523809524,8,-42.60220066,-45.400925,-0.04051,0.04051,6,001,0,0,1,Ge,False,8,-35.08485951,-38.831661,-0.0275,0.0275,8,011,0,1,1,0.471698,0.0,1.967213,4.176025867,0.0,2.319717407,84,336,-386.32234682,-422.93511,-4.855441260625,-3.6742296029761907,-4.032172904761905,4,,8.547619047619047,-431.918476,,-5.264536625,-4.139117738095239,,1,,1.9226190476190477,4.445820433436532,,"(0.4, 0.18823529411764706, 0.807843137254902)",True,False,True,True,289,317,28,"(0.08627450980392157, 0.9098039215686274, 0.0)",True,289,286,3,"(0.00784313725490196, 0.9882352941176471, 0.0)",False,,,,,False
264_Si156Sn108_001_001_a0.276923_b0.041026_c2.1_interface1shift4swap2,1,4,4,Si,False,3.0303030303030303,8,-42.60220066,-45.400925,-0.04051,0.04051,26,001,0,0,1,Sn,False,8,-29.90800429,-34.349418,-0.0339,0.0339,18,001,0,0,1,0.276923,0.041026,2.1,0.582945824,0.0,1.162487268,264,1056,-1098.05437717,-1212.629398,-4.531887809375,-3.884637015984848,-4.291208541666667,4,,25.625,-1304.622935,,-4.9843964375,-4.63966890909091,,1,,3.803977272727273,6.736370425690814,,"(0.4666666666666667, 0.058823529411764705, 0.9372549019607843)",True,True,True,True,221,128,93,"(0.4196078431372549, 0.5764705882352941, 0.0)",True,221,227,6,"(0.023529411764705882, 0.9725490196078431, 0.0)",False,,,,,False
72_Si24Ge48_114_001_a0.078947_b0.574074_c1.595639_interface5shift7,5,7,7,Si,False,11.11111111111111,8,-42.60220066,-45.400925,-0.04167,0.04167,4,114,1,1,4,Ge,False,8,-35.08485951,-38.831661,-0.03888,0.03888,8,001,0,0,1,0.078947,0.574074,1.595639,4.176024914,0.0,2.319717407,72,288,-315.26735638,-349.382368,-4.855441260625,-3.2997263362500004,-3.682635861111111,4,,6.125,-360.181648,,-5.264536625,-3.8326258611111106,,1,,1.9097222222222223,3.207272727272727,,"(0.3843137254901961, 0.2196078431372549, 0.7764705882352941)",True,False,True,True,292,330,38,"(0.11372549019607843, 0.8823529411764706, 0.0)",True,292,292,0,"(0.0, 1.0, 0.0)",False,,,,,False
120_Si36C84_012_012_a0.0_b0.0_c0.0_interface2shift1,2,1,1,Si,False,6.666666666666667,8,-42.60220066,-45.400925,-0.04167,0.04167,6,012,0,1,2,C,False,8,-69.80589084,-74.136955,-0.04167,0.04167,14,012,0,1,2,0.0,0.0,0.0,0.319951773,0.0,0.640940666,120,480,,,,,,4,,,,,,,,1,,,,,,False,False,False,False,,,,,False,,,,,False,,,,,
120_Si36C84_012_012_a0.234848_b0.012346_c1.680068_interface13shift8,13,8,8,Si,False,6.666666666666667,8,-42.60220066,-45.400925,-0.04167,0.04167,6,012,0,1,2,C,False,8,-69.80589084,-74.136955,0.29167,0.375,14,012,0,1,2,0.234848,0.012346,1.680068,0.319951773,6.83e-06,0.640940666,120,480,-791.10549367,-840.616849,-7.025505718750001,-5.655811684750001,-6.0089914083333325,4,,8.483333333333333,-921.757694,,-7.4711175,-6.685165116666667,,1,,8.635416666666666,0.982388419782871,,"(0.43137254901960786, 0.13333333333333333, 0.8666666666666667)",True,False,True,True,55,41,14,"(0.25098039215686274, 0.7450980392156863, 0.0)",True,55,66,11,"(0.16470588235294117, 0.8313725490196079, 0.0)",False,,,,,False
380_Si72C308_111_111_a0.05303_b0.060606_c2.163935_interface4shift4,4,4,4,Si,False,2.1052631578947367,8,-42.60220066,-45.400925,0.29825,0.36841,12,111,1,1,1,C,False,8,-69.80589084,-74.136955,0.19792,0.21875,28,111,1,1,1,0.05303,0.060606,2.163935,0.319956511,0.0,0.640952587,380,1520,,,,,,4,,,,,,,,1,,,,,,True,False,False,False,,,,,False,,,,,False,,,,,
216_Si144Sn72_011_001_a0.734848_b0.101604_c1.868853_interface7shift3,7,3,3,Si,False,3.7037037037037033,8,-42.60220066,-45.400925,-0.02864,0.02864,24,011,0,1,1,Sn,False,8,-29.90800429,-34.349418,-0.0339,0.0339,12,001,0,0,1,0.734848,0.101604,1.868853,3.476561546,0.0,0.950324535,216,864,-983.49502471,-1069.377655,-4.531887809375,-4.217522313703704,-4.581607925925926,4,,9.398148148148149,-1113.365013,,-4.9843964375,-4.785253101851852,,1,,4.69212962962963,2.002960039467193,,"(0.4588235294117647, 0.07058823529411765, 0.9254901960784314)",True,False,True,True,90,91,1,"(0.00784313725490196, 0.9882352941176471, 0.0)",True,90,89,1,"(0.00784313725490196, 0.9882352941176471, 0.0)",False,,,,,False
380_Si72C308_111_111_a0.075758_b0.242424_c2.163935_interface8shift5,8,5,5,Si,False,2.1052631578947367,8,-42.60220066,-45.400925,0.29825,0.36841,12,111,1,1,1,C,False,8,-69.80589084,-74.136955,0.19792,0.21875,28,111,1,1,1,0.075758,0.242424,2.163935,0.319956511,0.0,0.640952587,380,1520,,,,,,4,,,,,,,,1,,,,,,True,False,False,False,,,,,False,,,,,False,,,,,
120_Si72Ge48_011_001_a0.368421_b0.222222_c2.163935_interface6shift5swap1,6,5,5,Si,False,6.666666666666667,8,-42.60220066,-45.400925,-0.02864,0.02864,12,011,0,1,1,Ge,False,8,-35.08485951,-38.831661,-0.03888,0.03888,8,001,0,0,1,0.368421,0.222222,2.163935,4.176024914,0.0,2.319717407,120,480,-576.05184638,-623.218864,-4.855441260625,-4.153039885083333,-4.4915523166666675,4,,9.025,-634.470968,,-5.264536625,-4.58531985,,1,,1.9208333333333334,4.698481561822126,,"(0.43137254901960786, 0.13333333333333333, 0.8666666666666667)",True,True,True,True,117,204,87,"(0.4235294117647059, 0.5725490196078431, 0.0)",True,117,133,16,"(0.11764705882352941, 0.8784313725490196, 0.0)",False,,,,,False
72_Si24Ge48_114_001_a0.828947_b0.376543_c1.595639_interface5shift8,5,8,8,Si,False,11.11111111111111,8,-42.60220066,-45.400925,-0.04167,0.04167,4,114,1,1,4,Ge,False,8,-35.08485951,-38.831661,-0.03888,0.03888,8,001,0,0,1,0.828947,0.376543,1.595639,4.176024914,0.0,2.319717407,72,288,-309.43862121,-343.374673,-4.855441260625,-3.2187716811111113,-3.599195652777778,4,,5.527777777777778,-362.828285,,-5.264536625,-3.8693847083333335,,1,,3.611111111111111,1.5307692307692307,,"(0.3843137254901961, 0.2196078431372549, 0.7764705882352941)",True,False,True,True,297,326,29,"(0.08627450980392157, 0.9098039215686274, 0.0)",True,297,297,0,"(0.0, 1.0, 0.0)",False,,,,,False
264_Si156Sn108_001_001_a0.276923_b0.041026_c2.1_interface1shift4,1,4,4,Si,False,3.0303030303030303,8,-42.60220066,-45.400925,-0.04051,0.04051,26,001,0,0,1,Sn,False,8,-29.90800429,-34.349418,-0.0339,0.0339,18,001,0,0,1,0.276923,0.041026,2.1,0.582945824,0.0,1.162487268,264,1056,-1172.47537262,-1283.84846,-4.531887809375,-4.166534726022727,-4.5609777159090905,4,,22.625,-1320.977882,,-4.9843964375,-4.701619465909091,,1,,2.289772727272727,9.88089330024814,,"(0.4666666666666667, 0.058823529411764705, 0.9372549019607843)",True,False,True,True,105,119,14,"(0.11764705882352941, 0.8823529411764706, 0.0)",True,105,100,5,"(0.047058823529411764, 0.9490196078431372, 0.0)",False,,,,,False
120_Si36C84_012_012_a0.280303_b0.055556_c1.482413_interface11shift3,11,3,3,Si,False,6.666666666666667,8,-42.60220066,-45.400925,-0.04167,0.04167,6,012,0,1,2,C,False,8,-69.80589084,-74.136955,0.29167,0.375,14,012,0,1,2,0.280303,0.055556,1.482413,0.319951773,6.83e-06,0.640940666,120,480,-796.444652,-845.835861,-7.025505718750001,-5.700304670833334,-6.052483175,4,,8.791666666666666,-923.765116,,-7.4711175,-6.7018936333333325,,1,,6.1125,1.438309475119291,,"(0.43137254901960786, 0.13333333333333333, 0.8666666666666667)",True,False,True,True,13,28,15,"(0.5333333333333333, 0.4627450980392157, 0.0)",True,13,22,9,"(0.40784313725490196, 0.5882352941176471, 0.0)",False,,,,,False
156_Si108Ge48_001_114_a0.592593_b0.919753_c1.585634_interface8shift7,8,7,7,Si,False,5.128205128205128,8,-42.60220066,-45.400925,-0.04051,0.04051,18,001,0,0,1,Ge,False,8,-35.08485951,-38.831661,-0.04167,0.04167,8,114,1,1,4,0.592593,0.919753,1.585634,4.17603159,0.0,2.319717407,156,624,-716.90922242,-784.150815,-4.855441260625,-4.097577963141026,-4.486655314102563,4,,8.205128205128204,-826.708468,,-5.264536625,-4.759460782051282,,1,,4.44551282051282,1.8457101658255226,,"(0.44313725490196076, 0.10196078431372549, 0.8941176470588236)",True,False,True,True,186,103,83,"(0.44313725490196076, 0.5529411764705883, 0.0)",True,186,170,16,"(0.08235294117647059, 0.9137254901960784, 0.0)",False,,,,,False
156_Si108Ge48_001_114_a0.839506_b0.58642_c1.882941_interface8shift5,8,5,5,Si,False,5.128205128205128,8,-42.60220066,-45.400925,-0.04051,0.04051,18,001,0,0,1,Ge,False,8,-35.08485951,-38.831661,-0.04167,0.04167,8,114,1,1,4,0.839506,0.58642,1.882941,4.17603159,0.0,2.319717407,156,624,-727.52851427,-792.32785,-4.855441260625,-4.165650346794871,-4.539072205128205,4,,8.179487179487179,-824.861489,,-5.264536625,-4.747621173076923,,1,,6.921474358974359,1.181755035887937,,"(0.44313725490196076, 0.10196078431372549, 0.8941176470588236)",True,False,True,True,109,106,3,"(0.027450980392156862, 0.9686274509803922, 0.0)",True,109,102,7,"(0.06274509803921569, 0.9333333333333333, 0.0)",False,,,,,False
216_Si72Ge144_013_011_a0.45679_b0.678363_c1.888633_interface4shift6,4,6,6,Si,False,3.7037037037037033,8,-42.60220066,-45.400925,0.125,0.20833,12,013,0,1,3,Ge,False,8,-35.08485951,-38.831661,-0.0275,0.0275,24,011,0,1,1,0.45679,0.678363,1.888633,1.781901121,0.0,2.930998802,216,864,-962.90694035,-1060.679339,-4.855441260625,-4.0982401860185185,-4.5205868194444445,4,,17.10648148148148,-1082.884609,,-5.264536625,-4.62338899537037,,1,,2.4930555555555554,6.861652739090065,,"(0.4588235294117647, 0.07058823529411765, 0.9254901960784314)",True,False,True,True,180,176,4,"(0.0196078431372549, 0.9764705882352941, 0.0)",True,180,108,72,"(0.4, 0.6, 0.0)",False,,,,,False
72_Si24Ge48_114_001_a0.842105_b0.376543_c1.595639_interface5shift6,5,6,6,Si,False,11.11111111111111,8,-42.60220066,-45.400925,-0.04167,0.04167,4,114,1,1,4,Ge,False,8,-35.08485951,-38.831661,-0.03888,0.03888,8,001,0,0,1,0.842105,0.376543,1.595639,4.176024914,0.0,2.319717407,72,288,-309.1686129,-343.144965,-4.855441260625,-3.2150215656944447,-3.5960052638888893,4,,5.416666666666667,-362.827965,,-5.264536625,-3.8693802638888894,,1,,3.517361111111111,1.5399802566633762,,"(0.3843137254901961, 0.2196078431372549, 0.7764705882352941)",True,False,True,True,299,328,29,"(0.08627450980392157, 0.9098039215686274, 0.0)",True,299,299,0,"(0.0, 1.0, 0.0)",False,,,,,False
120_Si72Ge48_011_001_a0.368421_b0.222222_c2.163935_interface6shift2swap8,6,2,2,Si,False,6.666666666666667,8,-42.60220066,-45.400925,-0.02864,0.02864,12,011,0,1,1,Ge,False,8,-35.08485951,-38.831661,-0.03888,0.03888,8,001,0,0,1,0.368421,0.222222,2.163935,4.176024914,0.0,2.319717407,120,480,-575.13882892,-623.126924,-4.855441260625,-4.14543140625,-4.490786150000001,4,,6.75,-634.183976,,-5.264536625,-4.582928249999999,,1,,2.125,3.176470588235294,,"(0.43137254901960786, 0.13333333333333333, 0.8666666666666667)",True,True,True,True,144,215,71,"(0.32941176470588235, 0.6666666666666666, 0.0)",True,144,142,2,"(0.011764705882352941, 0.984313725490196, 0.0)",False,,,,,False
96_Si48Sn48_112_111_a0.354839_b0.405229_c1.480958_interface2shift7,2,7,7,Si,False,8.333333333333332,8,-42.60220066,-45.400925,-0.04167,0.04167,8,112,1,1,2,Sn,False,8,-29.90800429,-34.349418,-0.02936,0.02936,8,111,1,1,1,0.354839,0.405229,1.480958,3.476550341,0.0,0.950312614,96,384,,,,,,4,,,-474.490001,,-4.9843964375,-4.1118714375,,1,,8.7421875,,,,True,False,False,False,,,,,False,,,,,False,,,,,False
144_Si144_011_011_a0.0_b0.0_c0.0_interface14shift1,14,1,1,Si,False,5.555555555555555,8,-42.60220066,-45.400925,-0.02864,0.02864,12,011,0,1,1,Si,False,8,-42.60220066,-45.400925,-0.02864,0.02864,12,011,0,1,1,0.0,0.0,0.0,0.0,0.0,0.0,144,576,381.65164194,41.486267,-5.3252750825,3.242055855972222,0.9186674791666667,4,,13.5625,-790.100983,,-5.675115625,-4.856243979166667,,1,,4.444444444444445,3.0515624999999997,,"(0.4392156862745098, 0.10980392156862745, 0.8862745098039215)",False,False,False,True,314,84,230,"(0.7294117647058823, 0.26666666666666666, 0.0)",True,314,310,4,"(0.011764705882352941, 0.984313725490196, 0.0)",False,,,,,False
84_Si36Ge48_001_011_a0.471698_b0.166667_c1.967213_interface7shift4,7,4,4,Si,False,9.523809523809524,8,-42.60220066,-45.400925,-0.04051,0.04051,6,001,0,0,1,Ge,False,8,-35.08485951,-38.831661,-0.0275,0.0275,8,011,0,1,1,0.471698,0.166667,1.967213,4.176025867,0.0,2.319717407,84,336,-386.32233212,-422.935095,-4.855441260625,-3.6742294279761905,-4.032172726190477,4,,8.547619047619047,-431.918476,,-5.264536625,-4.139117738095239,,1,,1.8482142857142858,4.624798711755234,,"(0.4, 0.18823529411764706, 0.807843137254902)",True,False,True,True,290,318,28,"(0.08627450980392157, 0.9098039215686274, 0.0)",True,290,287,3,"(0.00784313725490196, 0.9882352941176471, 0.0)",False,,,,,False
120_Si72Ge48_011_001_a0.368421_b0.222222_c2.163935_interface6shift7swap6,6,7,7,Si,False,6.666666666666667,8,-42.60220066,-45.400925,-0.02864,0.02864,12,011,0,1,1,Ge,False,8,-35.08485951,-38.831661,-0.03888,0.03888,8,001,0,0,1,0.368421,0.222222,2.163935,4.176024914,0.0,2.319717407,120,480,-576.08167221,-623.390787,-4.855441260625,-4.153288433666666,-4.492985008333333,4,,10.216666666666667,-634.729406,,-5.264536625,-4.587473500000001,,1,,3.16875,3.2241946088099933,,"(0.43137254901960786, 0.13333333333333333, 0.8666666666666667)",True,True,True,True,114,191,77,"(0.4, 0.596078431372549, 0.0)",True,114,123,9,"(0.07058823529411765, 0.9254901960784314, 0.0)",False,,,,,False
120_Si36C84_012_012_a0.734848_b0.074074_c1.18593_interface15shift4,15,4,4,Si,False,6.666666666666667,8,-42.60220066,-45.400925,-0.04167,0.04167,6,012,0,1,2,C,False,8,-69.80589084,-74.136955,0.29167,0.375,14,012,0,1,2,0.734848,0.074074,1.18593,0.319951773,6.83e-06,0.640940666,120,480,-802.78762915,-853.055219,-7.025505718750001,-5.75316281375,-6.112644491666667,4,,7.383333333333334,-914.977734,,-7.4711175,-6.62866545,,1,,11.641666666666667,0.6342161775232641,,"(0.43137254901960786, 0.13333333333333333, 0.8666666666666667)",True,False,True,True,1,70,69,"(0.984313725490196, 0.011764705882352941, 0.0)",True,1,1,0,"(0.0, 1.0, 0.0)",False,,,,,False
264_Si156Sn108_001_001_a0.276923_b0.041026_c2.1_interface1shift4swap4,1,4,4,Si,False,3.0303030303030303,8,-42.60220066,-45.400925,-0.04051,0.04051,26,001,0,0,1,Sn,False,8,-29.90800429,-34.349418,-0.0339,0.0339,18,001,0,0,1,0.276923,0.041026,2.1,0.582945824,0.0,1.162487268,264,1056,-1101.33648616,-1217.362078,-4.531887809375,-3.8970692470075754,-4.309135359848486,4,,24.943181818181817,-1304.073517,,-4.9843964375,-4.637587780303031,,1,,6.6856060606060606,3.7308781869688383,,"(0.4666666666666667, 0.058823529411764705, 0.9372549019607843)",True,True,True,True,210,135,75,"(0.3568627450980392, 0.6392156862745098, 0.0)",True,210,212,2,"(0.00784313725490196, 0.9882352941176471, 0.0)",False,,,,,False
120_Si36C84_012_012_a0.363636_b0.111111_c1.680068_interface9shift6,9,6,6,Si,False,6.666666666666667,8,-42.60220066,-45.400925,-0.04167,0.04167,6,012,0,1,2,C,False,8,-69.80589084,-74.136955,-0.04167,0.04167,14,012,0,1,2,0.363636,0.111111,1.680068,0.319951773,6.83e-06,0.640940666,120,480,-790.50089037,-841.519411,-7.025505718750001,-5.650773323916667,-6.016512758333333,4,,8.65,-921.055485,,-7.4711175,-6.679313375,,1,,6.852083333333334,1.2623897841289144,,"(0.43137254901960786, 0.13333333333333333, 0.8666666666666667)",True,False,True,True,62,46,16,"(0.2549019607843137, 0.7411764705882353, 0.0)",True,62,53,9,"(0.1450980392156863, 0.8509803921568627, 0.0)",False,,,,,False
216_Si144Sn72_011_001_a0.409091_b0.106952_c1.967214_interface7shift2,7,2,2,Si,False,3.7037037037037033,8,-42.60220066,-45.400925,-0.02864,0.02864,24,011,0,1,1,Sn,False,8,-29.90800429,-34.349418,-0.0339,0.0339,12,001,0,0,1,0.409091,0.106952,1.967214,3.476561546,0.0,0.950324535,216,864,-995.08654269,-1080.537585,-4.531887809375,-4.271186748796296,-4.633274268518519,4,,9.199074074074074,-1112.894277,,-4.9843964375,-4.783073768518519,,1,,2.244212962962963,4.099020113460547,,"(0.4588235294117647, 0.07058823529411765, 0.9254901960784314)",True,False,True,True,87,97,10,"(0.10196078431372549, 0.8941176470588236, 0.0)",True,87,87,0,"(0.0, 1.0, 0.0)",False,,,,,False
96_Si48Sn48_112_111_a0.537634_b0.183007_c1.579689_interface3shift3,3,3,3,Si,False,8.333333333333332,8,-42.60220066,-45.400925,-0.04167,0.04167,8,112,1,1,2,Sn,False,8,-29.90800429,-34.349418,-0.02936,0.02936,8,111,1,1,1,0.537634,0.183007,1.579689,3.476550341,0.0,0.950312614,96,384,,,,,,4,,,-474.32653,,-4.9843964375,-4.110168614583333,,1,,9.013020833333334,,,,True,False,False,False,,,,,False,,,,,False,,,,,False
48_Si48_001_122_a0.0_b0.0_c0.0_interface12shift1,12,1,1,Si,False,16.666666666666664,8,-42.60220066,-45.400925,-0.04051,0.04051,6,001,0,0,1,Si,False,8,-42.60220066,-45.400925,-0.04167,0.04167,2,122,1,2,2,0.0,0.0,0.0,0.0,0.0,0.0,48,192,-45.20122103,-103.590266,-5.3252750825,0.833399589375,-0.2664253333333333,4,,3.8958333333333335,-263.207056,,-5.675115625,-3.5917751250000003,,1,,2.5833333333333335,1.5080645161290323,,"(0.32941176470588235, 0.32941176470588235, 0.6666666666666666)",False,False,True,True,303,343,40,"(0.11372549019607843, 0.8823529411764706, 0.0)",True,303,305,2,"(0.00392156862745098, 0.9921568627450981, 0.0)",False,,,,,False
380_Si72C308_111_111_a0.0_b0.0_c0.0_interface7shift1,7,1,1,Si,False,2.1052631578947367,8,-42.60220066,-45.400925,0.29825,0.36841,12,111,1,1,1,C,False,8,-69.80589084,-74.136955,0.15625,0.17708,28,111,1,1,1,0.0,0.0,0.0,0.319956511,0.0,0.640952587,380,1520,,,,,,4,,,,,,,,1,,,,,,False,False,False,False,,,,,False,,,,,False,,,,,
120_Si72Ge48_013_114_a0.308642_b0.076023_c1.486532_interface3shift3,3,3,3,Si,False,6.666666666666667,8,-42.60220066,-45.400925,0.125,0.20833,12,013,0,1,3,Ge,False,8,-35.08485951,-38.831661,-0.04167,0.04167,8,114,1,1,4,0.308642,0.076023,1.486532,1.781901121,0.0,2.930992842,120,480,-519.82900856,-578.613482,-4.855441260625,-3.6845162365833337,-4.1198407999999995,4,,7.516666666666667,-617.058932,,-5.264536625,-4.44021955,,1,,4.408333333333333,1.7051039697542534,,"(0.43137254901960786, 0.13333333333333333, 0.8666666666666667)",True,False,True,True,283,278,5,"(0.01568627450980392, 0.9803921568627451, 0.0)",True,283,283,0,"(0.0, 1.0, 0.0)",False,,,,,False
264_Si156Sn108_001_001_a0.276923_b0.041026_c2.1_interface1shift1swap1,1,1,1,Si,False,3.0303030303030303,8,-42.60220066,-45.400925,-0.04051,0.04051,26,001,0,0,1,Sn,False,8,-29.90800429,-34.349418,-0.0339,0.0339,18,001,0,0,1,0.276923,0.041026,2.1,0.582945824,0.0,1.162487268,264,1056,-1094.49798247,-1212.006273,-4.531887809375,-3.871165823939393,,4,,26.598484848484848,,,,,,1,,,,,,True,True,False,False,,,,,False,,,,,False,,,,,
380_Si72C308_111_111_a0.030303_b0.234848_c2.163935_interface7shift6,7,6,6,Si,False,2.1052631578947367,8,-42.60220066,-45.400925,0.29825,0.36841,12,111,1,1,1,C,False,8,-69.80589084,-74.136955,0.15625,0.17708,28,111,1,1,1,0.030303,0.234848,2.163935,0.319956511,0.0,0.640952587,380,1520,,,,,,4,,,,,,,,1,,,,,,True,False,False,False,,,,,False,,,,,False,,,,,
380_Si72C308_111_111_a0.0_b0.0_c0.0_interface6shift1,6,1,1,Si,False,2.1052631578947367,8,-42.60220066,-45.400925,-0.03508,0.03508,12,111,1,1,1,C,False,8,-69.80589084,-74.136955,0.19792,0.21875,28,111,1,1,1,0.0,0.0,0.0,0.319956511,0.0,0.640952587,380,1520,,,,,,4,,,,,,,,1,,,,,,False,False,False,False,,,,,False,,,,,False,,,,,
120_Si72Ge48_011_001_a0.368421_b0.222222_c2.163935_interface6shift1swap3,6,1,1,Si,False,6.666666666666667,8,-42.60220066,-45.400925,-0.02864,0.02864,12,011,0,1,1,Ge,False,8,-35.08485951,-38.831661,-0.03888,0.03888,8,001,0,0,1,0.368421,0.222222,2.163935,4.176024914,0.0,2.319717407,120,480,-574.88490824,-622.721507,-4.855441260625,-4.143315400583333,-4.487407674999999,4,,5.875,-634.096075,,-5.264536625,-4.582195741666667,,1,,2.845833333333333,2.0644216691068813,,"(0.43137254901960786, 0.13333333333333333, 0.8666666666666667)",True,True,True,True,152,228,76,"(0.3333333333333333, 0.6666666666666666, 0.0)",True,152,164,12,"(0.07058823529411765, 0.9254901960784314, 0.0)",False,,,,,False
380_Si72C308_111_111_a0.0_b0.0_c0.0_interface5shift1,5,1,1,Si,False,2.1052631578947367,8,-42.60220066,-45.400925,-0.03508,0.03508,12,111,1,1,1,C,False,8,-69.80589084,-74.136955,0.15625,0.17708,28,111,1,1,1,0.0,0.0,0.0,0.319956511,0.0,0.640952587,380,1520,,,,,,4,,,,,,,,1,,,,,,False,False,False,False,,,,,False,,,,,False,,,,,
120_Si36C84_012_012_a0.015152_b0.104938_c1.482413_interface11shift4,11,4,4,Si,False,6.666666666666667,8,-42.60220066,-45.400925,-0.04167,0.04167,6,012,0,1,2,C,False,8,-69.80589084,-74.136955,0.29167,0.375,14,012,0,1,2,0.015152,0.104938,1.482413,0.319951773,6.83e-06,0.640940666,120,480,-796.4245907,-845.853306,-7.025505718750001,-5.700137493333333,-6.052628549999999,4,,8.525,-922.222898,,-7.4711175,-6.689041816666665,,1,,5.975,1.4267782426778244,,"(0.43137254901960786, 0.13333333333333333, 0.8666666666666667)",True,False,True,True,14,38,24,"(0.6313725490196078, 0.36470588235294116, 0.0)",True,14,21,7,"(0.3333333333333333, 0.6666666666666666, 0.0)",False,,,,,False
84_Si36Ge48_001_011_a0.471698_b0.006173_c1.967213_interface7shift3,7,3,3,Si,False,9.523809523809524,8,-42.60220066,-45.400925,-0.04051,0.04051,6,001,0,0,1,Ge,False,8,-35.08485951,-38.831661,-0.0275,0.0275,8,011,0,1,1,0.471698,0.006173,1.967213,4.176025867,0.0,2.319717407,84,336,-386.3317813,-422.934215,-4.855441260625,-3.6743419182142856,-4.03216225,4,,8.75,-431.91881,,-5.264536625,-4.139121714285714,,1,,1.6369047619047619,5.345454545454546,,"(0.4, 0.18823529411764706, 0.807843137254902)",True,False,True,True,287,315,28,"(0.08627450980392157, 0.9098039215686274, 0.0)",True,287,288,1,"(0.0, 0.996078431372549, 0.0)",False,,,,,False
380_Si72C308_111_111_a0.022727_b0.189394_c2.163935_interface5shift7,5,7,7,Si,False,2.1052631578947367,8,-42.60220066,-45.400925,-0.03508,0.03508,12,111,1,1,1,C,False,8,-69.80589084,-74.136955,0.15625,0.17708,28,111,1,1,1,0.022727,0.189394,2.163935,0.319956511,0.0,0.640952587,380,1520,,,,,,4,,,,,,,,1,,,,,,True,False,False,False,,,,,False,,,,,False,,,,,
60_Si36Sn24_012_012_a0.0_b0.0_c0.0_interface9shift1,9,1,1,Si,False,13.333333333333334,8,-42.60220066,-45.400925,-0.04167,0.04167,6,012,0,1,2,Sn,False,8,-29.90800429,-34.349418,-0.04167,0.04167,4,012,0,1,2,0.0,0.0,0.0,2.441372156,0.0,4.823124409,60,240,-15.45663863,-72.368491,-4.531887809375,0.950892772,0.12303086666666659,4,,6.25,-298.345495,,-4.9843964375,-3.643252533333334,,1,,3.1708333333333334,1.9710906701708277,,"(0.36470588235294116, 0.26666666666666666, 0.7333333333333333)",False,False,True,True,305,333,28,"(0.08235294117647059, 0.9137254901960784, 0.0)",True,305,307,2,"(0.00392156862745098, 0.9921568627450981, 0.0)",False,,,,,False
120_Si72Ge48_011_001_a0.368421_b0.222222_c2.163935_interface6shift8swap5,6,8,8,Si,False,6.666666666666667,8,-42.60220066,-45.400925,-0.02864,0.02864,12,011,0,1,1,Ge,False,8,-35.08485951,-38.831661,-0.03888,0.03888,8,001,0,0,1,0.368421,0.222222,2.163935,4.176024914,0.0,2.319717407,120,480,-575.85443327,-623.304282,-4.855441260625,-4.151394775833333,-4.492264133333333,4,,9.716666666666667,-632.721433,,-5.264536625,-4.570740391666667,,1,,1.6458333333333333,5.903797468354431,,"(0.43137254901960786, 0.13333333333333333, 0.8666666666666667)",True,True,True,True,120,236,116,"(0.49019607843137253, 0.5058823529411764, 0.0)",True,120,128,8,"(0.058823529411764705, 0.9372549019607843, 0.0)",False,,,,,False
380_Si72C308_111_111_a0.075758_b0.075758_c2.163935_interface8shift2,8,2,2,Si,False,2.1052631578947367,8,-42.60220066,-45.400925,0.29825,0.36841,12,111,1,1,1,C,False,8,-69.80589084,-74.136955,0.19792,0.21875,28,111,1,1,1,0.075758,0.075758,2.163935,0.319956511,0.0,0.640952587,380,1520,,,,,,4,,,,,,,,1,,,,,,True,False,False,False,,,,,False,,,,,False,,,,,
380_Si72C308_111_111_a0.068182_b0.25_c2.163935_interface6shift2,6,2,2,Si,False,2.1052631578947367,8,-42.60220066,-45.400925,-0.03508,0.03508,12,111,1,1,1,C,False,8,-69.80589084,-74.136955,0.19792,0.21875,28,111,1,1,1,0.068182,0.25,2.163935,0.319956511,0.0,0.640952587,380,1520,,,,,,4,,,,,,,,1,,,,,,True,False,False,False,,,,,False,,,,,False,,,,,
264_Si156Sn108_001_001_a0.276923_b0.041026_c2.1_interface1shift3swap2,1,3,3,Si,False,3.0303030303030303,8,-42.60220066,-45.400925,-0.04051,0.04051,26,001,0,0,1,Sn,False,8,-29.90800429,-34.349418,-0.0339,0.0339,18,001,0,0,1,0.276923,0.041026,2.1,0.582945824,0.0,1.162487268,264,1056,-1095.42801643,-1209.548269,-4.531887809375,-3.8746886798484845,-4.279537598484849,4,,25.723484848484848,-1304.36357,,-4.9843964375,-4.638686465909091,,1,,4.40530303030303,5.8392089423903695,,"(0.4666666666666667, 0.058823529411764705, 0.9372549019607843)",True,True,True,True,237,132,105,"(0.4392156862745098, 0.5568627450980392, 0.0)",True,237,240,3,"(0.011764705882352941, 0.984313725490196, 0.0)",False,,,,,False
120_Si36C84_012_012_a0.0_b0.0_c0.0_interface15shift1,15,1,1,Si,False,6.666666666666667,8,-42.60220066,-45.400925,-0.04167,0.04167,6,012,0,1,2,C,False,8,-69.80589084,-74.136955,0.29167,0.375,14,012,0,1,2,0.0,0.0,0.0,0.319951773,6.83e-06,0.640940666,120,480,1810.36722181,1474.686255,-7.025505718750001,16.023127610916667,,4,,13.775,,,,,,1,,,,,,False,False,False,False,,,,,False,,,,,False,,,,,
120_Si72Sn48_011_011_a0.956989_b0.121212_c2.163935_interface8shift6,8,6,6,Si,False,6.666666666666667,8,-42.60220066,-45.400925,-0.02864,0.02864,12,011,0,1,1,Sn,False,8,-29.90800429,-34.349418,-0.02397,0.02397,8,011,0,1,1,0.956989,0.121212,2.163935,2.441367626,0.0,4.823124409,120,480,-550.19107088,-600.073144,-4.531887809375,-3.9806738827499997,-4.336023341666666,4,,5.1,-607.086064,,-4.9843964375,-4.394464341666666,,1,,3.089583333333333,1.650708024275118,,"(0.43137254901960786, 0.13333333333333333, 0.8666666666666667)",True,False,True,True,194,289,95,"(0.3254901960784314, 0.6705882352941176, 0.0)",True,194,194,0,"(0.0, 1.0, 0.0)",False,,,,,False
120_Si72Ge48_011_001_a0.0_b0.0_c0.0_interface6shift1swap5,6,1,1,Si,False,6.666666666666667,8,-42.60220066,-45.400925,-0.02864,0.02864,12,011,0,1,1,Ge,False,8,-35.08485951,-38.831661,-0.03888,0.03888,8,001,0,0,1,0.0,0.0,0.0,4.176024914,0.0,2.319717407,120,480,3769.69824391,95651.339407,-4.855441260625,32.06154420066667,797.796433275,4,,33.6,-624.803073,,-5.264536625,-4.504754058333333,,1,,8.1,4.148148148148149,,"(0.43137254901960786, 0.13333333333333333, 0.8666666666666667)",False,True,False,True,343,263,80,"(0.23137254901960785, 0.7647058823529411, 0.0)",True,343,341,2,"(0.00392156862745098, 0.9921568627450981, 0.0)",False,,,,,False
380_Si72C308_111_111_a0.0_b0.0_c0.0_interface17shift1,17,1,1,Si,False,2.1052631578947367,8,-42.60220066,-45.400925,-0.03508,0.03508,12,111,1,1,1,C,False,8,-69.80589084,-74.136955,0.15625,0.17708,28,111,1,1,1,0.0,0.0,0.0,0.319956511,6.83e-06,0.640952587,380,1520,,,,,,4,,,,,,,,1,,,,,,False,False,False,False,,,,,False,,,,,False,,,,,
120_Si72Ge48_011_001_a0.368421_b0.222222_c2.163935_interface6shift4,6,4,4,Si,False,6.666666666666667,8,-42.60220066,-45.400925,-0.02864,0.02864,12,011,0,1,1,Ge,False,8,-35.08485951,-38.831661,-0.03888,0.03888,8,001,0,0,1,0.368421,0.222222,2.163935,4.176024914,0.0,2.319717407,120,480,-578.23961617,-624.467812,-4.855441260625,-4.1712713,-4.501960216666666,4,,4.75,-634.408087,,-5.264536625,-4.584795841666666,,1,,1.4916666666666667,3.184357541899441,,"(0.43137254901960786, 0.13333333333333333, 0.8666666666666667)",True,False,True,True,99,207,108,"(0.5215686274509804, 0.4745098039215686, 0.0)",True,99,118,19,"(0.1607843137254902, 0.8352941176470589, 0.0)",False,,,,,False
96_Si48Sn48_112_111_a0.365591_b0.411765_c1.480959_interface4shift6,4,6,6,Si,False,8.333333333333332,8,-42.60220066,-45.400925,-0.04167,0.04167,8,112,1,1,2,Sn,False,8,-29.90800429,-34.349418,-0.02936,0.02936,8,111,1,1,1,0.365591,0.411765,1.480959,3.476550341,0.0,0.950312614,96,384,,,,,,4,,,-474.416024,,-4.9843964375,-4.111100843749999,,1,,3.53125,,,,True,False,False,False,,,,,False,,,,,False,,,,,False
144_Si72Sn72_001_011_a0.0_b0.0_c0.0_interface5shift1,5,1,1,Si,False,5.555555555555555,8,-42.60220066,-45.400925,-0.04051,0.04051,12,001,0,0,1,Sn,False,8,-29.90800429,-34.349418,-0.02397,0.02397,12,011,0,1,1,0.0,0.0,0.0,3.476556301,0.0,0.950324535,144,576,358.32838088,154.546218,-4.531887809375,2.9919346238194446,1.627059451388889,4,,16.9375,-706.460345,,-4.9843964375,-4.352152791666666,,1,,11.43576388888889,1.481099134659177,,"(0.4392156862745098, 0.10980392156862745, 0.8862745098039215)",False,False,False,True,311,313,2,"(0.00392156862745098, 0.9921568627450981, 0.0)",True,311,312,1,"(0.0, 0.996078431372549, 0.0)",False,,,,,False
120_Si36C84_012_012_a0.25_b0.024691_c1.680068_interface13shift3,13,3,3,Si,False,6.666666666666667,8,-42.60220066,-45.400925,-0.04167,0.04167,6,012,0,1,2,C,False,8,-69.80589084,-74.136955,0.29167,0.375,14,012,0,1,2,0.25,0.024691,1.680068,0.319951773,6.83e-06,0.640940666,120,480,-793.95176121,-842.208309,-7.025505718750001,-5.6795305809166665,-6.022253575,4,,8.791666666666666,-919.95763,,-7.4711175,-6.670164583333333,,1,,7.1625,1.227457824316463,,"(0.43137254901960786, 0.13333333333333333, 0.8666666666666667)",True,False,True,True,43,55,12,"(0.21568627450980393, 0.7803921568627451, 0.0)",True,43,48,5,"(0.10196078431372549, 0.8941176470588236, 0.0)",False,,,,,False
120_Si36C84_012_012_a0.0_b0.0_c0.0_interface9shift1,9,1,1,Si,False,6.666666666666667,8,-42.60220066,-45.400925,-0.04167,0.04167,6,012,0,1,2,C,False,8,-69.80589084,-74.136955,-0.04167,0.04167,14,012,0,1,2,0.0,0.0,0.0,0.319951773,6.83e-06,0.640940666,120,480,,,,,,4,,,,,,,,1,,,,,,False,False,False,False,,,,,False,,,,,False,,,,,
120_Si72Sn48_011_011_a0.0_b0.0_c0.0_interface8shift1,8,1,1,Si,False,6.666666666666667,8,-42.60220066,-45.400925,-0.02864,0.02864,12,011,0,1,1,Sn,False,8,-29.90800429,-34.349418,-0.02397,0.02397,8,011,0,1,1,0.0,0.0,0.0,2.441367626,0.0,4.823124409,120,480,430.04446534,2146.443183,-4.531887809375,4.18795558575,18.551612716666664,4,,6.716666666666667,-607.610283,,-4.9843964375,-4.398832833333333,,1,,4.91875,1.3655230834392207,,"(0.43137254901960786, 0.13333333333333333, 0.8666666666666667)",False,False,False,True,320,287,33,"(0.10196078431372549, 0.8941176470588236, 0.0)",True,320,332,12,"(0.03529411764705882, 0.9607843137254902, 0.0)",False,,,,,False
120_Si36C84_012_012_a0.363636_b0.104938_c1.680068_interface9shift8,9,8,8,Si,False,6.666666666666667,8,-42.60220066,-45.400925,-0.04167,0.04167,6,012,0,1,2,C,False,8,-69.80589084,-74.136955,-0.04167,0.04167,14,012,0,1,2,0.363636,0.104938,1.680068,0.319951773,6.83e-06,0.640940666,120,480,-790.51727583,-841.622651,-7.025505718750001,-5.650909869416667,-6.017373091666667,4,,8.208333333333334,-921.053775,,-7.4711175,-6.679299125,,1,,6.76875,1.2126808248691907,,"(0.43137254901960786, 0.13333333333333333, 0.8666666666666667)",True,False,True,True,60,47,13,"(0.21568627450980393, 0.7803921568627451, 0.0)",True,60,52,8,"(0.13333333333333333, 0.8666666666666667, 0.0)",False,,,,,False
96_Si48Sn48_112_111_a0.0_b0.0_c0.0_interface2shift1,2,1,1,Si,False,8.333333333333332,8,-42.60220066,-45.400925,-0.04167,0.04167,8,112,1,1,2,Sn,False,8,-29.90800429,-34.349418,-0.02936,0.02936,8,111,1,1,1,0.0,0.0,0.0,3.476550341,0.0,0.950312614,96,384,,,,,,4,,,-467.161888,,-4.9843964375,-4.035536927083332,,1,,7.364583333333333,,,,False,False,False,False,,,,,False,,,,,False,,,,,False
120_Si36C84_012_012_a0.222222_b0.938272_c1.087103_interface2shift7,2,7,7,Si,False,6.666666666666667,8,-42.60220066,-45.400925,-0.04167,0.04167,6,012,0,1,2,C,False,8,-69.80589084,-74.136955,-0.04167,0.04167,14,012,0,1,2,0.222222,0.938272,1.087103,0.319951773,0.0,0.640940666,120,480,-792.38093062,-843.883501,-7.025505718750001,-5.666440326,-6.036213508333333,4,,9.583333333333334,-916.678103,,-7.4711175,-6.6428351916666655,,1,,4.39375,2.181128496917971,,"(0.43137254901960786, 0.13333333333333333, 0.8666666666666667)",True,False,True,True,50,69,19,"(0.27450980392156865, 0.7215686274509804, 0.0)",True,50,36,14,"(0.2784313725490196, 0.7176470588235294, 0.0)",False,,,,,False
96_Si48Sn48_112_111_a0.849462_b0.150327_c1.480958_interface2shift2,2,2,2,Si,False,8.333333333333332,8,-42.60220066,-45.400925,-0.04167,0.04167,8,112,1,1,2,Sn,False,8,-29.90800429,-34.349418,-0.02936,0.02936,8,111,1,1,1,0.849462,0.150327,1.480958,3.476550341,0.0,0.950312614,96,384,,,,,,4,,,-473.891646,,-4.9843964375,-4.105638572916667,,1,,3.9036458333333335,,,,True,False,False,False,,,,,False,,,,,False,,,,,False
264_Si156Sn108_001_001_a0.276923_b0.041026_c2.1_interface1shift3swap5,1,3,3,Si,False,3.0303030303030303,8,-42.60220066,-45.400925,-0.04051,0.04051,26,001,0,0,1,Sn,False,8,-29.90800429,-34.349418,-0.0339,0.0339,18,001,0,0,1,0.276923,0.041026,2.1,0.582945824,0.0,1.162487268,264,1056,-1094.31061738,-1208.837397,-4.531887809375,-3.8704561076893933,-4.276844901515152,4,,26.181818181818183,-1302.521685,,-4.9843964375,-4.6317096287878785,,1,,3.3759469696969697,7.755399719495092,,"(0.4666666666666667, 0.058823529411764705, 0.9372549019607843)",True,True,True,True,241,158,83,"(0.3411764705882353, 0.6549019607843137, 0.0)",True,241,248,7,"(0.027450980392156862, 0.9686274509803922, 0.0)",False,,,,,False
120_Si36C84_012_012_a0.280303_b0.067901_c1.482413_interface11shift2,11,2,2,Si,False,6.666666666666667,8,-42.60220066,-45.400925,-0.04167,0.04167,6,012,0,1,2,C,False,8,-69.80589084,-74.136955,0.29167,0.375,14,012,0,1,2,0.280303,0.067901,1.482413,0.319951773,6.83e-06,0.640940666,120,480,-795.76563155,-845.129657,-7.025505718750001,-5.6946461670833335,-6.046598141666665,4,,8.225,-932.974407,,-7.4711175,-6.778637725,,1,,8.952083333333333,0.9187805445659764,,"(0.43137254901960786, 0.13333333333333333, 0.8666666666666667)",True,False,True,True,21,9,12,"(0.5686274509803921, 0.42745098039215684, 0.0)",True,21,28,7,"(0.24705882352941178, 0.7490196078431373, 0.0)",False,,,,,False
380_Si72C308_111_111_a0.068182_b0.25_c2.163935_interface8shift8,8,8,8,Si,False,2.1052631578947367,8,-42.60220066,-45.400925,0.29825,0.36841,12,111,1,1,1,C,False,8,-69.80589084,-74.136955,0.19792,0.21875,28,111,1,1,1,0.068182,0.25,2.163935,0.319956511,0.0,0.640952587,380,1520,,,,,,4,,,,,,,,1,,,,,,True,False,False,False,,,,,False,,,,,False,,,,,
264_Si156Sn108_001_001_a0.276923_b0.041026_c2.1_interface1shift7swap5,1,7,7,Si,False,3.0303030303030303,8,-42.60220066,-45.400925,-0.04051,0.04051,26,001,0,0,1,Sn,False,8,-29.90800429,-34.349418,-0.0339,0.0339,18,001,0,0,1,0.276923,0.041026,2.1,0.582945824,0.0,1.162487268,264,1056,-1093.53162326,-1207.825368,-4.531887809375,-3.8675053723863635,-4.273011458333333,4,,25.988636363636363,-1303.810353,,-4.9843964375,-4.636590946969697,,1,,4.617424242424242,5.6283839212469235,,"(0.4666666666666667, 0.058823529411764705, 0.9372549019607843)",True,True,True,True,247,139,108,"(0.43529411764705883, 0.5607843137254902, 0.0)",True,247,250,3,"(0.011764705882352941, 0.984313725490196, 0.0)",False,,,,,False
120_Si36C84_012_012_a0.128788_b0.123457_c1.087103_interface12shift7,12,7,7,Si,False,6.666666666666667,8,-42.60220066,-45.400925,-0.04167,0.04167,6,012,0,1,2,C,False,8,-69.80589084,-74.136955,0.29167,0.375,14,012,0,1,2,0.128788,0.123457,1.087103,0.319951773,6.83e-06,0.640940666,120,480,-800.06724796,-852.241629,-7.025505718750001,-5.7304929705,-6.105864575,4,,8.683333333333334,-923.277546,,-7.4711175,-6.69783055,,1,,7.6875,1.129539295392954,,"(0.43137254901960786, 0.13333333333333333, 0.8666666666666667)",True,False,True,True,3,34,31,"(0.9098039215686274, 0.08627450980392157, 0.0)",True,3,2,1,"(0.3333333333333333, 0.6666666666666666, 0.0)",False,,,,,False
264_Si156Sn108_001_001_a0.276923_b0.041026_c2.1_interface1shift8swap3,1,8,8,Si,False,3.0303030303030303,8,-42.60220066,-45.400925,-0.04051,0.04051,26,001,0,0,1,Sn,False,8,-29.90800429,-34.349418,-0.0339,0.0339,18,001,0,0,1,0.276923,0.041026,2.1,0.582945824,0.0,1.162487268,264,1056,-1097.88377882,-1213.672421,-4.531887809375,-3.8839908101136364,-4.295159386363636,4,,27.083333333333332,-1301.922752,,-4.9843964375,-4.629440943181819,,1,,4.8835227272727275,5.545859996121775,,"(0.4666666666666667, 0.058823529411764705, 0.9372549019607843)",True,True,True,True,226,168,58,"(0.2549019607843137, 0.7411764705882353, 0.0)",True,226,220,6,"(0.023529411764705882, 0.9725490196078431, 0.0)",False,,,,,False
380_Si72C308_111_111_a0.106061_b0.121212_c2.163935_interface8shift1,8,1,1,Si,False,2.1052631578947367,8,-42.60220066,-45.400925,0.29825,0.36841,12,111,1,1,1,C,False,8,-69.80589084,-74.136955,0.19792,0.21875,28,111,1,1,1,0.106061,0.121212,2.163935,0.319956511,0.0,0.640952587,380,1520,,,,,,4,,,,,,,,1,,,,,,True,False,False,False,,,,,False,,,,,False,,,,,
120_Si72Ge48_011_001_a0.368421_b0.222222_c2.163935_interface6shift3swap4,6,3,3,Si,False,6.666666666666667,8,-42.60220066,-45.400925,-0.02864,0.02864,12,011,0,1,1,Ge,False,8,-35.08485951,-38.831661,-0.03888,0.03888,8,001,0,0,1,0.368421,0.222222,2.163935,4.176024914,0.0,2.319717407,120,480,-575.14801168,-622.952589,-4.855441260625,-4.14550792925,-4.489333358333332,4,,5.4,-631.85641,,-5.264536625,-4.563531866666667,,1,,2.002083333333333,2.697190426638918,,"(0.43137254901960786, 0.13333333333333333, 0.8666666666666667)",True,True,True,True,140,256,116,"(0.45098039215686275, 0.5450980392156862, 0.0)",True,140,147,7,"(0.047058823529411764, 0.9490196078431372, 0.0)",False,,,,,False
380_Si72C308_111_111_a0.189394_b0.136364_c2.163935_interface4shift2,4,2,2,Si,False,2.1052631578947367,8,-42.60220066,-45.400925,0.29825,0.36841,12,111,1,1,1,C,False,8,-69.80589084,-74.136955,0.19792,0.21875,28,111,1,1,1,0.189394,0.136364,2.163935,0.319956511,0.0,0.640952587,380,1520,,,,,,4,,,,,,,,1,,,,,,True,False,False,False,,,,,False,,,,,False,,,,,
120_Si36C84_012_012_a0.746914_b0.117284_c1.482413_interface10shift8,10,8,8,Si,False,6.666666666666667,8,-42.60220066,-45.400925,-0.04167,0.04167,6,012,0,1,2,C,False,8,-69.80589084,-74.136955,-0.04167,0.04167,14,012,0,1,2,0.746914,0.117284,1.482413,0.319951773,6.83e-06,0.640940666,120,480,-796.05481228,-846.453166,-7.025505718750001,-5.6970560065,-6.057627383333332,4,,12.383333333333333,-928.137185,,-7.4711175,-6.738327541666666,,1,,6.870833333333334,1.8023044269254092,,"(0.43137254901960786, 0.13333333333333333, 0.8666666666666667)",True,False,True,True,19,20,1,"(0.047058823529411764, 0.9490196078431372, 0.0)",True,19,15,4,"(0.20784313725490197, 0.788235294117647, 0.0)",False,,,,,False
120_Si36C84_012_012_a0.740741_b0.104938_c1.482413_interface10shift7,10,7,7,Si,False,6.666666666666667,8,-42.60220066,-45.400925,-0.04167,0.04167,6,012,0,1,2,C,False,8,-69.80589084,-74.136955,-0.04167,0.04167,14,012,0,1,2,0.740741,0.104938,1.482413,0.319951773,6.83e-06,0.640940666,120,480,-795.50407384,-846.079855,-7.025505718750001,-5.692466519500001,-6.054516458333333,4,,11.941666666666666,-918.376216,,-7.4711175,-6.6569861333333336,,1,,6.60625,1.8076316619362975,,"(0.43137254901960786, 0.13333333333333333, 0.8666666666666667)",True,False,True,True,24,64,40,"(0.6235294117647059, 0.37254901960784315, 0.0)",True,24,18,6,"(0.24705882352941178, 0.7490196078431373, 0.0)",False,,,,,False
380_Si72C308_111_111_a0.0_b0.287879_c2.163935_interface5shift2,5,2,2,Si,False,2.1052631578947367,8,-42.60220066,-45.400925,-0.03508,0.03508,12,111,1,1,1,C,False,8,-69.80589084,-74.136955,0.15625,0.17708,28,111,1,1,1,0.0,0.287879,2.163935,0.319956511,0.0,0.640952587,380,1520,,,,,,4,,,,,,,,1,,,,,,True,False,False,False,,,,,False,,,,,False,,,,,
380_Si72C308_111_111_a0.090909_b0.068182_c2.163935_interface5shift6,5,6,6,Si,False,2.1052631578947367,8,-42.60220066,-45.400925,-0.03508,0.03508,12,111,1,1,1,C,False,8,-69.80589084,-74.136955,0.15625,0.17708,28,111,1,1,1,0.090909,0.068182,2.163935,0.319956511,0.0,0.640952587,380,1520,,,,,,4,,,,,,,,1,,,,,,True,False,False,False,,,,,False,,,,,False,,,,,
96_Si48Sn48_112_111_a0.344086_b0.150327_c1.480958_interface2shift1,2,1,1,Si,False,8.333333333333332,8,-42.60220066,-45.400925,-0.04167,0.04167,8,112,1,1,2,Sn,False,8,-29.90800429,-34.349418,-0.02936,0.02936,8,111,1,1,1,0.344086,0.150327,1.480958,3.476550341,0.0,0.950312614,96,384,,,,,,4,,,-473.879173,,-4.9843964375,-4.105508645833333,,1,,4.2734375,,,,True,False,False,False,,,,,False,,,,,False,,,,,False
72_Si24Ge48_114_001_a0.078947_b0.376543_c1.595639_interface5shift1,5,1,1,Si,False,11.11111111111111,8,-42.60220066,-45.400925,-0.04167,0.04167,4,114,1,1,4,Ge,False,8,-35.08485951,-38.831661,-0.03888,0.03888,8,001,0,0,1,0.078947,0.376543,1.595639,4.176024914,0.0,2.319717407,72,288,-309.46552056,-343.40759,-4.855441260625,-3.219145283194445,-3.5996528333333333,4,,5.388888888888889,-362.828526,,-5.264536625,-3.8693880555555555,,1,,4.017361111111111,1.3414001728608473,,"(0.3843137254901961, 0.2196078431372549, 0.7764705882352941)",True,False,True,True,295,323,28,"(0.08627450980392157, 0.9098039215686274, 0.0)",True,295,295,0,"(0.0, 1.0, 0.0)",False,,,,,False
120_Si36C84_012_012_a0.280303_b0.074074_c1.482413_interface11shift7,11,7,7,Si,False,6.666666666666667,8,-42.60220066,-45.400925,-0.04167,0.04167,6,012,0,1,2,C,False,8,-69.80589084,-74.136955,0.29167,0.375,14,012,0,1,2,0.280303,0.074074,1.482413,0.319951773,6.83e-06,0.640940666,120,480,-795.41633299,-844.771874,-7.025505718750001,-5.691735345750001,-6.043616616666666,4,,8.35,-929.994396,,-7.4711175,-6.7538043,,1,,5.4625,1.5286041189931348,,"(0.43137254901960786, 0.13333333333333333, 0.8666666666666667)",True,False,True,True,25,16,9,"(0.3568627450980392, 0.6392156862745098, 0.0)",True,25,30,5,"(0.16470588235294117, 0.8313725490196079, 0.0)",False,,,,,False
96_Si48Sn48_112_111_a0.354839_b0.156863_c1.480959_interface3shift4,3,4,4,Si,False,8.333333333333332,8,-42.60220066,-45.400925,-0.04167,0.04167,8,112,1,1,2,Sn,False,8,-29.90800429,-34.349418,-0.02936,0.02936,8,111,1,1,1,0.354839,0.156863,1.480959,3.476550341,0.0,0.950312614,96,384,,,,,,4,,,-474.396888,,-4.9843964375,-4.110901510416666,,1,,3.1328125,,,,True,False,False,False,,,,,False,,,,,False,,,,,False
264_Si156Sn108_001_001_a0.0_b0.0_c0.0_interface1shift1swap4,1,1,1,Si,False,3.0303030303030303,8,-42.60220066,-45.400925,-0.04051,0.04051,26,001,0,0,1,Sn,False,8,-29.90800429,-34.349418,-0.0339,0.0339,18,001,0,0,1,0.0,0.0,0.0,0.582945824,0.0,1.162487268,264,1056,1176.57503959,10696.429971,-4.531887809375,4.731383502045455,,4,,77.23863636363636,,,,,,1,,,,,,False,True,False,False,,,,,False,,,,,False,,,,,
264_Si156Sn108_001_001_a0.276923_b0.041026_c2.1_interface1shift3swap4,1,3,3,Si,False,3.0303030303030303,8,-42.60220066,-45.400925,-0.04051,0.04051,26,001,0,0,1,Sn,False,8,-29.90800429,-34.349418,-0.0339,0.0339,18,001,0,0,1,0.276923,0.041026,2.1,0.582945824,0.0,1.162487268,264,1056,-1095.7982569,-1210.178895,-4.531887809375,-3.876091105871212,-4.281926333333334,4,,26.526515151515152,-1303.451941,,-4.9843964375,-4.635233325757576,,1,,5.325757575757576,4.980796586059744,,"(0.4666666666666667, 0.058823529411764705, 0.9372549019607843)",True,True,True,True,234,146,88,"(0.37254901960784315, 0.6235294117647059, 0.0)",True,234,235,1,"(0.00392156862745098, 0.9921568627450981, 0.0)",False,,,,,False
72_Si24Ge48_114_001_a0.078947_b0.123457_c1.595639_interface5shift3,5,3,3,Si,False,11.11111111111111,8,-42.60220066,-45.400925,-0.04167,0.04167,4,114,1,1,4,Ge,False,8,-35.08485951,-38.831661,-0.03888,0.03888,8,001,0,0,1,0.078947,0.123457,1.595639,4.176024914,0.0,2.319717407,72,288,-310.07140321,-343.9408,-4.855441260625,-3.2275603200000003,-3.6070585277777787,4,,5.388888888888889,-362.828354,,-5.264536625,-3.869385666666666,,1,,3.326388888888889,1.6200417536534448,,"(0.3843137254901961, 0.2196078431372549, 0.7764705882352941)",True,False,True,True,293,324,31,"(0.09411764705882353, 0.9019607843137255, 0.0)",True,293,293,0,"(0.0, 1.0, 0.0)",False,,,,,False
120_Si36C84_012_012_a0.0_b0.0_c0.0_interface11shift1,11,1,1,Si,False,6.666666666666667,8,-42.60220066,-45.400925,-0.04167,0.04167,6,012,0,1,2,C,False,8,-69.80589084,-74.136955,0.29167,0.375,14,012,0,1,2,0.0,0.0,0.0,0.319951773,6.83e-06,0.640940666,120,480,,,,,,4,,,-908.508309,,-7.4711175,-6.574753575,,1,,7.677083333333333,,,,False,False,False,False,,,,,False,,,,,False,,,,,False
120_Si72Ge48_011_001_a0.368421_b0.222222_c2.163935_interface6shift3swap3,6,3,3,Si,False,6.666666666666667,8,-42.60220066,-45.400925,-0.02864,0.02864,12,011,0,1,1,Ge,False,8,-35.08485951,-38.831661,-0.03888,0.03888,8,001,0,0,1,0.368421,0.222222,2.163935,4.176024914,0.0,2.319717407,120,480,-574.89153983,-622.798447,-4.855441260625,-4.143370663833334,-4.488048841666667,4,,6.025,-632.325582,,-5.264536625,-4.567441633333334,,1,,1.8354166666666667,3.2826333711691262,,"(0.43137254901960786, 0.13333333333333333, 0.8666666666666667)",True,True,True,True,151,244,93,"(0.3803921568627451, 0.615686274509804, 0.0)",True,151,160,9,"(0.054901960784313725, 0.9411764705882353, 0.0)",False,,,,,False
120_Si36C84_012_012_a0.111111_b0.203704_c0.988275_interface2shift2,2,2,2,Si,False,6.666666666666667,8,-42.60220066,-45.400925,-0.04167,0.04167,6,012,0,1,2,C,False,8,-69.80589084,-74.136955,-0.04167,0.04167,14,012,0,1,2,0.111111,0.203704,0.988275,0.319951773,0.0,0.640940666,120,480,-793.00982333,-844.458217,-7.025505718750001,-5.671681098583334,-6.041002808333333,4,,10.483333333333333,-912.696516,,-7.4711175,-6.609655299999999,,1,,9.377083333333333,1.1179737836036436,,"(0.43137254901960786, 0.13333333333333333, 0.8666666666666667)",True,False,True,True,45,74,29,"(0.38823529411764707, 0.6078431372549019, 0.0)",True,45,33,12,"(0.26666666666666666, 0.7333333333333333, 0.0)",False,,,,,False
380_Si72C308_111_111_a0.098485_b0.159091_c2.163935_interface6shift4,6,4,4,Si,False,2.1052631578947367,8,-42.60220066,-45.400925,-0.03508,0.03508,12,111,1,1,1,C,False,8,-69.80589084,-74.136955,0.19792,0.21875,28,111,1,1,1,0.098485,0.159091,2.163935,0.319956511,0.0,0.640952587,380,1520,,,,,,4,,,,,,,,1,,,,,,True,False,False,False,,,,,False,,,,,False,,,,,
144_Si72Sn72_001_011_a0.296296_b0.179012_c2.262295_interface6shift7,6,7,7,Si,False,5.555555555555555,8,-42.60220066,-45.400925,-0.04051,0.04051,12,001,0,0,1,Sn,False,8,-29.90800429,-34.349418,-0.02397,0.02397,12,011,0,1,1,0.296296,0.179012,2.262295,3.476556301,0.0,0.950324535,144,576,-627.39729265,-690.571485,-4.531887809375,-3.8533825534722226,-4.241813486111111,4,,6.277777777777778,-707.982562,,-4.9843964375,-4.362723743055556,,1,,1.5173611111111112,4.137299771167048,,"(0.4392156862745098, 0.10980392156862745, 0.8862745098039215)",True,False,True,True,253,301,48,"(0.1568627450980392, 0.8392156862745098, 0.0)",True,253,270,17,"(0.06274509803921569, 0.9333333333333333, 0.0)",False,,,,,False
120_Si72Ge48_011_001_a0.368421_b0.222222_c2.163935_interface6shift2swap3,6,2,2,Si,False,6.666666666666667,8,-42.60220066,-45.400925,-0.02864,0.02864,12,011,0,1,1,Ge,False,8,-35.08485951,-38.831661,-0.03888,0.03888,8,001,0,0,1,0.368421,0.222222,2.163935,4.176024914,0.0,2.319717407,120,480,-574.9200398,-622.743574,-4.855441260625,-4.143608163583334,-4.487591566666667,4,,6.975,-631.979712,,-5.264536625,-4.564559383333333,,1,,1.53125,4.555102040816326,,"(0.43137254901960786, 0.13333333333333333, 0.8666666666666667)",True,True,True,True,150,254,104,"(0.40784313725490196, 0.5882352941176471, 0.0)",True,150,162,12,"(0.07058823529411765, 0.9254901960784314, 0.0)",False,,,,,False
144_Si72Sn72_001_011_a0.212963_b0.518519_c2.262295_interface6shift1,6,1,1,Si,False,5.555555555555555,8,-42.60220066,-45.400925,-0.04051,0.04051,12,001,0,0,1,Sn,False,8,-29.90800429,-34.349418,-0.02397,0.02397,12,011,0,1,1,0.212963,0.518519,2.262295,3.476556301,0.0,0.950324535,144,576,-627.34872729,-690.522562,-4.531887809375,-3.853045294027778,-4.241473743055555,4,,6.659722222222222,-707.984159,,-4.9843964375,-4.362734833333333,,1,,1.6770833333333333,3.9710144927536235,,"(0.4392156862745098, 0.10980392156862745, 0.8862745098039215)",True,False,True,True,258,298,40,"(0.13333333333333333, 0.8627450980392157, 0.0)",True,258,272,14,"(0.050980392156862744, 0.9450980392156862, 0.0)",False,,,,,False
72_Si24Ge48_114_001_a0.578947_b0.376543_c1.595639_interface5shift2,5,2,2,Si,False,11.11111111111111,8,-42.60220066,-45.400925,-0.04167,0.04167,4,114,1,1,4,Ge,False,8,-35.08485951,-38.831661,-0.03888,0.03888,8,001,0,0,1,0.578947,0.376543,1.595639,4.176024914,0.0,2.319717407,72,288,-309.46552005,-343.407589,-4.855441260625,-3.2191452761111115,-3.5996528194444446,4,,5.388888888888889,-362.827198,,-5.264536625,-3.8693696111111118,,1,,3.625,1.4865900383141764,,"(0.3843137254901961, 0.2196078431372549, 0.7764705882352941)",True,False,True,True,296,329,33,"(0.09803921568627451, 0.8980392156862745, 0.0)",True,296,296,0,"(0.0, 1.0, 0.0)",False,,,,,False
380_Si72C308_111_111_a0.098485_b0.121212_c2.163935_interface8shift6,8,6,6,Si,False,2.1052631578947367,8,-42.60220066,-45.400925,0.29825,0.36841,12,111,1,1,1,C,False,8,-69.80589084,-74.136955,0.19792,0.21875,28,111,1,1,1,0.098485,0.121212,2.163935,0.319956511,0.0,0.640952587,380,1520,,,,,,4,,,,,,,,1,,,,,,True,False,False,False,,,,,False,,,,,False,,,,,
120_Si36C84_012_012_a0.242424_b0.018519_c1.680068_interface13shift7,13,7,7,Si,False,6.666666666666667,8,-42.60220066,-45.400925,-0.04167,0.04167,6,012,0,1,2,C,False,8,-69.80589084,-74.136955,0.29167,0.375,14,012,0,1,2,0.242424,0.018519,1.680068,0.319951773,6.83e-06,0.640940666,120,480,-792.50373926,-841.402858,-7.025505718750001,-5.667463731333333,-6.015541483333334,4,,8.8,-919.956422,,-7.4711175,-6.670154516666666,,1,,5.94375,1.480546792849632,,"(0.43137254901960786, 0.13333333333333333, 0.8666666666666667)",True,False,True,True,48,56,8,"(0.1411764705882353, 0.8549019607843137, 0.0)",True,48,57,9,"(0.1568627450980392, 0.8392156862745098, 0.0)",False,,,,,False
120_Si72Ge48_011_001_a0.368421_b0.222222_c2.163935_interface6shift2swap5,6,2,2,Si,False,6.666666666666667,8,-42.60220066,-45.400925,-0.02864,0.02864,12,011,0,1,1,Ge,False,8,-35.08485951,-38.831661,-0.03888,0.03888,8,001,0,0,1,0.368421,0.222222,2.163935,4.176024914,0.0,2.319717407,120,480,-575.11203833,-622.680996,-4.855441260625,-4.145208151333334,-4.487070083333333,4,,5.575,-634.12752,,-5.264536625,-4.582457783333333,,1,,1.7270833333333333,3.227985524728589,,"(0.43137254901960786, 0.13333333333333333, 0.8666666666666667)",True,True,True,True,146,224,78,"(0.34509803921568627, 0.6509803921568628, 0.0)",True,146,167,21,"(0.12549019607843137, 0.8705882352941177, 0.0)",False,,,,,False
120_Si72Ge48_011_001_a0.368421_b0.222222_c2.163935_interface6shift6swap4,6,6,6,Si,False,6.666666666666667,8,-42.60220066,-45.400925,-0.02864,0.02864,12,011,0,1,1,Ge,False,8,-35.08485951,-38.831661,-0.03888,0.03888,8,001,0,0,1,0.368421,0.222222,2.163935,4.176024914,0.0,2.319717407,120,480,-575.0872976,-622.868604,-4.855441260625,-4.145001978583334,-4.488633483333333,4,,5.475,-634.13439,,-5.264536625,-4.582515033333334,,1,,1.7083333333333333,3.2048780487804875,,"(0.43137254901960786, 0.13333333333333333, 0.8666666666666667)",True,True,True,True,148,220,72,"(0.3254901960784314, 0.6705882352941176, 0.0)",True,148,152,4,"(0.023529411764705882, 0.9725490196078431, 0.0)",False,,,,,False
120_Si72Ge48_013_114_a0.055556_b0.076023_c1.486532_interface3shift8,3,8,8,Si,False,6.666666666666667,8,-42.60220066,-45.400925,0.125,0.20833,12,013,0,1,3,Ge,False,8,-35.08485951,-38.831661,-0.04167,0.04167,8,114,1,1,4,0.055556,0.076023,1.486532,1.781901121,0.0,2.930992842,120,480,-519.83048712,-578.61899,-4.855441260625,-3.684528557916667,-4.1198867,4,,7.291666666666667,-616.264522,,-5.264536625,-4.433599466666667,,1,,4.391666666666667,1.6603415559772297,,"(0.43137254901960786, 0.13333333333333333, 0.8666666666666667)",True,False,True,True,281,280,1,"(0.0, 0.996078431372549, 0.0)",True,281,281,0,"(0.0, 1.0, 0.0)",False,,,,,False
72_Si24Ge48_114_001_a0.578947_b0.123457_c1.595639_interface5shift5,5,5,5,Si,False,11.11111111111111,8,-42.60220066,-45.400925,-0.04167,0.04167,4,114,1,1,4,Ge,False,8,-35.08485951,-38.831661,-0.03888,0.03888,8,001,0,0,1,0.578947,0.123457,1.595639,4.176024914,0.0,2.319717407,72,288,-310.07140285,-343.9408,-4.855441260625,-3.2275603150000003,-3.6070585277777787,4,,5.388888888888889,-362.828308,,-5.264536625,-3.8693850277777773,,1,,3.7256944444444446,1.44641192917055,,"(0.3843137254901961, 0.2196078431372549, 0.7764705882352941)",True,False,True,True,294,325,31,"(0.09411764705882353, 0.9019607843137255, 0.0)",True,294,294,0,"(0.0, 1.0, 0.0)",False,,,,,False
264_Si156Sn108_001_001_a0.276923_b0.041026_c2.1_interface1shift2swap4,1,2,2,Si,False,3.0303030303030303,8,-42.60220066,-45.400925,-0.04051,0.04051,26,001,0,0,1,Sn,False,8,-29.90800429,-34.349418,-0.0339,0.0339,18,001,0,0,1,0.276923,0.041026,2.1,0.582945824,0.0,1.162487268,264,1056,-1102.29751508,-1218.184982,-4.531887809375,-3.9007095080681817,-4.312252420454546,4,,25.325757575757574,-1303.595286,,-4.9843964375,-4.6357762992424245,,1,,3.665719696969697,6.908809093257556,,"(0.4666666666666667, 0.058823529411764705, 0.9372549019607843)",True,True,True,True,207,143,64,"(0.3058823529411765, 0.6901960784313725, 0.0)",True,207,210,3,"(0.011764705882352941, 0.984313725490196, 0.0)",False,,,,,False
120_Si72Ge48_013_114_a0.0_b0.0_c0.0_interface3shift1,3,1,1,Si,False,6.666666666666667,8,-42.60220066,-45.400925,0.125,0.20833,12,013,0,1,3,Ge,False,8,-35.08485951,-38.831661,-0.04167,0.04167,8,114,1,1,4,0.0,0.0,0.0,1.781901121,0.0,2.930992842,120,480,59.13586732,-119.930076,-4.855441260625,1.1401910624166667,-0.29747908333333334,4,,9.341666666666667,-624.794059,,-5.264536625,-4.504678941666667,,1,,11.189583333333333,0.8348538447216534,,"(0.43137254901960786, 0.13333333333333333, 0.8666666666666667)",False,False,False,True,306,264,42,"(0.13725490196078433, 0.8627450980392157, 0.0)",True,306,303,3,"(0.00784313725490196, 0.9882352941176471, 0.0)",False,,,,,False
120_Si36C84_012_012_a0.0_b0.0_c0.0_interface1shift1,1,1,1,Si,False,6.666666666666667,8,-42.60220066,-45.400925,-0.04167,0.04167,6,012,0,1,2,C,False,8,-69.80589084,-74.136955,0.29167,0.375,14,012,0,1,2,0.0,0.0,0.0,0.319951773,0.0,0.640940666,120,480,,,,,,4,,,,,,,,1,,,,,,False,False,False,False,,,,,False,,,,,False,,,,,
120_Si72Ge48_011_001_a0.368421_b0.222222_c2.163935_interface6shift6swap6,6,6,6,Si,False,6.666666666666667,8,-42.60220066,-45.400925,-0.02864,0.02864,12,011,0,1,1,Ge,False,8,-35.08485951,-38.831661,-0.03888,0.03888,8,001,0,0,1,0.368421,0.222222,2.163935,4.176024914,0.0,2.319717407,120,480,-574.74060305,-622.617215,-4.855441260625,-4.142112857333333,-4.486538574999999,4,,5.775,-631.986872,,-5.264536625,-4.564619049999999,,1,,1.6291666666666667,3.5447570332480822,,"(0.43137254901960786, 0.13333333333333333, 0.8666666666666667)",True,True,True,True,165,253,88,"(0.34509803921568627, 0.6509803921568628, 0.0)",True,165,172,7,"(0.0392156862745098, 0.9568627450980393, 0.0)",False,,,,,False
144_Si72Sn72_001_011_a0.296296_b0.814815_c2.3_interface5shift6,5,6,6,Si,False,5.555555555555555,8,-42.60220066,-45.400925,-0.04051,0.04051,12,001,0,0,1,Sn,False,8,-29.90800429,-34.349418,-0.02397,0.02397,12,011,0,1,1,0.296296,0.814815,2.3,3.476556301,0.0,0.950324535,144,576,-626.76955835,-691.008893,-4.531887809375,-3.8490232875,-4.244851041666666,4,,6.826388888888889,-706.652213,,-4.9843964375,-4.353485208333333,,1,,3.8177083333333335,1.7880854934060937,,"(0.4392156862745098, 0.10980392156862745, 0.8862745098039215)",True,False,True,True,267,311,44,"(0.1411764705882353, 0.8549019607843137, 0.0)",True,267,263,4,"(0.011764705882352941, 0.984313725490196, 0.0)",False,,,,,False
120_Si72Ge48_011_001_a0.0_b0.0_c0.0_interface6shift1swap4,6,1,1,Si,False,6.666666666666667,8,-42.60220066,-45.400925,-0.02864,0.02864,12,011,0,1,1,Ge,False,8,-35.08485951,-38.831661,-0.03888,0.03888,8,001,0,0,1,0.0,0.0,0.0,4.176024914,0.0,2.319717407,120,480,3833.28369551,188454.314731,-4.855441260625,32.591422964,1571.1545609749999,4,,23.975,-624.876504,,-5.264536625,-4.505365983333333,,1,,5.7,4.2061403508771935,,"(0.43137254901960786, 0.13333333333333333, 0.8666666666666667)",False,True,False,True,347,262,85,"(0.24313725490196078, 0.7529411764705882, 0.0)",True,347,347,0,"(0.0, 1.0, 0.0)",False,,,,,False
72_Si24Ge48_114_001_a0.328947_b0.376543_c1.595639_interface5shift4,5,4,4,Si,False,11.11111111111111,8,-42.60220066,-45.400925,-0.04167,0.04167,4,114,1,1,4,Ge,False,8,-35.08485951,-38.831661,-0.03888,0.03888,8,001,0,0,1,0.328947,0.376543,1.595639,4.176024914,0.0,2.319717407,72,288,-309.43862086,-343.374673,-4.855441260625,-3.2187716762500003,-3.599195652777778,4,,5.388888888888889,-362.828279,,-5.264536625,-3.8693846250000004,,1,,3.548611111111111,1.518590998043053,,"(0.3843137254901961, 0.2196078431372549, 0.7764705882352941)",True,False,True,True,298,327,29,"(0.08627450980392157, 0.9098039215686274, 0.0)",True,298,298,0,"(0.0, 1.0, 0.0)",False,,,,,False
288_Si288_011_011_a0.0_b0.0_c0.0_interface15shift1swap1,15,1,1,Si,False,2.7777777777777777,8,-42.60220066,-45.400925,-0.02864,0.02864,24,011,0,1,1,Si,False,8,-42.60220066,-45.400925,-0.02864,0.02864,24,011,0,1,1,0.0,0.0,0.0,0.0,0.0,0.0,288,1152,,,,,,4,,,,,,,,1,,,,,,False,True,False,False,,,,,False,,,,,False,,,,,
120_Si72Ge48_011_001_a0.368421_b0.222222_c2.163935_interface6shift1swap7,6,1,1,Si,False,6.666666666666667,8,-42.60220066,-45.400925,-0.02864,0.02864,12,011,0,1,1,Ge,False,8,-35.08485951,-38.831661,-0.03888,0.03888,8,001,0,0,1,0.368421,0.222222,2.163935,4.176024914,0.0,2.319717407,120,480,-574.24588349,-622.058262,-4.855441260625,-4.137990194333333,-4.481880633333333,4,,5.766666666666667,-634.191079,,-5.264536625,-4.582987441666665,,1,,2.158333333333333,2.671814671814672,,"(0.43137254901960786, 0.13333333333333333, 0.8666666666666667)",True,True,True,True,175,212,37,"(0.17254901960784313, 0.8235294117647058, 0.0)",True,175,187,12,"(0.06274509803921569, 0.9333333333333333, 0.0)",False,,,,,False
380_Si72C308_111_111_a0.121212_b0.015152_c2.163935_interface4shift1,4,1,1,Si,False,2.1052631578947367,8,-42.60220066,-45.400925,0.29825,0.36841,12,111,1,1,1,C,False,8,-69.80589084,-74.136955,0.19792,0.21875,28,111,1,1,1,0.121212,0.015152,2.163935,0.319956511,0.0,0.640952587,380,1520,,,,,,4,,,,,,,,1,,,,,,True,False,False,False,,,,,False,,,,,False,,,,,
120_Si72Ge48_013_114_a0.296296_b0.076023_c1.486532_interface2shift5,2,5,5,Si,False,6.666666666666667,8,-42.60220066,-45.400925,0.125,0.20833,12,013,0,1,3,Ge,False,8,-35.08485951,-38.831661,-0.04167,0.04167,8,114,1,1,4,0.296296,0.076023,1.486532,1.781901121,0.0,2.930992842,120,480,-519.83135417,-578.619953,-4.855441260625,-3.6845357833333336,-4.119894725,4,,7.575,-617.513762,,-5.264536625,-4.4440098,,1,,3.6708333333333334,2.0635641316685587,,"(0.43137254901960786, 0.13333333333333333, 0.8666666666666667)",True,False,True,True,278,275,3,"(0.00784313725490196, 0.9882352941176471, 0.0)",True,278,278,0,"(0.0, 1.0, 0.0)",False,,,,,False
264_Si156Sn108_001_001_a0.0_b0.0_c0.0_interface1shift1swap2,1,1,1,Si,False,3.0303030303030303,8,-42.60220066,-45.400925,-0.04051,0.04051,26,001,0,0,1,Sn,False,8,-29.90800429,-34.349418,-0.0339,0.0339,18,001,0,0,1,0.0,0.0,0.0,0.582945824,0.0,1.162487268,264,1056,822.97195021,,-4.531887809375,3.3919778604545456,,4,,80.62878787878788,,,,,,1,,,,,,False,True,False,False,,,,,False,,,,,False,,,,,
264_Si156Sn108_001_001_a0.276923_b0.041026_c2.1_interface1shift7swap3,1,7,7,Si,False,3.0303030303030303,8,-42.60220066,-45.400925,-0.04051,0.04051,26,001,0,0,1,Sn,False,8,-29.90800429,-34.349418,-0.0339,0.0339,18,001,0,0,1,0.276923,0.041026,2.1,0.582945824,0.0,1.162487268,264,1056,-1104.46533226,-1221.593679,-4.531887809375,-3.9089209367803024,-4.325164151515152,4,,26.727272727272727,-1303.782546,,-4.9843964375,-4.636485617424242,,1,,5.692234848484849,4.6953917817334885,,"(0.4666666666666667, 0.058823529411764705, 0.9372549019607843)",True,True,True,True,204,140,64,"(0.3137254901960784, 0.6862745098039216, 0.0)",True,204,202,2,"(0.00784313725490196, 0.9882352941176471, 0.0)",False,,,,,False
120_Si72Ge48_011_001_a0.368421_b0.222222_c2.163935_interface6shift6swap8,6,6,6,Si,False,6.666666666666667,8,-42.60220066,-45.400925,-0.02864,0.02864,12,011,0,1,1,Ge,False,8,-35.08485951,-38.831661,-0.03888,0.03888,8,001,0,0,1,0.368421,0.222222,2.163935,4.176024914,0.0,2.319717407,120,480,-575.14791247,-623.176569,-4.855441260625,-4.145507102500001,-4.491199858333332,4,,5.633333333333334,-632.420931,,-5.264536625,-4.568236208333333,,1,,1.5104166666666667,3.729655172413793,,"(0.43137254901960786, 0.13333333333333333, 0.8666666666666667)",True,True,True,True,141,242,101,"(0.41568627450980394, 0.5803921568627451, 0.0)",True,141,137,4,"(0.027450980392156862, 0.9686274509803922, 0.0)",False,,,,,False
48_Si48_001_122_a0.0_b0.0_c0.0_interface11shift1,11,1,1,Si,False,16.666666666666664,8,-42.60220066,-45.400925,-0.04051,0.04051,6,001,0,0,1,Si,False,8,-42.60220066,-45.400925,-0.04167,0.04167,2,122,1,2,2,0.0,0.0,0.0,0.0,0.0,0.0,48,192,-45.18609114,-103.589947,-5.3252750825,0.8337147954166667,-0.26641868749999986,4,,7.020833333333333,-263.207055,,-5.675115625,-3.591775104166667,,1,,2.5260416666666665,2.779381443298969,,"(0.32941176470588235, 0.32941176470588235, 0.6666666666666666)",False,False,True,True,304,344,40,"(0.11372549019607843, 0.8823529411764706, 0.0)",True,304,306,2,"(0.00392156862745098, 0.9921568627450981, 0.0)",False,,,,,False
120_Si36C84_012_012_a0.022727_b0.123457_c1.482413_interface14shift5,14,5,5,Si,False,6.666666666666667,8,-42.60220066,-45.400925,-0.04167,0.04167,6,012,0,1,2,C,False,8,-69.80589084,-74.136955,-0.04167,0.04167,14,012,0,1,2,0.022727,0.123457,1.482413,0.319951773,6.83e-06,0.640940666,120,480,-794.10965312,-842.841124,-7.025505718750001,-5.6808463468333334,-6.027527033333333,4,,7.85,-919.633936,,-7.4711175,-6.667467133333332,,1,,12.110416666666667,0.6482023051780491,,"(0.43137254901960786, 0.13333333333333333, 0.8666666666666667)",True,False,True,True,39,61,22,"(0.3568627450980392, 0.6392156862745098, 0.0)",True,39,42,3,"(0.07058823529411765, 0.9254901960784314, 0.0)",False,,,,,False
120_Si36C84_012_012_a0.121212_b0.12963_c1.087103_interface12shift6,12,6,6,Si,False,6.666666666666667,8,-42.60220066,-45.400925,-0.04167,0.04167,6,012,0,1,2,C,False,8,-69.80589084,-74.136955,0.29167,0.375,14,012,0,1,2,0.121212,0.12963,1.087103,0.319951773,6.83e-06,0.640940666,120,480,-799.64111272,-851.914372,-7.025505718750001,-5.726941843500001,-6.103137433333332,4,,8.825,-936.445008,,-7.4711175,-6.807559400000001,,1,,6.570833333333334,1.3430564362714013,,"(0.43137254901960786, 0.13333333333333333, 0.8666666666666667)",True,False,True,True,7,6,1,"(0.1411764705882353, 0.8549019607843137, 0.0)",True,7,6,1,"(0.1411764705882353, 0.8549019607843137, 0.0)",False,,,,,False
264_Si156Sn108_001_001_a0.276923_b0.041026_c2.1_interface1shift8swap4,1,8,8,Si,False,3.0303030303030303,8,-42.60220066,-45.400925,-0.04051,0.04051,26,001,0,0,1,Sn,False,8,-29.90800429,-34.349418,-0.0339,0.0339,18,001,0,0,1,0.276923,0.041026,2.1,0.582945824,0.0,1.162487268,264,1056,-1100.08502713,-1216.677829,-4.531887809375,-3.8923288718939393,-4.306543507575758,4,,25.568181818181817,-1302.342171,,-4.9843964375,-4.631029651515152,,1,,3.4081439393939394,7.502083912197832,,"(0.4666666666666667, 0.058823529411764705, 0.9372549019607843)",True,True,True,True,213,162,51,"(0.23921568627450981, 0.7568627450980392, 0.0)",True,213,214,1,"(0.00392156862745098, 0.9921568627450981, 0.0)",False,,,,,False
48_Si48_001_122_a0.0_b0.0_c0.0_interface5shift1,5,1,1,Si,False,16.666666666666664,8,-42.60220066,-45.400925,-0.04051,0.04051,6,001,0,0,1,Si,False,8,-42.60220066,-45.400925,-0.04167,0.04167,2,122,1,2,2,0.0,0.0,0.0,0.0,0.0,0.0,48,192,-78.32780648,-127.883198,-5.3252750825,0.14326239249999992,-0.7725280833333331,4,,6.75,-263.205561,,-5.675115625,-3.5917439791666665,,1,,2.4375,2.769230769230769,,"(0.32941176470588235, 0.32941176470588235, 0.6666666666666666)",False,False,True,True,302,345,43,"(0.12156862745098039, 0.8745098039215686, 0.0)",True,302,300,2,"(0.00392156862745098, 0.9921568627450981, 0.0)",False,,,,,False
120_Si36C84_012_012_a0.242424_b0.012346_c1.680068_interface13shift4,13,4,4,Si,False,6.666666666666667,8,-42.60220066,-45.400925,-0.04167,0.04167,6,012,0,1,2,C,False,8,-69.80589084,-74.136955,0.29167,0.375,14,012,0,1,2,0.242424,0.012346,1.680068,0.319951773,6.83e-06,0.640940666,120,480,-792.84806801,-841.475706,-7.025505718750001,-5.6703331375833335,-6.016148549999999,4,,8.55,-919.952963,,-7.4711175,-6.670125691666666,,1,,8.285416666666666,1.0319336183052554,,"(0.43137254901960786, 0.13333333333333333, 0.8666666666666667)",True,False,True,True,46,58,12,"(0.20392156862745098, 0.792156862745098, 0.0)",True,46,54,8,"(0.1450980392156863, 0.8509803921568627, 0.0)",False,,,,,False
96_Si48Sn48_112_111_a0.849462_b0.405229_c1.480958_interface2shift5,2,5,5,Si,False,8.333333333333332,8,-42.60220066,-45.400925,-0.04167,0.04167,8,112,1,1,2,Sn,False,8,-29.90800429,-34.349418,-0.02936,0.02936,8,111,1,1,1,0.849462,0.405229,1.480958,3.476550341,0.0,0.950312614,96,384,,,,,,4,,,-474.492709,,-4.9843964375,-4.111899645833333,,1,,9.2109375,,,,True,False,False,False,,,,,False,,,,,False,,,,,False
264_Si156Sn108_001_001_a0.276923_b0.041026_c2.1_interface1shift5swap2,1,5,5,Si,False,3.0303030303030303,8,-42.60220066,-45.400925,-0.04051,0.04051,26,001,0,0,1,Sn,False,8,-29.90800429,-34.349418,-0.0339,0.0339,18,001,0,0,1,0.276923,0.041026,2.1,0.582945824,0.0,1.162487268,264,1056,-1093.61770103,-1207.836379,-4.531887809375,-3.867831424545454,-4.273053166666667,4,,27.71969696969697,-1304.007798,,-4.9843964375,-4.63733884469697,,1,,3.679924242424242,7.532681420483788,,"(0.4666666666666667, 0.058823529411764705, 0.9372549019607843)",True,True,True,True,245,138,107,"(0.43529411764705883, 0.5607843137254902, 0.0)",True,245,249,4,"(0.01568627450980392, 0.9803921568627451, 0.0)",False,,,,,False
120_Si36C84_012_012_a0.117284_b0.604938_c1.58124_interface1shift6,1,6,6,Si,False,6.666666666666667,8,-42.60220066,-45.400925,-0.04167,0.04167,6,012,0,1,2,C,False,8,-69.80589084,-74.136955,0.29167,0.375,14,012,0,1,2,0.117284,0.604938,1.58124,0.319951773,0.0,0.640940666,120,480,-788.97878403,-838.269384,-7.025505718750001,-5.638089104416667,-5.989429199999999,4,,12.2,-929.113783,,-7.4711175,-6.746465858333333,,1,,11.45625,1.0649208947081286,,"(0.43137254901960786, 0.13333333333333333, 0.8666666666666667)",True,False,True,True,71,18,53,"(0.7450980392156863, 0.25098039215686274, 0.0)",True,71,71,0,"(0.0, 1.0, 0.0)",False,,,,,False
144_Si72Sn72_001_011_a0.212963_b0.345679_c2.262295_interface6shift6,6,6,6,Si,False,5.555555555555555,8,-42.60220066,-45.400925,-0.04051,0.04051,12,001,0,0,1,Sn,False,8,-29.90800429,-34.349418,-0.02397,0.02397,12,011,0,1,1,0.212963,0.345679,2.262295,3.476556301,0.0,0.950324535,144,576,-627.39705347,-690.571487,-4.531887809375,-3.8533808924999997,-4.2418135,4,,6.180555555555555,-707.982562,,-4.9843964375,-4.362723743055556,,1,,1.5902777777777777,3.88646288209607,,"(0.4392156862745098, 0.10980392156862745, 0.8862745098039215)",True,False,True,True,254,302,48,"(0.1568627450980392, 0.8392156862745098, 0.0)",True,254,266,12,"(0.043137254901960784, 0.9529411764705882, 0.0)",False,,,,,False
96_Si48Sn48_112_111_a0.870968_b0.411765_c1.480959_interface4shift7,4,7,7,Si,False,8.333333333333332,8,-42.60220066,-45.400925,-0.04167,0.04167,8,112,1,1,2,Sn,False,8,-29.90800429,-34.349418,-0.02936,0.02936,8,111,1,1,1,0.870968,0.411765,1.480959,3.476550341,0.0,0.950312614,96,384,,,,,,4,,,-474.400012,,-4.9843964375,-4.1109340520833335,,1,,3.84375,,,,True,False,False,False,,,,,False,,,,,False,,,,,False
264_Si156Sn108_001_001_a0.0_b0.0_c0.0_interface1shift1swap7,1,1,1,Si,False,3.0303030303030303,8,-42.60220066,-45.400925,-0.04051,0.04051,26,001,0,0,1,Sn,False,8,-29.90800429,-34.349418,-0.0339,0.0339,18,001,0,0,1,0.0,0.0,0.0,0.582945824,0.0,1.162487268,264,1056,1136.1385421,8425.179172,-4.531887809375,4.57821495094697,,4,,78.69318181818181,,,,,,1,,,,,,False,True,False,False,,,,,False,,,,,False,,,,,
380_Si72C308_111_111_a0.030303_b0.227273_c2.163935_interface7shift4,7,4,4,Si,False,2.1052631578947367,8,-42.60220066,-45.400925,0.29825,0.36841,12,111,1,1,1,C,False,8,-69.80589084,-74.136955,0.15625,0.17708,28,111,1,1,1,0.030303,0.227273,2.163935,0.319956511,0.0,0.640952587,380,1520,,,,,,4,,,,,,,,1,,,,,,True,False,False,False,,,,,False,,,,,False,,,,,
96_Si48Sn48_112_111_a0.354839_b0.156863_c1.480959_interface4shift4,4,4,4,Si,False,8.333333333333332,8,-42.60220066,-45.400925,-0.04167,0.04167,8,112,1,1,2,Sn,False,8,-29.90800429,-34.349418,-0.02936,0.02936,8,111,1,1,1,0.354839,0.156863,1.480959,3.476550341,0.0,0.950312614,96,384,,,,,,4,,,-474.396888,,-4.9843964375,-4.110901510416666,,1,,3.1041666666666665,,,,True,False,False,False,,,,,False,,,,,False,,,,,False
120_Si72Ge48_013_114_a0.296296_b0.77193_c1.38743_interface2shift7,2,7,7,Si,False,6.666666666666667,8,-42.60220066,-45.400925,0.125,0.20833,12,013,0,1,3,Ge,False,8,-35.08485951,-38.831661,-0.04167,0.04167,8,114,1,1,4,0.296296,0.77193,1.38743,1.781901121,0.0,2.930992842,120,480,-539.32010474,-595.620962,-4.855441260625,-3.8469420380833337,-4.261569799999999,4,,6.258333333333334,-619.171427,,-5.264536625,-4.457823674999999,,1,,6.7,0.9340796019900498,,"(0.43137254901960786, 0.13333333333333333, 0.8666666666666667)",True,False,True,True,272,273,1,"(0.0, 0.996078431372549, 0.0)",True,272,256,16,"(0.058823529411764705, 0.9411764705882353, 0.0)",False,,,,,False
120_Si36C84_012_012_a0.431818_b0.018519_c1.680068_interface9shift4,9,4,4,Si,False,6.666666666666667,8,-42.60220066,-45.400925,-0.04167,0.04167,6,012,0,1,2,C,False,8,-69.80589084,-74.136955,-0.04167,0.04167,14,012,0,1,2,0.431818,0.018519,1.680068,0.319951773,6.83e-06,0.640940666,120,480,-790.55258393,-841.627753,-7.025505718750001,-5.651204103583334,-6.017415608333333,4,,8.408333333333333,-925.231348,,-7.4711175,-6.714112233333333,,1,,9.177083333333334,0.9162315550510782,,"(0.43137254901960786, 0.13333333333333333, 0.8666666666666667)",True,False,True,True,59,25,34,"(0.5725490196078431, 0.4235294117647059, 0.0)",True,59,51,8,"(0.13333333333333333, 0.8627450980392157, 0.0)",False,,,,,False
228_Si120Ge108_001_001_a0.795322_b0.0_c2.0_interface1shift4,1,4,4,Si,False,3.508771929824561,8,-42.60220066,-45.400925,-0.04051,0.04051,20,001,0,0,1,Ge,False,8,-35.08485951,-38.831661,-0.03888,0.03888,18,001,0,0,1,0.795322,0.0,2.0,1.169952631,0.0,2.326208353,228,912,-1064.05052561,-1154.424185,-4.855441260625,-4.3261555501754385,-4.69382280263158,4,,14.789473684210526,-1184.18951,,-5.264536625,-4.82437247368421,,1,,2.9396929824561404,5.030958597538231,,"(0.4627450980392157, 0.06666666666666667, 0.9294117647058824)",True,False,True,True,78,86,8,"(0.09019607843137255, 0.9058823529411765, 0.0)",True,78,78,0,"(0.0, 1.0, 0.0)",False,,,,,False
120_Si72Ge48_011_001_a0.368421_b0.222222_c2.163935_interface6shift1swap1,6,1,1,Si,False,6.666666666666667,8,-42.60220066,-45.400925,-0.02864,0.02864,12,011,0,1,1,Ge,False,8,-35.08485951,-38.831661,-0.03888,0.03888,8,001,0,0,1,0.368421,0.222222,2.163935,4.176024914,0.0,2.319717407,120,480,-574.77017554,-622.5506,-4.855441260625,-4.142359294749999,-4.48598345,4,,5.583333333333333,-633.908899,,-5.264536625,-4.580635941666666,,1,,2.0479166666666666,2.726347914547304,,"(0.43137254901960786, 0.13333333333333333, 0.8666666666666667)",True,True,True,True,161,231,70,"(0.30196078431372547, 0.6941176470588235, 0.0)",True,161,177,16,"(0.09019607843137255, 0.9058823529411765, 0.0)",False,,,,,False
380_Si72C308_111_111_a0.113636_b0.045455_c2.163935_interface3shift2,3,2,2,Si,False,2.1052631578947367,8,-42.60220066,-45.400925,0.29825,0.36841,12,111,1,1,1,C,False,8,-69.80589084,-74.136955,0.15625,0.17708,28,111,1,1,1,0.113636,0.045455,2.163935,0.319956511,0.0,0.640952587,380,1520,,,,,,4,,,,,,,,1,,,,,,True,False,False,False,,,,,False,,,,,False,,,,,
156_Si108Ge48_001_114_a0.0_b0.0_c0.0_interface11shift1,11,1,1,Si,False,5.128205128205128,8,-42.60220066,-45.400925,-0.04051,0.04051,18,001,0,0,1,Ge,False,8,-35.08485951,-38.831661,-0.04167,0.04167,8,114,1,1,4,0.0,0.0,0.0,4.17603159,0.0,2.319717407,156,624,2052.81419136,59304.889003,-4.855441260625,13.65705930467949,380.69949736538456,4,,29.173076923076923,-821.809455,,-5.264536625,-4.7280568525641025,,1,,6.748397435897436,4.322963666587508,,"(0.44313725490196076, 0.10196078431372549, 0.8941176470588236)",False,False,False,True,337,113,224,"(0.6627450980392157, 0.3333333333333333, 0.0)",True,337,337,0,"(0.0, 1.0, 0.0)",False,,,,,False
120_Si72Ge48_013_114_a0.296296_b0.77193_c1.38743_interface3shift7,3,7,7,Si,False,6.666666666666667,8,-42.60220066,-45.400925,0.125,0.20833,12,013,0,1,3,Ge,False,8,-35.08485951,-38.831661,-0.04167,0.04167,8,114,1,1,4,0.296296,0.77193,1.38743,1.781901121,0.0,2.930992842,120,480,-539.32007958,-595.620916,-4.855441260625,-3.8469418284166665,-4.261569416666666,4,,6.391666666666667,-619.171396,,-5.264536625,-4.457823416666666,,1,,6.51875,0.9805049536593161,,"(0.43137254901960786, 0.13333333333333333, 0.8666666666666667)",True,False,True,True,273,274,1,"(0.0, 0.996078431372549, 0.0)",True,273,257,16,"(0.054901960784313725, 0.9411764705882353, 0.0)",False,,,,,False
144_Si72Sn72_001_011_a0.046296_b0.012346_c2.262295_interface6shift2,6,2,2,Si,False,5.555555555555555,8,-42.60220066,-45.400925,-0.04051,0.04051,12,001,0,0,1,Sn,False,8,-29.90800429,-34.349418,-0.02397,0.02397,12,011,0,1,1,0.046296,0.012346,2.262295,3.476556301,0.0,0.950324535,144,576,-627.39705193,-690.571485,-4.531887809375,-3.8533808818055553,-4.241813486111111,4,,6.243055555555555,-707.982562,,-4.9843964375,-4.362723743055556,,1,,1.5538194444444444,4.017877094972067,,"(0.4392156862745098, 0.10980392156862745, 0.8862745098039215)",True,False,True,True,255,303,48,"(0.1568627450980392, 0.8392156862745098, 0.0)",True,255,271,16,"(0.058823529411764705, 0.9372549019607843, 0.0)",False,,,,,False
120_Si36C84_012_012_a0.111111_b0.209877_c0.988275_interface2shift1,2,1,1,Si,False,6.666666666666667,8,-42.60220066,-45.400925,-0.04167,0.04167,6,012,0,1,2,C,False,8,-69.80589084,-74.136955,-0.04167,0.04167,14,012,0,1,2,0.111111,0.209877,0.988275,0.319951773,0.0,0.640940666,120,480,-792.36050692,-843.81623,-7.025505718750001,-5.666270128500001,-6.035652916666667,4,,9.583333333333334,-913.270299,,-7.4711175,-6.614436824999999,,1,,7.05,1.3593380614657211,,"(0.43137254901960786, 0.13333333333333333, 0.8666666666666667)",True,False,True,True,52,72,20,"(0.27450980392156865, 0.7215686274509804, 0.0)",True,52,38,14,"(0.26666666666666666, 0.7294117647058823, 0.0)",False,,,,,False
216_Si72Ge144_013_011_a0.45679_b0.842105_c1.888633_interface4shift4,4,4,4,Si,False,3.7037037037037033,8,-42.60220066,-45.400925,0.125,0.20833,12,013,0,1,3,Ge,False,8,-35.08485951,-38.831661,-0.0275,0.0275,24,011,0,1,1,0.45679,0.842105,1.888633,1.781901121,0.0,2.930998802,216,864,-962.86877606,-1060.646797,-4.855441260625,-4.098063499490741,-4.520436162037037,4,,16.14351851851852,-1082.742109,,-5.264536625,-4.622729273148149,,1,,1.9039351851851851,8.479027355623101,,"(0.4588235294117647, 0.07058823529411765, 0.9254901960784314)",True,False,True,True,182,182,0,"(0.0, 1.0, 0.0)",True,182,110,72,"(0.39215686274509803, 0.6039215686274509, 0.0)",False,,,,,False
84_Si36Ge48_001_011_a0.490566_b0.08642_c1.967213_interface7shift7,7,7,7,Si,False,9.523809523809524,8,-42.60220066,-45.400925,-0.04051,0.04051,6,001,0,0,1,Ge,False,8,-35.08485951,-38.831661,-0.0275,0.0275,8,011,0,1,1,0.490566,0.08642,1.967213,4.176025867,0.0,2.319717407,84,336,-386.35755585,-422.965347,-4.855441260625,-3.674648758095238,-4.032532869047619,4,,8.571428571428571,-431.918616,,-5.264536625,-4.139119404761905,,1,,1.6696428571428572,5.133689839572193,,"(0.4, 0.18823529411764706, 0.807843137254902)",True,False,True,True,284,316,32,"(0.09803921568627451, 0.8980392156862745, 0.0)",True,284,284,0,"(0.0, 1.0, 0.0)",False,,,,,False
144_Si72Sn72_001_011_a0.12963_b0.314815_c2.3_interface5shift8,5,8,8,Si,False,5.555555555555555,8,-42.60220066,-45.400925,-0.04051,0.04051,12,001,0,0,1,Sn,False,8,-29.90800429,-34.349418,-0.02397,0.02397,12,011,0,1,1,0.12963,0.314815,2.3,3.476556301,0.0,0.950324535,144,576,-626.76956216,-691.008896,-4.531887809375,-3.849023313958333,-4.2448510625,4,,6.798611111111111,-706.652214,,-4.9843964375,-4.353485215277777,,1,,3.810763888888889,1.7840546697038724,,"(0.4392156862745098, 0.10980392156862745, 0.8862745098039215)",True,False,True,True,266,309,43,"(0.13725490196078433, 0.8588235294117647, 0.0)",True,266,260,6,"(0.0196078431372549, 0.9764705882352941, 0.0)",False,,,,,False
144_Si72Sn72_001_011_a0.296296_b0.012346_c2.262295_interface6shift4,6,4,4,Si,False,5.555555555555555,8,-42.60220066,-45.400925,-0.04051,0.04051,12,001,0,0,1,Sn,False,8,-29.90800429,-34.349418,-0.02397,0.02397,12,011,0,1,1,0.296296,0.012346,2.262295,3.476556301,0.0,0.950324535,144,576,-627.39729465,-690.571486,-4.531887809375,-3.8533825673611113,-4.241813493055556,4,,6.166666666666667,-707.982562,,-4.9843964375,-4.362723743055556,,1,,1.5104166666666667,4.082758620689655,,"(0.4392156862745098, 0.10980392156862745, 0.8862745098039215)",True,False,True,True,252,304,52,"(0.16862745098039217, 0.8274509803921568, 0.0)",True,252,268,16,"(0.058823529411764705, 0.9372549019607843, 0.0)",False,,,,,False
120_Si36C84_012_012_a0.123457_b0.617284_c1.482413_interface1shift5,1,5,5,Si,False,6.666666666666667,8,-42.60220066,-45.400925,-0.04167,0.04167,6,012,0,1,2,C,False,8,-69.80589084,-74.136955,0.29167,0.375,14,012,0,1,2,0.123457,0.617284,1.482413,0.319951773,0.0,0.640940666,120,480,-792.41697323,-841.163086,-7.025505718750001,-5.6667406810833345,-6.0135433833333325,4,,11.841666666666667,-932.59543,,-7.4711175,-6.7754795833333334,,1,,7.641666666666667,1.549618320610687,,"(0.43137254901960786, 0.13333333333333333, 0.8666666666666667)",True,False,True,True,49,11,38,"(0.7725490196078432, 0.2235294117647059, 0.0)",True,49,62,13,"(0.20784313725490197, 0.788235294117647, 0.0)",False,,,,,False
72_Ge48Si24_001_114_a0.43038_b0.691824_c1.495911_interface8shift4,8,4,4,Ge,False,11.11111111111111,8,-35.08485951,-38.831661,-0.03888,0.03888,8,001,0,0,1,Si,False,8,-42.60220066,-45.400925,-0.04167,0.04167,4,114,1,1,4,0.43038,0.691824,1.495911,4.008624077,0.0,2.267128229,72,288,-316.72701938,-349.992612,-4.855441260625,-3.3199994334722223,-3.691111472222223,4,,6.125,-361.397387,,-5.264536625,-3.8495111250000003,,1,,2.0,3.0625,,"(0.3843137254901961, 0.2196078431372549, 0.7764705882352941)",True,False,True,True,124,146,22,"(0.14901960784313725, 0.8470588235294118, 0.0)",True,47,47,0,"(0.0, 1.0, 0.0)",False,,,,,False
264_Sn108Si156_001_001_a0.07732_b0.082474_c2.1_interface1shift1swap2,1,1,1,Sn,False,3.0303030303030303,8,-29.90800429,-34.349418,-0.0339,0.0339,18,001,0,0,1,Si,False,8,-42.60220066,-45.400925,-0.04051,0.04051,26,001,0,0,1,0.07732,0.082474,2.1,0.586363971,0.0,1.176154613,264,1056,-1121.52272796,-1232.882036,-4.531887809375,-3.9735322841287877,-4.367923079545455,4,,24.625,-1306.495405,,-4.9843964375,-4.646761598484848,,1,,3.247159090909091,7.583552055993001,,"(0.4666666666666667, 0.058823529411764705, 0.9372549019607843)",True,True,True,True,84,86,2,"(0.0196078431372549, 0.9764705882352941, 0.0)",True,34,34,0,"(0.0, 1.0, 0.0)",False,,,,,False
380_C308Si72_111_111_a0.022727_b0.007576_c2.188944_interface10shift1,10,1,1,C,False,2.1052631578947367,8,-69.80589084,-74.136955,0.15625,0.17708,28,111,1,1,1,Si,False,8,-42.60220066,-45.400925,-0.03508,0.03508,12,111,1,1,1,0.022727,0.007576,2.188944,0.31893608,0.0,0.636863708,380,1520,,,,,,4,,,,,,,,1,,,,,,True,False,False,False,,,,,False,,,,,False,,,,,
60_Ge36Si24_001_013_a0.0_b0.0_c0.0_interface13shift1,13,1,1,Ge,False,13.333333333333334,8,-35.08485951,-38.831661,-0.03888,0.03888,6,001,0,0,1,Si,False,8,-42.60220066,-45.400925,-0.04167,0.04167,4,013,0,1,3,0.0,0.0,0.0,4.008624554,0.0,2.872276306,60,240,240.64807205,355.675498,-4.855441260625,5.305585537,7.331801400000001,4,,8.4,-301.535834,,-5.264536625,-3.6217208000000003,,1,,4.520833333333333,1.8580645161290326,,"(0.36470588235294116, 0.26666666666666666, 0.7333333333333333)",False,False,False,True,160,164,4,"(0.023529411764705882, 0.9725490196078431, 0.0)",True,83,81,2,"(0.023529411764705882, 0.9725490196078431, 0.0)",False,,,,,False
264_Sn108Si156_001_001_a0.07732_b0.082474_c2.1_interface1shift8,1,8,8,Sn,False,3.0303030303030303,8,-29.90800429,-34.349418,-0.0339,0.0339,18,001,0,0,1,Si,False,8,-42.60220066,-45.400925,-0.04051,0.04051,26,001,0,0,1,0.07732,0.082474,2.1,0.586363971,0.0,1.176154613,264,1056,-1173.58131284,,-4.531887809375,-4.170723893522727,,4,,21.992424242424242,-1321.971092,,-4.9843964375,-4.705381625,,1,,3.492424242424242,6.297180043383948,,"(0.4666666666666667, 0.058823529411764705, 0.9372549019607843)",True,False,True,True,21,39,18,"(0.4588235294117647, 0.5372549019607843, 0.0)",False,,,,,False,,,,,False
156_Ge48Si108_114_001_a0.163522_b0.142012_c1.585635_interface5shift1,5,1,1,Ge,False,5.128205128205128,8,-35.08485951,-38.831661,-0.04167,0.04167,8,114,1,1,4,Si,False,8,-42.60220066,-45.400925,-0.04051,0.04051,18,001,0,0,1,0.163522,0.142012,1.585635,4.008629799,0.0,2.267122269,156,624,-717.71090093,-783.83893,-4.855441260625,-4.102716927948718,-4.484656051282051,4,,9.102564102564102,-826.239553,,-5.264536625,-4.756454916666666,,1,,3.796474358974359,2.3976361333896157,,"(0.44313725490196076, 0.10196078431372549, 0.8941176470588236)",True,False,True,True,27,25,2,"(0.07058823529411765, 0.9254901960784314, 0.0)",True,18,26,8,"(0.3058823529411765, 0.6901960784313725, 0.0)",False,,,,,False
380_C308Si72_111_111_a0.0_b0.0_c0.0_interface11shift1,11,1,1,C,False,2.1052631578947367,8,-69.80589084,-74.136955,0.19792,0.21875,28,111,1,1,1,Si,False,8,-42.60220066,-45.400925,-0.03508,0.03508,12,111,1,1,1,0.0,0.0,0.0,0.31893608,0.0,0.636863708,380,1520,,,,,,4,,,,,,,,1,,,,,,False,False,False,False,,,,,False,,,,,False,,,,,
380_C308Si72_111_111_a0.0_b0.0_c0.0_interface4shift1,4,1,1,C,False,2.1052631578947367,8,-69.80589084,-74.136955,0.15625,0.17708,28,111,1,1,1,Si,False,8,-42.60220066,-45.400925,0.29825,0.36841,12,111,1,1,1,0.0,0.0,0.0,0.31893608,0.0,0.636863708,380,1520,,,,,,4,,,,,,,,1,,,,,,False,False,False,False,,,,,False,,,,,False,,,,,
228_Ge108Si120_001_001_a0.0_b0.0_c0.0_interface2shift1,2,1,1,Ge,False,3.508771929824561,8,-35.08485951,-38.831661,-0.03888,0.03888,18,001,0,0,1,Si,False,8,-42.60220066,-45.400925,-0.04051,0.04051,20,001,0,0,1,0.0,0.0,0.0,1.183802485,0.0,2.38161087,228,912,1109.08502401,6387.418819,-4.855441260625,5.205140720087719,28.384435986842107,4,,25.99122807017544,-1175.284323,,-5.264536625,-4.785314635964913,,1,,7.794956140350878,3.3343648895765927,,"(0.4627450980392157, 0.06666666666666667, 0.9294117647058824)",False,False,False,True,158,23,135,"(0.8509803921568627, 0.1450980392156863, 0.0)",True,81,88,7,"(0.0784313725490196, 0.9176470588235294, 0.0)",False,,,,,False
24_Si24_001_001_a0.0_b0.0_c0.0_interface7shift1,7,1,1,Si,False,33.33333333333333,8,-42.60220066,-45.400925,-0.04051,0.04051,2,001,0,0,1,Si,False,8,-42.60220066,-45.400925,-0.04051,0.04051,2,001,0,0,1,0.0,0.0,0.0,0.0,0.0,0.0,24,96,39.20221918,15.425487,-5.3252750825,5.1836091875,4.426139041666667,4,,2.875,-124.197694,,-5.675115625,-1.3914935,,1,,0.8958333333333334,3.2093023255813953,,"(0.16470588235294117, 0.6627450980392157, 0.3333333333333333)",False,False,False,True,156,176,20,"(0.10980392156862745, 0.8862745098039215, 0.0)",True,79,79,0,"(0.0, 1.0, 0.0)",False,,,,,False
120_Ge48Si72_001_011_a0.898734_b0.138365_c2.1_interface7shift5swap5,7,5,5,Ge,False,6.666666666666667,8,-35.08485951,-38.831661,-0.03888,0.03888,8,001,0,0,1,Si,False,8,-42.60220066,-45.400925,-0.02864,0.02864,12,011,0,1,1,0.898734,0.138365,2.1,4.008624077,0.0,2.267128229,120,480,,,,,,4,,,,,,,,1,,,,,,True,True,False,False,,,,,False,,,,,False,,,,,
380_C308Si72_111_111_a0.19697_b0.022727_c2.188944_interface6shift2,6,2,2,C,False,2.1052631578947367,8,-69.80589084,-74.136955,0.15625,0.17708,28,111,1,1,1,Si,False,8,-42.60220066,-45.400925,0.29825,0.36841,12,111,1,1,1,0.19697,0.022727,2.188944,0.31893608,0.0,0.636863708,380,1520,,,,,,4,,,,,,,,1,,,,,,True,False,False,False,,,,,False,,,,,False,,,,,
380_C308Si72_111_111_a0.143939_b0.045455_c2.188944_interface8shift5,8,5,5,C,False,2.1052631578947367,8,-69.80589084,-74.136955,0.15625,0.17708,28,111,1,1,1,Si,False,8,-42.60220066,-45.400925,-0.03508,0.03508,12,111,1,1,1,0.143939,0.045455,2.188944,0.31893608,0.0,0.636863708,380,1520,,,,,,4,,,,,,,,1,,,,,,True,False,False,False,,,,,False,,,,,False,,,,,
228_Ge108Si120_001_001_a0.911243_b0.088757_c2.0_interface1shift5,1,5,5,Ge,False,3.508771929824561,8,-35.08485951,-38.831661,-0.03888,0.03888,18,001,0,0,1,Si,False,8,-42.60220066,-45.400925,-0.04051,0.04051,20,001,0,0,1,0.911243,0.088757,2.0,1.183802485,0.0,2.38161087,228,912,-1063.58201302,-1155.702443,-4.855441260625,-4.324100670394737,-4.6994291973684215,4,,14.469298245614034,-1185.191801,,-5.264536625,-4.8287684868421055,,1,,2.0076754385964914,7.206990715456033,,"(0.4627450980392157, 0.06666666666666667, 0.9294117647058824)",True,False,True,True,3,19,16,"(0.8392156862745098, 0.1568627450980392, 0.0)",True,3,2,1,"(0.3333333333333333, 0.6666666666666666, 0.0)",False,,,,,False
120_C84Si36_012_012_a0.049383_b0.290123_c1.482413_interface1shift8,1,8,8,C,False,6.666666666666667,8,-69.80589084,-74.136955,0.29167,0.375,14,012,0,1,2,Si,False,8,-42.60220066,-45.400925,-0.04167,0.04167,6,012,0,1,2,0.049383,0.290123,1.482413,0.318931341,0.0,0.636857748,120,480,,,,,,4,,,-924.85355,,-7.4711175,-6.7109639166666675,,1,,,,,,True,False,False,False,,,,,False,,,,,False,,,,,False
264_Sn108Si156_001_001_a0.07732_b0.082474_c2.1_interface2shift7swap1,2,7,7,Sn,False,3.0303030303030303,8,-29.90800429,-34.349418,-0.0339,0.0339,18,001,0,0,1,Si,False,8,-42.60220066,-45.400925,-0.04051,0.04051,26,001,0,0,1,0.07732,0.082474,2.1,0.586363971,0.0,1.176154613,264,1056,,,,,,4,,,-1305.1122,,-4.9843964375,-4.641522185606061,,1,,4.235795454545454,,,,True,True,False,False,,,,,False,,,,,False,,,,,False
264_Sn108Si156_001_001_a0.07732_b0.082474_c2.1_interface2shift5swap1,2,5,5,Sn,False,3.0303030303030303,8,-29.90800429,-34.349418,-0.0339,0.0339,18,001,0,0,1,Si,False,8,-42.60220066,-45.400925,-0.04051,0.04051,26,001,0,0,1,0.07732,0.082474,2.1,0.586363971,0.0,1.176154613,264,1056,,,,,,4,,,-1307.706024,,-4.9843964375,-4.6513472765151525,,1,,5.901515151515151,,,,True,True,False,False,,,,,False,,,,,False,,,,,False
264_Sn108Si156_001_001_a0.07732_b0.082474_c2.1_interface1shift4swap4,1,4,4,Sn,False,3.0303030303030303,8,-29.90800429,-34.349418,-0.0339,0.0339,18,001,0,0,1,Si,False,8,-42.60220066,-45.400925,-0.04051,0.04051,26,001,0,0,1,0.07732,0.082474,2.1,0.586363971,0.0,1.176154613,264,1056,-1122.28074717,,-4.531887809375,-3.9764035690151514,,4,,24.613636363636363,,,,,,1,,,,,,True,True,False,False,,,,,False,,,,,False,,,,,
264_Sn108Si156_001_001_a0.07732_b0.082474_c2.1_interface2shift3swap3,2,3,3,Sn,False,3.0303030303030303,8,-29.90800429,-34.349418,-0.0339,0.0339,18,001,0,0,1,Si,False,8,-42.60220066,-45.400925,-0.04051,0.04051,26,001,0,0,1,0.07732,0.082474,2.1,0.586363971,0.0,1.176154613,264,1056,,,,,,4,,,-1307.343893,,-4.9843964375,-4.6499755681818185,,1,,3.596590909090909,,,,True,True,False,False,,,,,False,,,,,False,,,,,False
264_Sn108Si156_001_001_a0.07732_b0.082474_c2.1_interface1shift6,1,6,6,Sn,False,3.0303030303030303,8,-29.90800429,-34.349418,-0.0339,0.0339,18,001,0,0,1,Si,False,8,-42.60220066,-45.400925,-0.04051,0.04051,26,001,0,0,1,0.07732,0.082474,2.1,0.586363971,0.0,1.176154613,264,1056,-1173.58759817,,-4.531887809375,-4.170747701590909,,4,,21.939393939393938,-1321.404471,,-4.9843964375,-4.703235333333334,,1,,2.554924242424242,8.587101556708673,,"(0.4666666666666667, 0.058823529411764705, 0.9372549019607843)",True,False,True,True,16,42,26,"(0.615686274509804, 0.3803921568627451, 0.0)",False,,,,,False,,,,,False
72_Ge48Si24_001_114_a0.329114_b0.062893_c1.495911_interface6shift1,6,1,1,Ge,False,11.11111111111111,8,-35.08485951,-38.831661,-0.03888,0.03888,8,001,0,0,1,Si,False,8,-42.60220066,-45.400925,-0.04167,0.04167,4,114,1,1,4,0.329114,0.062893,1.495911,4.008624077,0.0,2.267128229,72,288,-307.67808006,-341.381842,-4.855441260625,-3.1943197206944447,-3.571517444444445,4,,6.180555555555555,-360.60942,,-5.264536625,-3.838567138888889,,1,,2.795138888888889,2.2111801242236027,,"(0.3843137254901961, 0.2196078431372549, 0.7764705882352941)",True,False,True,True,134,154,20,"(0.12941176470588237, 0.8666666666666667, 0.0)",True,57,57,0,"(0.0, 1.0, 0.0)",False,,,,,False
264_Sn108Si156_001_001_a0.07732_b0.082474_c2.1_interface1shift7swap7,1,7,7,Sn,False,3.0303030303030303,8,-29.90800429,-34.349418,-0.0339,0.0339,18,001,0,0,1,Si,False,8,-42.60220066,-45.400925,-0.04051,0.04051,26,001,0,0,1,0.07732,0.082474,2.1,0.586363971,0.0,1.176154613,264,1056,-1123.55294081,,-4.531887809375,-3.981222484318182,,4,,25.166666666666668,-1306.07299,,-4.9843964375,-4.645161541666667,,1,,4.731060606060606,5.3194555644515615,,"(0.4666666666666667, 0.058823529411764705, 0.9372549019607843)",True,True,True,True,59,93,34,"(0.36470588235294116, 0.6313725490196078, 0.0)",False,,,,,False,,,,,False
120_Ge48Si72_001_011_a0.898734_b0.138365_c2.1_interface7shift7swap1,7,7,7,Ge,False,6.666666666666667,8,-35.08485951,-38.831661,-0.03888,0.03888,8,001,0,0,1,Si,False,8,-42.60220066,-45.400925,-0.02864,0.02864,12,011,0,1,1,0.898734,0.138365,2.1,4.008624077,0.0,2.267128229,120,480,,,,,,4,,,,,,,,1,,,,,,True,True,False,False,,,,,False,,,,,False,,,,,
380_C308Si72_111_111_a0.166667_b0.128788_c2.072898_interface7shift3,7,3,3,C,False,2.1052631578947367,8,-69.80589084,-74.136955,0.19792,0.21875,28,111,1,1,1,Si,False,8,-42.60220066,-45.400925,0.29825,0.36841,12,111,1,1,1,0.166667,0.128788,2.072898,0.31893608,0.0,0.636863708,380,1520,,,,,,4,,,,,,,,1,,,,,,True,False,False,False,,,,,False,,,,,False,,,,,
380_C308Si72_111_111_a0.151515_b0.0_c2.188944_interface6shift5,6,5,5,C,False,2.1052631578947367,8,-69.80589084,-74.136955,0.15625,0.17708,28,111,1,1,1,Si,False,8,-42.60220066,-45.400925,0.29825,0.36841,12,111,1,1,1,0.151515,0.0,2.188944,0.31893608,0.0,0.636863708,380,1520,,,,,,4,,,,,,,,1,,,,,,True,False,False,False,,,,,False,,,,,False,,,,,
380_C308Si72_111_111_a0.098485_b0.090909_c2.072899_interface5shift6,5,6,6,C,False,2.1052631578947367,8,-69.80589084,-74.136955,0.19792,0.21875,28,111,1,1,1,Si,False,8,-42.60220066,-45.400925,0.29825,0.36841,12,111,1,1,1,0.098485,0.090909,2.072899,0.31893608,0.0,0.636863708,380,1520,,,,,,4,,,,,,,,1,,,,,,True,False,False,False,,,,,False,,,,,False,,,,,
120_Ge48Si72_001_011_a0.898734_b0.138365_c2.1_interface7shift6swap7,7,6,6,Ge,False,6.666666666666667,8,-35.08485951,-38.831661,-0.03888,0.03888,8,001,0,0,1,Si,False,8,-42.60220066,-45.400925,-0.02864,0.02864,12,011,0,1,1,0.898734,0.138365,2.1,4.008624077,0.0,2.267128229,120,480,,,,,,4,,,,,,,,1,,,,,,True,True,False,False,,,,,False,,,,,False,,,,,
228_Ge108Si120_001_001_a0.242604_b0.08284_c2.0_interface1shift3,1,3,3,Ge,False,3.508771929824561,8,-35.08485951,-38.831661,-0.03888,0.03888,18,001,0,0,1,Si,False,8,-42.60220066,-45.400925,-0.04051,0.04051,20,001,0,0,1,0.242604,0.08284,2.0,1.183802485,0.0,2.38161087,228,912,-1063.54265134,-1155.660682,-4.855441260625,-4.323928031447369,-4.69924603508772,4,,14.25,-1190.194158,,-5.264536625,-4.850708649122808,,1,,4.712719298245614,3.023731968357376,,"(0.4627450980392157, 0.06666666666666667, 0.9294117647058824)",True,False,True,True,8,6,2,"(0.24705882352941178, 0.7490196078431373, 0.0)",True,8,9,1,"(0.10980392156862745, 0.8862745098039215, 0.0)",False,,,,,False
120_Ge48Si72_001_011_a0.0_b0.0_c0.0_interface7shift1swap2,7,1,1,Ge,False,6.666666666666667,8,-35.08485951,-38.831661,-0.03888,0.03888,8,001,0,0,1,Si,False,8,-42.60220066,-45.400925,-0.02864,0.02864,12,011,0,1,1,0.0,0.0,0.0,4.008624077,0.0,2.267128229,120,480,,,,,,4,,,,,,,,1,,,,,,False,True,False,False,,,,,False,,,,,False,,,,,
264_Sn108Si156_001_001_a0.07732_b0.082474_c2.1_interface2shift3swap7,2,3,3,Sn,False,3.0303030303030303,8,-29.90800429,-34.349418,-0.0339,0.0339,18,001,0,0,1,Si,False,8,-42.60220066,-45.400925,-0.04051,0.04051,26,001,0,0,1,0.07732,0.082474,2.1,0.586363971,0.0,1.176154613,264,1056,,,,,,4,,,-1307.394156,,-4.9843964375,-4.650165958333334,,1,,4.028409090909091,,,,True,True,False,False,,,,,False,,,,,False,,,,,False
120_Ge48Si72_001_011_a0.898734_b0.138365_c2.1_interface7shift5swap1,7,5,5,Ge,False,6.666666666666667,8,-35.08485951,-38.831661,-0.03888,0.03888,8,001,0,0,1,Si,False,8,-42.60220066,-45.400925,-0.02864,0.02864,12,011,0,1,1,0.898734,0.138365,2.1,4.008624077,0.0,2.267128229,120,480,,,,,,4,,,,,,,,1,,,,,,True,True,False,False,,,,,False,,,,,False,,,,,
380_C308Si72_111_111_a0.022727_b0.060606_c2.072898_interface7shift1,7,1,1,C,False,2.1052631578947367,8,-69.80589084,-74.136955,0.19792,0.21875,28,111,1,1,1,Si,False,8,-42.60220066,-45.400925,0.29825,0.36841,12,111,1,1,1,0.022727,0.060606,2.072898,0.31893608,0.0,0.636863708,380,1520,,,,,,4,,,,,,,,1,,,,,,True,False,False,False,,,,,False,,,,,False,,,,,
120_Ge48Si72_001_011_a0.0_b0.0_c0.0_interface7shift1swap4,7,1,1,Ge,False,6.666666666666667,8,-35.08485951,-38.831661,-0.03888,0.03888,8,001,0,0,1,Si,False,8,-42.60220066,-45.400925,-0.02864,0.02864,12,011,0,1,1,0.0,0.0,0.0,4.008624077,0.0,2.267128229,120,480,,,,,,4,,,,,,,,1,,,,,,False,True,False,False,,,,,False,,,,,False,,,,,
264_Sn108Si156_001_001_a0.0_b0.0_c0.0_interface1shift1,1,1,1,Sn,False,3.0303030303030303,8,-29.90800429,-34.349418,-0.0339,0.0339,18,001,0,0,1,Si,False,8,-42.60220066,-45.400925,-0.04051,0.04051,26,001,0,0,1,0.0,0.0,0.0,0.586363971,0.0,1.176154613,264,1056,1387.27676333,28444.095388,-4.531887809375,5.529496091969698,,4,,50.40909090909091,,,,,,1,,,,,,False,False,False,False,,,,,False,,,,,False,,,,,
120_Ge48Si72_001_011_a0.898734_b0.138365_c2.1_interface7shift5,7,5,5,Ge,False,6.666666666666667,8,-35.08485951,-38.831661,-0.03888,0.03888,8,001,0,0,1,Si,False,8,-42.60220066,-45.400925,-0.02864,0.02864,12,011,0,1,1,0.898734,0.138365,2.1,4.008624077,0.0,2.267128229,120,480,,,,,,4,,,,,,,,1,,,,,,True,False,False,False,,,,,False,,,,,False,,,,,
264_Sn108Si156_001_001_a0.07732_b0.082474_c2.1_interface1shift3swap3,1,3,3,Sn,False,3.0303030303030303,8,-29.90800429,-34.349418,-0.0339,0.0339,18,001,0,0,1,Si,False,8,-42.60220066,-45.400925,-0.04051,0.04051,26,001,0,0,1,0.07732,0.082474,2.1,0.586363971,0.0,1.176154613,264,1056,-1119.96028865,,-4.531887809375,-3.9676139534090904,,4,,25.49621212121212,-1307.159033,,-4.9843964375,-4.649275340909091,,1,,3.983901515151515,6.3998098407416215,,"(0.4666666666666667, 0.058823529411764705, 0.9372549019607843)",True,True,True,True,96,73,23,"(0.23921568627450981, 0.7568627450980392, 0.0)",False,,,,,False,,,,,False
156_Ge48Si108_114_001_a0.037736_b0.727811_c1.585635_interface5shift2,5,2,2,Ge,False,5.128205128205128,8,-35.08485951,-38.831661,-0.04167,0.04167,8,114,1,1,4,Si,False,8,-42.60220066,-45.400925,-0.04051,0.04051,18,001,0,0,1,0.037736,0.727811,1.585635,4.008629799,0.0,2.267122269,156,624,-717.24801671,-783.621463,-4.855441260625,-4.099749721410256,-4.4832620320512815,4,,9.0,-825.206381,,-5.264536625,-4.7498320192307695,,1,,5.3798076923076925,1.6729222520107239,,"(0.44313725490196076, 0.10196078431372549, 0.8941176470588236)",True,False,True,True,33,29,4,"(0.11764705882352941, 0.8784313725490196, 0.0)",True,24,31,7,"(0.2235294117647059, 0.7725490196078432, 0.0)",False,,,,,False
264_Sn108Si156_001_001_a0.07732_b0.082474_c2.1_interface2shift3swap6,2,3,3,Sn,False,3.0303030303030303,8,-29.90800429,-34.349418,-0.0339,0.0339,18,001,0,0,1,Si,False,8,-42.60220066,-45.400925,-0.04051,0.04051,26,001,0,0,1,0.07732,0.082474,2.1,0.586363971,0.0,1.176154613,264,1056,,,,,,4,,,-1305.908447,,-4.9843964375,-4.6445382727272735,,1,,3.2196969696969697,,,,True,True,False,False,,,,,False,,,,,False,,,,,False
60_Sn24Si36_012_012_a0.0_b0.0_c0.0_interface16shift1,16,1,1,Sn,False,13.333333333333334,8,-29.90800429,-34.349418,-0.04167,0.04167,4,012,0,1,2,Si,False,8,-42.60220066,-45.400925,-0.04167,0.04167,6,012,0,1,2,0.0,0.0,0.0,2.502466679,0.0,5.067539215,60,240,342.5227942,660.165879,-4.531887809375,6.9172166525000005,12.331937033333334,4,,13.9,-298.905563,,-4.9843964375,-3.652586999999999,,1,,3.004166666666667,4.626907073509015,,"(0.36470588235294116, 0.26666666666666666, 0.7333333333333333)",False,False,False,True,163,161,2,"(0.011764705882352941, 0.984313725490196, 0.0)",True,86,82,4,"(0.043137254901960784, 0.9529411764705882, 0.0)",False,,,,,False
120_C84Si36_012_012_a0.154321_b0.697531_c1.482413_interface3shift2,3,2,2,C,False,6.666666666666667,8,-69.80589084,-74.136955,-0.04167,0.04167,14,012,0,1,2,Si,False,8,-42.60220066,-45.400925,-0.04167,0.04167,6,012,0,1,2,0.154321,0.697531,1.482413,0.318931341,0.0,0.636857748,120,480,,,,,,4,,,,,,,,1,,,,,,True,False,False,False,,,,,False,,,,,False,,,,,
120_C84Si36_012_012_a0.022727_b0.055556_c1.18593_interface12shift1,12,1,1,C,False,6.666666666666667,8,-69.80589084,-74.136955,0.29167,0.375,14,012,0,1,2,Si,False,8,-42.60220066,-45.400925,-0.04167,0.04167,6,012,0,1,2,0.022727,0.055556,1.18593,0.318931341,6.83e-06,0.636857748,120,480,,,,,,4,,,-938.212999,,-7.4711175,-6.822292658333333,,1,,,,,,True,False,False,False,,,,,False,,,,,False,,,,,False
120_Ge48Si72_001_011_a0.898734_b0.138365_c2.1_interface7shift2,7,2,2,Ge,False,6.666666666666667,8,-35.08485951,-38.831661,-0.03888,0.03888,8,001,0,0,1,Si,False,8,-42.60220066,-45.400925,-0.02864,0.02864,12,011,0,1,1,0.898734,0.138365,2.1,4.008624077,0.0,2.267128229,120,480,,,,,,4,,,,,,,,1,,,,,,True,False,False,False,,,,,False,,,,,False,,,,,
120_Ge48Si72_001_011_a0.898734_b0.138365_c2.1_interface7shift3swap5,7,3,3,Ge,False,6.666666666666667,8,-35.08485951,-38.831661,-0.03888,0.03888,8,001,0,0,1,Si,False,8,-42.60220066,-45.400925,-0.02864,0.02864,12,011,0,1,1,0.898734,0.138365,2.1,4.008624077,0.0,2.267128229,120,480,,,,,,4,,,,,,,,1,,,,,,True,True,False,False,,,,,False,,,,,False,,,,,
264_Sn108Si156_001_001_a0.07732_b0.082474_c2.1_interface1shift2,1,2,2,Sn,False,3.0303030303030303,8,-29.90800429,-34.349418,-0.0339,0.0339,18,001,0,0,1,Si,False,8,-42.60220066,-45.400925,-0.04051,0.04051,26,001,0,0,1,0.07732,0.082474,2.1,0.586363971,0.0,1.176154613,264,1056,-1172.08886989,,-4.531887809375,-4.165070700530303,,4,,22.62121212121212,-1319.008105,,-4.9843964375,-4.6941581893939395,,1,,1.8816287878787878,12.022143935581278,,"(0.4666666666666667, 0.058823529411764705, 0.9372549019607843)",True,False,True,True,24,46,22,"(0.4745098039215686, 0.5215686274509804, 0.0)",False,,,,,False,,,,,False
264_Sn108Si156_001_001_a0.07732_b0.082474_c2.1_interface2shift1swap8,2,1,1,Sn,False,3.0303030303030303,8,-29.90800429,-34.349418,-0.0339,0.0339,18,001,0,0,1,Si,False,8,-42.60220066,-45.400925,-0.04051,0.04051,26,001,0,0,1,0.07732,0.082474,2.1,0.586363971,0.0,1.176154613,264,1056,-1117.44393869,,-4.531887809375,-3.958082324772727,,4,,24.03030303030303,-1309.868335,,-4.9843964375,-4.659537848484848,,1,,5.540719696969697,4.3370364040334985,,"(0.4666666666666667, 0.058823529411764705, 0.9372549019607843)",True,True,True,True,109,47,62,"(0.5686274509803921, 0.42745098039215684, 0.0)",False,,,,,False,,,,,False
120_Ge48Si72_001_011_a0.898734_b0.138365_c2.1_interface7shift5swap3,7,5,5,Ge,False,6.666666666666667,8,-35.08485951,-38.831661,-0.03888,0.03888,8,001,0,0,1,Si,False,8,-42.60220066,-45.400925,-0.02864,0.02864,12,011,0,1,1,0.898734,0.138365,2.1,4.008624077,0.0,2.267128229,120,480,,,,,,4,,,,,,,,1,,,,,,True,True,False,False,,,,,False,,,,,False,,,,,
264_Sn108Si156_001_001_a0.0_b0.0_c0.0_interface2shift1swap5,2,1,1,Sn,False,3.0303030303030303,8,-29.90800429,-34.349418,-0.0339,0.0339,18,001,0,0,1,Si,False,8,-42.60220066,-45.400925,-0.04051,0.04051,26,001,0,0,1,0.0,0.0,0.0,0.586363971,0.0,1.176154613,264,1056,1271.03747948,,-4.531887809375,5.089195774356061,,4,,79.29545454545455,,,,,,1,,,,,,False,True,False,False,,,,,False,,,,,False,,,,,
48_Si48_001_122_a0.0_b0.0_c0.0_interface6shift1,6,1,1,Si,False,16.666666666666664,8,-42.60220066,-45.400925,-0.04051,0.04051,6,001,0,0,1,Si,False,8,-42.60220066,-45.400925,-0.04167,0.04167,2,122,1,2,2,0.0,0.0,0.0,0.0,0.0,0.0,48,192,176.13877856,109.075965,-5.3252750825,5.444649580833333,4.164121145833334,4,,4.3125,-263.762729,,-5.675115625,-3.603351645833333,,1,,3.0989583333333335,1.3915966386554621,,"(0.32941176470588235, 0.32941176470588235, 0.6666666666666666)",False,False,False,True,162,168,6,"(0.03529411764705882, 0.9607843137254902, 0.0)",True,85,78,7,"(0.08235294117647059, 0.9176470588235294, 0.0)",False,,,,,False
120_C84Si36_012_012_a0.395062_b0.104938_c1.680068_interface2shift3,2,3,3,C,False,6.666666666666667,8,-69.80589084,-74.136955,0.29167,0.375,14,012,0,1,2,Si,False,8,-42.60220066,-45.400925,-0.04167,0.04167,6,012,0,1,2,0.395062,0.104938,1.680068,0.318931341,0.0,0.636857748,120,480,,,,,,4,,,,,,,,1,,,,,,True,False,False,False,,,,,False,,,,,False,,,,,
264_Sn108Si156_001_001_a0.07732_b0.082474_c2.1_interface1shift8swap5,1,8,8,Sn,False,3.0303030303030303,8,-29.90800429,-34.349418,-0.0339,0.0339,18,001,0,0,1,Si,False,8,-42.60220066,-45.400925,-0.04051,0.04051,26,001,0,0,1,0.07732,0.082474,2.1,0.586363971,0.0,1.176154613,264,1056,-1119.80494573,,-4.531887809375,-3.967025533257576,,4,,25.882575757575758,-1304.015694,,-4.9843964375,-4.637368753787879,,1,,3.899621212121212,6.637202525497814,,"(0.4666666666666667, 0.058823529411764705, 0.9372549019607843)",True,True,True,True,97,123,26,"(0.20784313725490197, 0.788235294117647, 0.0)",False,,,,,False,,,,,False
48_Si48_001_001_a0.0_b0.0_c0.0_interface8shift1,8,1,1,Si,False,16.666666666666664,8,-42.60220066,-45.400925,-0.04051,0.04051,4,001,0,0,1,Si,False,8,-42.60220066,-45.400925,-0.04051,0.04051,4,001,0,0,1,0.0,0.0,0.0,0.0,0.0,0.0,48,192,78.26737536,30.850974,-5.3252750825,3.405662014166667,2.5344338333333334,4,,4.145833333333333,-248.395322,,-5.675115625,-3.2831973333333333,,1,,0.96875,4.279569892473118,,"(0.32941176470588235, 0.32941176470588235, 0.6666666666666666)",False,False,False,True,150,174,24,"(0.13725490196078433, 0.8588235294117647, 0.0)",True,73,73,0,"(0.0, 1.0, 0.0)",False,,,,,False
264_Sn108Si156_001_001_a0.07732_b0.082474_c2.1_interface2shift5swap2,2,5,5,Sn,False,3.0303030303030303,8,-29.90800429,-34.349418,-0.0339,0.0339,18,001,0,0,1,Si,False,8,-42.60220066,-45.400925,-0.04051,0.04051,26,001,0,0,1,0.07732,0.082474,2.1,0.586363971,0.0,1.176154613,264,1056,,,,,,4,,,-1304.958762,,-4.9843964375,-4.640940981060607,,1,,3.6297348484848486,,,,True,True,False,False,,,,,False,,,,,False,,,,,False
264_Sn108Si156_001_001_a0.07732_b0.082474_c2.1_interface1shift4swap6,1,4,4,Sn,False,3.0303030303030303,8,-29.90800429,-34.349418,-0.0339,0.0339,18,001,0,0,1,Si,False,8,-42.60220066,-45.400925,-0.04051,0.04051,26,001,0,0,1,0.07732,0.082474,2.1,0.586363971,0.0,1.176154613,264,1056,-1122.73236963,,-4.531887809375,-3.9781142601515147,,4,,24.829545454545453,-1305.598781,,-4.9843964375,-4.6433652954545455,,1,,3.2054924242424243,7.745937961595272,,"(0.4666666666666667, 0.058823529411764705, 0.9372549019607843)",True,True,True,True,70,111,41,"(0.3686274509803922, 0.6274509803921569, 0.0)",False,,,,,False,,,,,False
264_Sn108Si156_001_001_a0.07732_b0.082474_c2.1_interface1shift8swap8,1,8,8,Sn,False,3.0303030303030303,8,-29.90800429,-34.349418,-0.0339,0.0339,18,001,0,0,1,Si,False,8,-42.60220066,-45.400925,-0.04051,0.04051,26,001,0,0,1,0.07732,0.082474,2.1,0.586363971,0.0,1.176154613,264,1056,-1122.90653027,,-4.531887809375,-3.9787739595454545,,4,,25.928030303030305,-1309.214585,,-4.9843964375,-4.657061522727273,,1,,3.972537878787879,6.526817640047676,,"(0.4666666666666667, 0.058823529411764705, 0.9372549019607843)",True,True,True,True,66,53,13,"(0.19607843137254902, 0.8, 0.0)",False,,,,,False,,,,,False
120_C84Si36_012_012_a0.060606_b0.135802_c1.58124_interface12shift4,12,4,4,C,False,6.666666666666667,8,-69.80589084,-74.136955,0.29167,0.375,14,012,0,1,2,Si,False,8,-42.60220066,-45.400925,-0.04167,0.04167,6,012,0,1,2,0.060606,0.135802,1.58124,0.318931341,6.83e-06,0.636857748,120,480,,,,,,4,,,-934.288594,,-7.4711175,-6.789589283333332,,1,,,,,,True,False,False,False,,,,,False,,,,,False,,,,,False
120_Ge48Si72_001_011_a0.898734_b0.138365_c2.1_interface7shift8swap4,7,8,8,Ge,False,6.666666666666667,8,-35.08485951,-38.831661,-0.03888,0.03888,8,001,0,0,1,Si,False,8,-42.60220066,-45.400925,-0.02864,0.02864,12,011,0,1,1,0.898734,0.138365,2.1,4.008624077,0.0,2.267128229,120,480,,,,,,4,,,,,,,,1,,,,,,True,True,False,False,,,,,False,,,,,False,,,,,
216_Ge144Si72_011_013_a0.339623_b0.242604_c1.888632_interface4shift5,4,5,5,Ge,False,3.7037037037037033,8,-35.08485951,-38.831661,-0.0275,0.0275,24,011,0,1,1,Si,False,8,-42.60220066,-45.400925,0.125,0.20833,12,013,0,1,3,0.339623,0.242604,1.888632,1.814228892,0.0,3.019499779,216,864,-960.60879614,-1061.479564,-4.855441260625,-4.0876006294907405,-4.524291564814815,4,,15.532407407407407,-1085.403521,,-5.264536625,-4.635050625,,1,,2.915509259259259,5.327510917030568,,"(0.4588235294117647, 0.07058823529411765, 0.9254901960784314)",True,False,True,True,39,126,87,"(0.6901960784313725, 0.3058823529411765, 0.0)",True,30,23,7,"(0.23137254901960785, 0.7647058823529411, 0.0)",False,,,,,False
264_Sn108Si156_001_001_a0.0_b0.0_c0.0_interface1shift1swap6,1,1,1,Sn,False,3.0303030303030303,8,-29.90800429,-34.349418,-0.0339,0.0339,18,001,0,0,1,Si,False,8,-42.60220066,-45.400925,-0.04051,0.04051,26,001,0,0,1,0.0,0.0,0.0,0.586363971,0.0,1.176154613,264,1056,377.44644686,,-4.531887809375,1.7043812568560606,,4,,82.20454545454545,-275.491623,,-4.9843964375,-0.7414442424242423,,1,,2.2045454545454546,37.28865979381443,,"(0.4666666666666667, 0.058823529411764705, 0.9372549019607843)",False,True,False,True,,,,,False,,,,,False,,,,,True
264_Sn108Si156_001_001_a0.07732_b0.082474_c2.1_interface1shift4swap7,1,4,4,Sn,False,3.0303030303030303,8,-29.90800429,-34.349418,-0.0339,0.0339,18,001,0,0,1,Si,False,8,-42.60220066,-45.400925,-0.04051,0.04051,26,001,0,0,1,0.07732,0.082474,2.1,0.586363971,0.0,1.176154613,264,1056,-1123.17520836,,-4.531887809375,-3.979791679583333,,4,,24.856060606060606,-1305.914823,,-4.9843964375,-4.644562424242425,,1,,4.267992424242424,5.823829598402486,,"(0.4666666666666667, 0.058823529411764705, 0.9372549019607843)",True,True,True,True,63,99,36,"(0.3607843137254902, 0.6352941176470588, 0.0)",False,,,,,False,,,,,False
228_Ge108Si120_001_001_a0.745562_b0.278107_c2.0_interface2shift1,2,1,1,Ge,False,3.508771929824561,8,-35.08485951,-38.831661,-0.03888,0.03888,18,001,0,0,1,Si,False,8,-42.60220066,-45.400925,-0.04051,0.04051,20,001,0,0,1,0.745562,0.278107,2.0,1.183802485,0.0,2.38161087,228,912,-1063.53501256,-1155.655849,-4.855441260625,-4.323894528026316,,4,,14.070175438596491,,,,,,1,,,,,,True,False,False,False,,,,,False,,,,,False,,,,,
120_Ge48Si72_001_011_a0.898734_b0.138365_c2.1_interface7shift7swap3,7,7,7,Ge,False,6.666666666666667,8,-35.08485951,-38.831661,-0.03888,0.03888,8,001,0,0,1,Si,False,8,-42.60220066,-45.400925,-0.02864,0.02864,12,011,0,1,1,0.898734,0.138365,2.1,4.008624077,0.0,2.267128229,120,480,,,,,,4,,,,,,,,1,,,,,,True,True,False,False,,,,,False,,,,,False,,,,,
120_C84Si36_012_012_a0.015152_b0.049383_c1.284758_interface12shift5,12,5,5,C,False,6.666666666666667,8,-69.80589084,-74.136955,0.29167,0.375,14,012,0,1,2,Si,False,8,-42.60220066,-45.400925,-0.04167,0.04167,6,012,0,1,2,0.015152,0.049383,1.284758,0.318931341,6.83e-06,0.636857748,120,480,,,,,,4,,,-925.294128,,-7.4711175,-6.714635400000001,,1,,,,,,True,False,False,False,,,,,False,,,,,False,,,,,False
264_Sn108Si156_001_001_a0.07732_b0.082474_c2.1_interface2shift1,2,1,1,Sn,False,3.0303030303030303,8,-29.90800429,-34.349418,-0.0339,0.0339,18,001,0,0,1,Si,False,8,-42.60220066,-45.400925,-0.04051,0.04051,26,001,0,0,1,0.07732,0.082474,2.1,0.586363971,0.0,1.176154613,264,1056,-1172.08460375,,-4.531887809375,-4.16505454090909,,4,,22.420454545454547,-1322.779073,,-4.9843964375,-4.708442159090909,,1,,3.222537878787879,6.9573905377608,,"(0.4666666666666667, 0.058823529411764705, 0.9372549019607843)",True,False,True,True,25,36,11,"(0.30196078431372547, 0.6941176470588235, 0.0)",False,,,,,False,,,,,False
120_Sn48Si72_011_011_a0.0_b0.0_c0.0_interface8shift1,8,1,1,Sn,False,6.666666666666667,8,-29.90800429,-34.349418,-0.02397,0.02397,8,011,0,1,1,Si,False,8,-42.60220066,-45.400925,-0.02864,0.02864,12,011,0,1,1,0.0,0.0,0.0,2.50246191,0.0,5.067539215,120,480,554.21432521,2056.053968,-4.531887809375,5.222704418,17.79836925833333,4,,7.708333333333333,-606.355122,,-4.9843964375,-4.388373158333334,,1,,6.227083333333334,1.2378721980595515,,"(0.43137254901960786, 0.13333333333333333, 0.8666666666666667)",False,False,False,True,159,137,22,"(0.13725490196078433, 0.8588235294117647, 0.0)",True,82,87,5,"(0.054901960784313725, 0.9411764705882353, 0.0)",False,,,,,False
120_Ge48Si72_001_011_a0.898734_b0.138365_c2.1_interface7shift3,7,3,3,Ge,False,6.666666666666667,8,-35.08485951,-38.831661,-0.03888,0.03888,8,001,0,0,1,Si,False,8,-42.60220066,-45.400925,-0.02864,0.02864,12,011,0,1,1,0.898734,0.138365,2.1,4.008624077,0.0,2.267128229,120,480,,,,,,4,,,,,,,,1,,,,,,True,False,False,False,,,,,False,,,,,False,,,,,
264_Sn108Si156_001_001_a0.07732_b0.082474_c2.1_interface1shift5swap2,1,5,5,Sn,False,3.0303030303030303,8,-29.90800429,-34.349418,-0.0339,0.0339,18,001,0,0,1,Si,False,8,-42.60220066,-45.400925,-0.04051,0.04051,26,001,0,0,1,0.07732,0.082474,2.1,0.586363971,0.0,1.176154613,264,1056,-1124.77691949,,-4.531887809375,-3.985858767196969,,4,,25.571969696969695,,,,,,1,,,,,,True,True,False,False,,,,,False,,,,,False,,,,,
380_C308Si72_111_111_a0.204545_b0.022727_c2.188944_interface6shift1,6,1,1,C,False,2.1052631578947367,8,-69.80589084,-74.136955,0.15625,0.17708,28,111,1,1,1,Si,False,8,-42.60220066,-45.400925,0.29825,0.36841,12,111,1,1,1,0.204545,0.022727,2.188944,0.31893608,0.0,0.636863708,380,1520,,,,,,4,,,,,,,,1,,,,,,True,False,False,False,,,,,False,,,,,False,,,,,
120_C84Si36_012_012_a0.006173_b0.117284_c1.482413_interface3shift8,3,8,8,C,False,6.666666666666667,8,-69.80589084,-74.136955,-0.04167,0.04167,14,012,0,1,2,Si,False,8,-42.60220066,-45.400925,-0.04167,0.04167,6,012,0,1,2,0.006173,0.117284,1.482413,0.318931341,0.0,0.636857748,120,480,,,,,,4,,,-940.458022,,-7.4711175,-6.841001183333334,,1,,,,,,True,False,False,False,,,,,False,,,,,False,,,,,False
264_Sn108Si156_001_001_a0.07732_b0.082474_c2.1_interface1shift3swap4,1,3,3,Sn,False,3.0303030303030303,8,-29.90800429,-34.349418,-0.0339,0.0339,18,001,0,0,1,Si,False,8,-42.60220066,-45.400925,-0.04051,0.04051,26,001,0,0,1,0.07732,0.082474,2.1,0.586363971,0.0,1.176154613,264,1056,-1124.22357316,,-4.531887809375,-3.983762758371211,,4,,23.916666666666668,-1303.700471,,-4.9843964375,-4.636174727272728,,1,,2.2234848484848486,10.756388415672912,,"(0.4666666666666667, 0.058823529411764705, 0.9372549019607843)",True,True,True,True,54,124,70,"(0.5607843137254902, 0.43529411764705883, 0.0)",False,,,,,False,,,,,False
264_Sn108Si156_001_001_a0.07732_b0.082474_c2.1_interface1shift8swap1,1,8,8,Sn,False,3.0303030303030303,8,-29.90800429,-34.349418,-0.0339,0.0339,18,001,0,0,1,Si,False,8,-42.60220066,-45.400925,-0.04051,0.04051,26,001,0,0,1,0.07732,0.082474,2.1,0.586363971,0.0,1.176154613,264,1056,-1121.45716027,,-4.531887809375,-3.9732839216666664,,4,,25.5,-1306.500736,,-4.9843964375,-4.646781791666667,,1,,4.5606060606060606,5.591362126245847,,"(0.4666666666666667, 0.058823529411764705, 0.9372549019607843)",True,True,True,True,85,84,1,"(0.011764705882352941, 0.9882352941176471, 0.0)",False,,,,,False,,,,,False
120_C84Si36_012_012_a0.136364_b0.067901_c1.680068_interface15shift4,15,4,4,C,False,6.666666666666667,8,-69.80589084,-74.136955,-0.04167,0.04167,14,012,0,1,2,Si,False,8,-42.60220066,-45.400925,-0.04167,0.04167,6,012,0,1,2,0.136364,0.067901,1.680068,0.318931341,6.83e-06,0.636857748,120,480,,,,,,4,,,-921.181623,,-7.4711175,-6.680364525,,1,,,,,,True,False,False,False,,,,,False,,,,,False,,,,,False
48_Si48_001_122_a0.0_b0.0_c0.0_interface4shift1,4,1,1,Si,False,16.666666666666664,8,-42.60220066,-45.400925,-0.04051,0.04051,6,001,0,0,1,Si,False,8,-42.60220066,-45.400925,-0.04167,0.04167,2,122,1,2,2,0.0,0.0,0.0,0.0,0.0,0.0,48,192,-78.33452694,-127.883062,-5.3252750825,0.14312238291666665,-0.7725252499999998,4,,3.875,-263.205558,,-5.675115625,-3.5917439166666667,,1,,2.4166666666666665,1.6034482758620692,,"(0.32941176470588235, 0.32941176470588235, 0.6666666666666666)",False,False,True,True,137,173,36,"(0.20784313725490197, 0.788235294117647, 0.0)",True,60,61,1,"(0.01568627450980392, 0.9803921568627451, 0.0)",False,,,,,False
300_C264Si36_011_012_a0.153846_b0.042169_c1.889863_interface16shift4,16,4,4,C,False,2.666666666666667,8,-69.80589084,-74.136955,-0.04167,0.04167,44,011,0,1,1,Si,False,8,-42.60220066,-45.400925,-0.04167,0.04167,6,012,0,1,2,0.153846,0.042169,1.889863,2.657271385,0.0,0.022858381,300,1200,,,,,,4,,,,,,,,1,,,,,,True,False,False,False,,,,,False,,,,,False,,,,,
264_Sn108Si156_001_001_a0.07732_b0.082474_c2.1_interface1shift3,1,3,3,Sn,False,3.0303030303030303,8,-29.90800429,-34.349418,-0.0339,0.0339,18,001,0,0,1,Si,False,8,-42.60220066,-45.400925,-0.04051,0.04051,26,001,0,0,1,0.07732,0.082474,2.1,0.586363971,0.0,1.176154613,264,1056,-1173.57749799,,-4.531887809375,-4.170709443333333,,4,,22.08712121212121,-1321.972634,,-4.9843964375,-4.705387465909091,,1,,2.9744318181818183,7.4256606176376945,,"(0.4666666666666667, 0.058823529411764705, 0.9372549019607843)",True,False,True,True,22,38,16,"(0.4196078431372549, 0.5764705882352941, 0.0)",False,,,,,False,,,,,False
120_C84Si36_012_012_a0.136364_b0.123457_c1.482413_interface14shift6,14,6,6,C,False,6.666666666666667,8,-69.80589084,-74.136955,0.29167,0.375,14,012,0,1,2,Si,False,8,-42.60220066,-45.400925,-0.04167,0.04167,6,012,0,1,2,0.136364,0.123457,1.482413,0.318931341,6.83e-06,0.636857748,120,480,,,,,,4,,,-923.428987,,-7.4711175,-6.699092558333334,,1,,,,,,True,False,False,False,,,,,False,,,,,False,,,,,False
264_Sn108Si156_001_001_a0.07732_b0.082474_c2.1_interface1shift4swap2,1,4,4,Sn,False,3.0303030303030303,8,-29.90800429,-34.349418,-0.0339,0.0339,18,001,0,0,1,Si,False,8,-42.60220066,-45.400925,-0.04051,0.04051,26,001,0,0,1,0.07732,0.082474,2.1,0.586363971,0.0,1.176154613,264,1056,-1124.80166824,,-4.531887809375,-3.985952512462121,,4,,25.647727272727273,-1305.234623,,-4.9843964375,-4.641985909090909,,1,,2.8731060606060606,8.926829268292684,,"(0.4666666666666667, 0.058823529411764705, 0.9372549019607843)",True,True,True,True,44,115,71,"(0.615686274509804, 0.3803921568627451, 0.0)",False,,,,,False,,,,,False
120_Ge48Si72_001_011_a0.898734_b0.138365_c2.1_interface7shift7,7,7,7,Ge,False,6.666666666666667,8,-35.08485951,-38.831661,-0.03888,0.03888,8,001,0,0,1,Si,False,8,-42.60220066,-45.400925,-0.02864,0.02864,12,011,0,1,1,0.898734,0.138365,2.1,4.008624077,0.0,2.267128229,120,480,,,,,,4,,,,,,,,1,,,,,,True,False,False,False,,,,,False,,,,,False,,,,,
264_Sn108Si156_001_001_a0.07732_b0.082474_c2.1_interface1shift7swap3,1,7,7,Sn,False,3.0303030303030303,8,-29.90800429,-34.349418,-0.0339,0.0339,18,001,0,0,1,Si,False,8,-42.60220066,-45.400925,-0.04051,0.04051,26,001,0,0,1,0.07732,0.082474,2.1,0.586363971,0.0,1.176154613,264,1056,-1121.70291875,,-4.531887809375,-3.9742148249999993,,4,,25.59090909090909,-1307.906614,,-4.9843964375,-4.6521070871212125,,1,,3.819128787878788,6.700719067691544,,"(0.4666666666666667, 0.058823529411764705, 0.9372549019607843)",True,True,True,True,81,63,18,"(0.2196078431372549, 0.7764705882352941, 0.0)",False,,,,,False,,,,,False
120_Ge48Si72_114_013_a0.163522_b0.289941_c1.486533_interface3shift1,3,1,1,Ge,False,6.666666666666667,8,-35.08485951,-38.831661,-0.04167,0.04167,8,114,1,1,4,Si,False,8,-42.60220066,-45.400925,0.125,0.20833,12,013,0,1,3,0.163522,0.289941,1.486533,1.814228892,0.0,3.019487858,120,480,,,,,,4,,,,,,,,1,,,,,,True,False,False,False,,,,,False,,,,,False,,,,,
264_Sn108Si156_001_001_a0.07732_b0.082474_c2.1_interface1shift2swap6,1,2,2,Sn,False,3.0303030303030303,8,-29.90800429,-34.349418,-0.0339,0.0339,18,001,0,0,1,Si,False,8,-42.60220066,-45.400925,-0.04051,0.04051,26,001,0,0,1,0.07732,0.082474,2.1,0.586363971,0.0,1.176154613,264,1056,-1117.82477009,,-4.531887809375,-3.9595248679545447,,4,,24.96969696969697,-1308.760623,,-4.9843964375,-4.65534196969697,,1,,6.296401515151516,3.9657091291923594,,"(0.4666666666666667, 0.058823529411764705, 0.9372549019607843)",True,True,True,True,108,57,51,"(0.47058823529411764, 0.5254901960784314, 0.0)",False,,,,,False,,,,,False
228_Ge108Si120_001_001_a0.739645_b0.278107_c2.0_interface2shift4,2,4,4,Ge,False,3.508771929824561,8,-35.08485951,-38.831661,-0.03888,0.03888,18,001,0,0,1,Si,False,8,-42.60220066,-45.400925,-0.04051,0.04051,20,001,0,0,1,0.739645,0.278107,2.0,1.183802485,0.0,2.38161087,228,912,-1063.5820982,-1155.702125,-4.855441260625,-4.324101043991227,-4.69942780263158,4,,14.241228070175438,-1186.125301,,-5.264536625,-4.83286278508772,,1,,2.599780701754386,5.477857444116406,,"(0.4627450980392157, 0.06666666666666667, 0.9294117647058824)",True,False,True,True,2,9,7,"(0.7764705882352941, 0.2196078431372549, 0.0)",True,2,3,1,"(0.3333333333333333, 0.6666666666666666, 0.0)",False,,,,,False
264_Sn108Si156_001_001_a0.07732_b0.082474_c2.1_interface2shift3swap1,2,3,3,Sn,False,3.0303030303030303,8,-29.90800429,-34.349418,-0.0339,0.0339,18,001,0,0,1,Si,False,8,-42.60220066,-45.400925,-0.04051,0.04051,26,001,0,0,1,0.07732,0.082474,2.1,0.586363971,0.0,1.176154613,264,1056,-1118.59169598,,-4.531887809375,-3.9624298902651507,,4,,24.852272727272727,,,,,,1,,,,,,True,True,False,False,,,,,False,,,,,False,,,,,
228_Ge108Si120_001_001_a0.242604_b0.088757_c2.0_interface1shift6,1,6,6,Ge,False,3.508771929824561,8,-35.08485951,-38.831661,-0.03888,0.03888,18,001,0,0,1,Si,False,8,-42.60220066,-45.400925,-0.04051,0.04051,20,001,0,0,1,0.242604,0.088757,2.0,1.183802485,0.0,2.38161087,228,912,-1063.59427702,-1155.713849,-4.855441260625,-4.324154459868421,-4.699479223684211,4,,14.057017543859649,-1185.900368,,-5.264536625,-4.831876236842106,,1,,2.107456140350877,6.670135275754423,,"(0.4627450980392157, 0.06666666666666667, 0.9294117647058824)",True,False,True,True,1,13,12,"(0.9215686274509803, 0.07450980392156863, 0.0)",True,1,1,0,"(0.0, 1.0, 0.0)",False,,,,,False
120_Ge48Si72_001_011_a0.898734_b0.138365_c2.1_interface7shift4,7,4,4,Ge,False,6.666666666666667,8,-35.08485951,-38.831661,-0.03888,0.03888,8,001,0,0,1,Si,False,8,-42.60220066,-45.400925,-0.02864,0.02864,12,011,0,1,1,0.898734,0.138365,2.1,4.008624077,0.0,2.267128229,120,480,,,,,,4,,,,,,,,1,,,,,,True,False,False,False,,,,,False,,,,,False,,,,,
380_C308Si72_111_111_a0.030303_b0.030303_c2.188944_interface6shift3,6,3,3,C,False,2.1052631578947367,8,-69.80589084,-74.136955,0.15625,0.17708,28,111,1,1,1,Si,False,8,-42.60220066,-45.400925,0.29825,0.36841,12,111,1,1,1,0.030303,0.030303,2.188944,0.31893608,0.0,0.636863708,380,1520,,,,,,4,,,,,,,,1,,,,,,True,False,False,False,,,,,False,,,,,False,,,,,
264_Sn108Si156_001_001_a0.07732_b0.082474_c2.1_interface2shift1swap7,2,1,1,Sn,False,3.0303030303030303,8,-29.90800429,-34.349418,-0.0339,0.0339,18,001,0,0,1,Si,False,8,-42.60220066,-45.400925,-0.04051,0.04051,26,001,0,0,1,0.07732,0.082474,2.1,0.586363971,0.0,1.176154613,264,1056,-1120.64079304,,-4.531887809375,-3.97019162155303,,4,,25.681818181818183,-1304.182184,,-4.9843964375,-4.637999397727273,,1,,3.4981060606060606,7.34163508391987,,"(0.4666666666666667, 0.058823529411764705, 0.9372549019607843)",True,True,True,True,92,121,29,"(0.23921568627450981, 0.7568627450980392, 0.0)",False,,,,,False,,,,,False
264_Sn108Si156_001_001_a0.07732_b0.082474_c2.1_interface1shift8swap2,1,8,8,Sn,False,3.0303030303030303,8,-29.90800429,-34.349418,-0.0339,0.0339,18,001,0,0,1,Si,False,8,-42.60220066,-45.400925,-0.04051,0.04051,26,001,0,0,1,0.07732,0.082474,2.1,0.586363971,0.0,1.176154613,264,1056,-1121.87288309,,-4.531887809375,-3.9748586293181813,,4,,25.818181818181817,-1305.956552,,-4.9843964375,-4.644720488636365,,1,,3.227272727272727,8.0,,"(0.4666666666666667, 0.058823529411764705, 0.9372549019607843)",True,True,True,True,77,96,19,"(0.19607843137254902, 0.8, 0.0)",False,,,,,False,,,,,False
264_Sn108Si156_001_001_a0.0_b0.0_c0.0_interface2shift1swap7,2,1,1,Sn,False,3.0303030303030303,8,-29.90800429,-34.349418,-0.0339,0.0339,18,001,0,0,1,Si,False,8,-42.60220066,-45.400925,-0.04051,0.04051,26,001,0,0,1,0.0,0.0,0.0,0.586363971,0.0,1.176154613,264,1056,768.17379857,,-4.531887809375,3.1844091042424245,,4,,75.875,,,,,,1,,,,,,False,True,False,False,,,,,False,,,,,False,,,,,
264_Sn108Si156_001_001_a0.07732_b0.082474_c2.1_interface1shift5swap7,1,5,5,Sn,False,3.0303030303030303,8,-29.90800429,-34.349418,-0.0339,0.0339,18,001,0,0,1,Si,False,8,-42.60220066,-45.400925,-0.04051,0.04051,26,001,0,0,1,0.07732,0.082474,2.1,0.586363971,0.0,1.176154613,264,1056,-1123.67277554,,-4.531887809375,-3.9816764037499994,,4,,25.74621212121212,-1305.704389,,-4.9843964375,-4.643765325757576,,1,,4.211174242424242,6.113784573870025,,"(0.4666666666666667, 0.058823529411764705, 0.9372549019607843)",True,True,True,True,58,107,49,"(0.4549019607843137, 0.5411764705882353, 0.0)",False,,,,,False,,,,,False
120_Ge48Si72_001_011_a0.898734_b0.138365_c2.1_interface7shift1swap8,7,1,1,Ge,False,6.666666666666667,8,-35.08485951,-38.831661,-0.03888,0.03888,8,001,0,0,1,Si,False,8,-42.60220066,-45.400925,-0.02864,0.02864,12,011,0,1,1,0.898734,0.138365,2.1,4.008624077,0.0,2.267128229,120,480,,,,,,4,,,,,,,,1,,,,,,True,True,False,False,,,,,False,,,,,False,,,,,
228_Ge108Si120_001_001_a0.745562_b0.08284_c2.0_interface1shift2,1,2,2,Ge,False,3.508771929824561,8,-35.08485951,-38.831661,-0.03888,0.03888,18,001,0,0,1,Si,False,8,-42.60220066,-45.400925,-0.04051,0.04051,20,001,0,0,1,0.745562,0.08284,2.0,1.183802485,0.0,2.38161087,228,912,-1063.53277326,-1155.653561,-4.855441260625,-4.323884706535089,-4.69921480263158,4,,14.105263157894736,-1185.193523,,-5.264536625,-4.828776039473684,,1,,2.030701754385965,6.946004319654428,,"(0.4627450980392157, 0.06666666666666667, 0.9294117647058824)",True,False,True,True,12,14,2,"(0.1411764705882353, 0.8549019607843137, 0.0)",True,12,12,0,"(0.0, 1.0, 0.0)",False,,,,,False
120_Ge48Si72_001_011_a0.898734_b0.138365_c2.1_interface7shift7swap7,7,7,7,Ge,False,6.666666666666667,8,-35.08485951,-38.831661,-0.03888,0.03888,8,001,0,0,1,Si,False,8,-42.60220066,-45.400925,-0.02864,0.02864,12,011,0,1,1,0.898734,0.138365,2.1,4.008624077,0.0,2.267128229,120,480,,,,,,4,,,,,,,,1,,,,,,True,True,False,False,,,,,False,,,,,False,,,,,
264_Sn108Si156_001_001_a0.07732_b0.082474_c2.1_interface2shift7swap5,2,7,7,Sn,False,3.0303030303030303,8,-29.90800429,-34.349418,-0.0339,0.0339,18,001,0,0,1,Si,False,8,-42.60220066,-45.400925,-0.04051,0.04051,26,001,0,0,1,0.07732,0.082474,2.1,0.586363971,0.0,1.176154613,264,1056,,,,,,4,,,-1304.03588,,-4.9843964375,-4.637445215909091,,1,,3.6136363636363638,,,,True,True,False,False,,,,,False,,,,,False,,,,,False
120_Ge48Si72_001_011_a0.898734_b0.138365_c2.1_interface7shift8swap2,7,8,8,Ge,False,6.666666666666667,8,-35.08485951,-38.831661,-0.03888,0.03888,8,001,0,0,1,Si,False,8,-42.60220066,-45.400925,-0.02864,0.02864,12,011,0,1,1,0.898734,0.138365,2.1,4.008624077,0.0,2.267128229,120,480,,,,,,4,,,,,,,,1,,,,,,True,True,False,False,,,,,False,,,,,False,,,,,
120_C84Si36_012_012_a0.95679_b0.074074_c1.680068_interface13shift1,13,1,1,C,False,6.666666666666667,8,-69.80589084,-74.136955,0.29167,0.375,14,012,0,1,2,Si,False,8,-42.60220066,-45.400925,-0.04167,0.04167,6,012,0,1,2,0.95679,0.074074,1.680068,0.318931341,6.83e-06,0.636857748,120,480,,,,,,4,,,,,,,,1,,,,,,True,False,False,False,,,,,False,,,,,False,,,,,
120_C84Si36_012_012_a0.376543_b0.117284_c1.680068_interface13shift8,13,8,8,C,False,6.666666666666667,8,-69.80589084,-74.136955,0.29167,0.375,14,012,0,1,2,Si,False,8,-42.60220066,-45.400925,-0.04167,0.04167,6,012,0,1,2,0.376543,0.117284,1.680068,0.318931341,6.83e-06,0.636857748,120,480,,,,,,4,,,,,,,,1,,,,,,True,False,False,False,,,,,False,,,,,False,,,,,
120_Ge48Si72_001_011_a0.898734_b0.138365_c2.1_interface7shift1swap3,7,1,1,Ge,False,6.666666666666667,8,-35.08485951,-38.831661,-0.03888,0.03888,8,001,0,0,1,Si,False,8,-42.60220066,-45.400925,-0.02864,0.02864,12,011,0,1,1,0.898734,0.138365,2.1,4.008624077,0.0,2.267128229,120,480,,,,,,4,,,,,,,,1,,,,,,True,True,False,False,,,,,False,,,,,False,,,,,
120_Ge48Si72_001_011_a0.898734_b0.138365_c2.1_interface7shift6swap6,7,6,6,Ge,False,6.666666666666667,8,-35.08485951,-38.831661,-0.03888,0.03888,8,001,0,0,1,Si,False,8,-42.60220066,-45.400925,-0.02864,0.02864,12,011,0,1,1,0.898734,0.138365,2.1,4.008624077,0.0,2.267128229,120,480,,,,,,4,,,,,,,,1,,,,,,True,True,False,False,,,,,False,,,,,False,,,,,
120_C84Si36_012_012_a0.975309_b0.246914_c1.680068_interface2shift4,2,4,4,C,False,6.666666666666667,8,-69.80589084,-74.136955,0.29167,0.375,14,012,0,1,2,Si,False,8,-42.60220066,-45.400925,-0.04167,0.04167,6,012,0,1,2,0.975309,0.246914,1.680068,0.318931341,0.0,0.636857748,120,480,,,,,,4,,,,,,,,1,,,,,,True,False,False,False,,,,,False,,,,,False,,,,,
120_C84Si36_012_012_a0.037879_b0.061728_c1.18593_interface12shift6,12,6,6,C,False,6.666666666666667,8,-69.80589084,-74.136955,0.29167,0.375,14,012,0,1,2,Si,False,8,-42.60220066,-45.400925,-0.04167,0.04167,6,012,0,1,2,0.037879,0.061728,1.18593,0.318931341,6.83e-06,0.636857748,120,480,,,,,,4,,,-925.678579,,-7.4711175,-6.717839158333333,,1,,,,,,True,False,False,False,,,,,False,,,,,False,,,,,False
120_C84Si36_012_012_a0.128788_b0.061728_c1.680068_interface15shift3,15,3,3,C,False,6.666666666666667,8,-69.80589084,-74.136955,-0.04167,0.04167,14,012,0,1,2,Si,False,8,-42.60220066,-45.400925,-0.04167,0.04167,6,012,0,1,2,0.128788,0.061728,1.680068,0.318931341,6.83e-06,0.636857748,120,480,,,,,,4,,,-921.1821,,-7.4711175,-6.6803685,,1,,,,,,True,False,False,False,,,,,False,,,,,False,,,,,False
96_Si96_133_133_a0.0_b0.0_c0.0_interface1shift1swap1,1,1,1,Si,False,8.333333333333332,8,-42.60220066,-45.400925,0.13542,0.23958,8,133,1,3,3,Si,False,8,-42.60220066,-45.400925,0.13542,0.23958,8,133,1,3,3,0.0,0.0,0.0,0.0,0.0,0.0,96,384,,,,,,4,,,-121.347304,,-5.675115625,-0.31818181249999994,,1,,8.0390625,,,,False,True,False,False,,,,,False,,,,,False,,,,,True
264_Sn108Si156_001_001_a0.07732_b0.082474_c2.1_interface1shift4swap8,1,4,4,Sn,False,3.0303030303030303,8,-29.90800429,-34.349418,-0.0339,0.0339,18,001,0,0,1,Si,False,8,-42.60220066,-45.400925,-0.04051,0.04051,26,001,0,0,1,0.07732,0.082474,2.1,0.586363971,0.0,1.176154613,264,1056,-1118.26036771,,-4.531887809375,-3.961174858939394,,4,,25.791666666666668,-1308.816697,,-4.9843964375,-4.655554371212121,,1,,5.453598484848484,4.729293280083349,,"(0.4666666666666667, 0.058823529411764705, 0.9372549019607843)",True,True,True,True,105,56,49,"(0.4666666666666667, 0.5333333333333333, 0.0)",False,,,,,False,,,,,False
264_Sn108Si156_001_001_a0.07732_b0.082474_c2.1_interface1shift7,1,7,7,Sn,False,3.0303030303030303,8,-29.90800429,-34.349418,-0.0339,0.0339,18,001,0,0,1,Si,False,8,-42.60220066,-45.400925,-0.04051,0.04051,26,001,0,0,1,0.07732,0.082474,2.1,0.586363971,0.0,1.176154613,264,1056,-1173.58681754,,-4.531887809375,-4.170744744659091,,4,,21.939393939393938,-1321.404629,,-4.9843964375,-4.703235931818183,,1,,2.6856060606060606,8.169252468265162,,"(0.4666666666666667, 0.058823529411764705, 0.9372549019607843)",True,False,True,True,18,40,22,"(0.5490196078431373, 0.4470588235294118, 0.0)",False,,,,,False,,,,,False
264_Sn108Si156_001_001_a0.07732_b0.082474_c2.1_interface2shift7swap2,2,7,7,Sn,False,3.0303030303030303,8,-29.90800429,-34.349418,-0.0339,0.0339,18,001,0,0,1,Si,False,8,-42.60220066,-45.400925,-0.04051,0.04051,26,001,0,0,1,0.07732,0.082474,2.1,0.586363971,0.0,1.176154613,264,1056,,,,,,4,,,-1304.801856,,-4.9843964375,-4.640346640151516,,1,,3.1041666666666665,,,,True,True,False,False,,,,,False,,,,,False,,,,,False
60_Sn24Si36_012_012_a0.0_b0.0_c0.0_interface11shift1,11,1,1,Sn,False,13.333333333333334,8,-29.90800429,-34.349418,-0.04167,0.04167,4,012,0,1,2,Si,False,8,-42.60220066,-45.400925,-0.04167,0.04167,6,012,0,1,2,0.0,0.0,0.0,2.502466679,0.0,5.067539215,60,240,66.16720101,-7.396505,-4.531887809375,2.311290099333333,1.2058973,4,,11.383333333333333,-297.97888,,-4.9843964375,-3.637142283333333,,1,,3.3666666666666667,3.381188118811881,,"(0.36470588235294116, 0.26666666666666666, 0.7333333333333333)",False,False,False,True,142,163,21,"(0.12549019607843137, 0.8705882352941177, 0.0)",True,65,68,3,"(0.043137254901960784, 0.9529411764705882, 0.0)",False,,,,,False
264_Sn108Si156_001_001_a0.07732_b0.082474_c2.1_interface2shift2swap7,2,2,2,Sn,False,3.0303030303030303,8,-29.90800429,-34.349418,-0.0339,0.0339,18,001,0,0,1,Si,False,8,-42.60220066,-45.400925,-0.04051,0.04051,26,001,0,0,1,0.07732,0.082474,2.1,0.586363971,0.0,1.176154613,264,1056,-1124.6094149,,-4.531887809375,-3.985224280113636,,4,,26.553030303030305,-1304.904236,,-4.9843964375,-4.6407344431818185,,1,,4.53030303030303,5.861204013377927,,"(0.4666666666666667, 0.058823529411764705, 0.9372549019607843)",True,True,True,True,49,119,70,"(0.5882352941176471, 0.4117647058823529, 0.0)",False,,,,,False,,,,,False
228_Ge108Si120_001_001_a0.911243_b0.278107_c2.0_interface2shift3,2,3,3,Ge,False,3.508771929824561,8,-35.08485951,-38.831661,-0.03888,0.03888,18,001,0,0,1,Si,False,8,-42.60220066,-45.400925,-0.04051,0.04051,20,001,0,0,1,0.911243,0.278107,2.0,1.183802485,0.0,2.38161087,228,912,-1063.53982556,-1155.661018,-4.855441260625,-4.323915637675439,-4.69924750877193,4,,14.236842105263158,-1185.192999,,-5.264536625,-4.828773741228071,,1,,2.3399122807017543,6.084348641049672,,"(0.4627450980392157, 0.06666666666666667, 0.9294117647058824)",True,False,True,True,9,18,9,"(0.4980392156862745, 0.4980392156862745, 0.0)",True,9,8,1,"(0.10980392156862745, 0.8862745098039215, 0.0)",False,,,,,False
264_Sn108Si156_001_001_a0.07732_b0.082474_c2.1_interface2shift6swap5,2,6,6,Sn,False,3.0303030303030303,8,-29.90800429,-34.349418,-0.0339,0.0339,18,001,0,0,1,Si,False,8,-42.60220066,-45.400925,-0.04051,0.04051,26,001,0,0,1,0.07732,0.082474,2.1,0.586363971,0.0,1.176154613,264,1056,,,,,,4,,,-1306.952803,,-4.9843964375,-4.648494166666667,,1,,4.026515151515151,,,,True,True,False,False,,,,,False,,,,,False,,,,,False
380_C308Si72_111_111_a0.166667_b0.083333_c2.188944_interface10shift7,10,7,7,C,False,2.1052631578947367,8,-69.80589084,-74.136955,0.15625,0.17708,28,111,1,1,1,Si,False,8,-42.60220066,-45.400925,-0.03508,0.03508,12,111,1,1,1,0.166667,0.083333,2.188944,0.31893608,0.0,0.636863708,380,1520,,,,,,4,,,,,,,,1,,,,,,True,False,False,False,,,,,False,,,,,False,,,,,
264_Sn108Si156_001_001_a0.0_b0.0_c0.0_interface2shift1swap3,2,1,1,Sn,False,3.0303030303030303,8,-29.90800429,-34.349418,-0.0339,0.0339,18,001,0,0,1,Si,False,8,-42.60220066,-45.400925,-0.04051,0.04051,26,001,0,0,1,0.0,0.0,0.0,0.586363971,0.0,1.176154613,264,1056,345.70395738,,-4.531887809375,1.5841445542803032,,4,,82.0719696969697,,,,,,1,,,,,,False,True,False,False,,,,,False,,,,,False,,,,,
380_C308Si72_111_111_a0.0_b0.0_c0.0_interface7shift1,7,1,1,C,False,2.1052631578947367,8,-69.80589084,-74.136955,0.19792,0.21875,28,111,1,1,1,Si,False,8,-42.60220066,-45.400925,0.29825,0.36841,12,111,1,1,1,0.0,0.0,0.0,0.31893608,0.0,0.636863708,380,1520,,,,,,4,,,,,,,,1,,,,,,False,False,False,False,,,,,False,,,,,False,,,,,
264_Sn108Si156_001_001_a0.07732_b0.082474_c2.1_interface1shift2swap5,1,2,2,Sn,False,3.0303030303030303,8,-29.90800429,-34.349418,-0.0339,0.0339,18,001,0,0,1,Si,False,8,-42.60220066,-45.400925,-0.04051,0.04051,26,001,0,0,1,0.07732,0.082474,2.1,0.586363971,0.0,1.176154613,264,1056,-1117.87498704,,-4.531887809375,-3.959715083674242,,4,,25.640151515151516,-1309.298248,,-4.9843964375,-4.657378428030303,,1,,6.300189393939394,4.0697429730948445,,"(0.4666666666666667, 0.058823529411764705, 0.9372549019607843)",True,True,True,True,107,52,55,"(0.5137254901960784, 0.4823529411764706, 0.0)",False,,,,,False,,,,,False
264_Sn108Si156_001_001_a0.07732_b0.082474_c2.1_interface1shift4swap3,1,4,4,Sn,False,3.0303030303030303,8,-29.90800429,-34.349418,-0.0339,0.0339,18,001,0,0,1,Si,False,8,-42.60220066,-45.400925,-0.04051,0.04051,26,001,0,0,1,0.07732,0.082474,2.1,0.586363971,0.0,1.176154613,264,1056,-1121.34469751,,-4.531887809375,-3.9728579263636363,,4,,24.791666666666668,-1305.600823,,-4.9843964375,-4.643373030303031,,1,,4.025568181818182,6.158550929193131,,"(0.4666666666666667, 0.058823529411764705, 0.9372549019607843)",True,True,True,True,87,110,23,"(0.20784313725490197, 0.788235294117647, 0.0)",False,,,,,False,,,,,False
120_Ge48Si72_114_013_a0.163522_b0.544379_c1.486533_interface3shift7,3,7,7,Ge,False,6.666666666666667,8,-35.08485951,-38.831661,-0.04167,0.04167,8,114,1,1,4,Si,False,8,-42.60220066,-45.400925,0.125,0.20833,12,013,0,1,3,0.163522,0.544379,1.486533,1.814228892,0.0,3.019487858,120,480,,,,,,4,,,,,,,,1,,,,,,True,False,False,False,,,,,False,,,,,False,,,,,
264_Sn108Si156_001_001_a0.0_b0.0_c0.0_interface1shift1swap5,1,1,1,Sn,False,3.0303030303030303,8,-29.90800429,-34.349418,-0.0339,0.0339,18,001,0,0,1,Si,False,8,-42.60220066,-45.400925,-0.04051,0.04051,26,001,0,0,1,0.0,0.0,0.0,0.586363971,0.0,1.176154613,264,1056,1145.44006734,,-4.531887809375,4.613448001098486,,4,,80.19318181818181,,,,,,1,,,,,,False,True,False,False,,,,,False,,,,,False,,,,,
264_Sn108Si156_001_001_a0.0_b0.0_c0.0_interface1shift1swap8,1,1,1,Sn,False,3.0303030303030303,8,-29.90800429,-34.349418,-0.0339,0.0339,18,001,0,0,1,Si,False,8,-42.60220066,-45.400925,-0.04051,0.04051,26,001,0,0,1,0.0,0.0,0.0,0.586363971,0.0,1.176154613,264,1056,1106.09623291,,-4.531887809375,4.464418325227273,,4,,74.5719696969697,,,,,,1,,,,,,False,True,False,False,,,,,False,,,,,False,,,,,
264_Sn108Si156_001_001_a0.07732_b0.082474_c2.1_interface1shift2swap3,1,2,2,Sn,False,3.0303030303030303,8,-29.90800429,-34.349418,-0.0339,0.0339,18,001,0,0,1,Si,False,8,-42.60220066,-45.400925,-0.04051,0.04051,26,001,0,0,1,0.07732,0.082474,2.1,0.586363971,0.0,1.176154613,264,1056,-1114.13728298,-1226.680025,-4.531887809375,-3.9455571137499996,-4.344430613636363,4,,25.397727272727273,-1309.492639,,-4.9843964375,-4.658114757575758,,1,,4.043560606060606,6.281030444964871,,"(0.4666666666666667, 0.058823529411764705, 0.9372549019607843)",True,True,True,True,117,50,67,"(0.5725490196078431, 0.4235294117647059, 0.0)",True,41,41,0,"(0.0, 1.0, 0.0)",False,,,,,False
264_Sn108Si156_001_001_a0.07732_b0.082474_c2.1_interface1shift6swap8,1,6,6,Sn,False,3.0303030303030303,8,-29.90800429,-34.349418,-0.0339,0.0339,18,001,0,0,1,Si,False,8,-42.60220066,-45.400925,-0.04051,0.04051,26,001,0,0,1,0.07732,0.082474,2.1,0.586363971,0.0,1.176154613,264,1056,-1118.41437207,,-4.531887809375,-3.9617582087878778,,4,,26.113636363636363,-1307.757931,,-4.9843964375,-4.651543893939395,,1,,3.4393939393939394,7.592511013215859,,"(0.4666666666666667, 0.058823529411764705, 0.9372549019607843)",True,True,True,True,103,67,36,"(0.34901960784313724, 0.6470588235294118, 0.0)",False,,,,,False,,,,,False
72_Ge48Si24_001_114_a0.075949_b0.81761_c1.495911_interface6shift6,6,6,6,Ge,False,11.11111111111111,8,-35.08485951,-38.831661,-0.03888,0.03888,8,001,0,0,1,Si,False,8,-42.60220066,-45.400925,-0.04167,0.04167,4,114,1,1,4,0.075949,0.81761,1.495911,4.008624077,0.0,2.267128229,72,288,-308.87839563,-342.339044,-4.855441260625,-3.210990770277778,-3.5848119166666663,4,,5.958333333333333,-360.610353,,-5.264536625,-3.8385800972222217,,1,,2.7118055555555554,2.1971830985915495,,"(0.3843137254901961, 0.2196078431372549, 0.7764705882352941)",True,False,True,True,129,149,20,"(0.13333333333333333, 0.8627450980392157, 0.0)",True,52,52,0,"(0.0, 1.0, 0.0)",False,,,,,False
216_Ge144Si72_011_013_a0.591195_b0.242604_c1.888632_interface4shift6,4,6,6,Ge,False,3.7037037037037033,8,-35.08485951,-38.831661,-0.0275,0.0275,24,011,0,1,1,Si,False,8,-42.60220066,-45.400925,0.125,0.20833,12,013,0,1,3,0.591195,0.242604,1.888632,1.814228892,0.0,3.019499779,216,864,-960.60698137,-1061.483254,-4.855441260625,-4.087592227777778,-4.524308648148148,4,,15.069444444444445,-1085.403291,,-5.264536625,-4.635049560185186,,1,,2.7858796296296298,5.409223099293726,,"(0.4588235294117647, 0.07058823529411765, 0.9254901960784314)",True,False,True,True,41,128,87,"(0.6784313725490196, 0.3176470588235294, 0.0)",True,32,22,10,"(0.30980392156862746, 0.6862745098039216, 0.0)",False,,,,,False
264_Sn108Si156_001_001_a0.07732_b0.082474_c2.1_interface1shift7swap2,1,7,7,Sn,False,3.0303030303030303,8,-29.90800429,-34.349418,-0.0339,0.0339,18,001,0,0,1,Si,False,8,-42.60220066,-45.400925,-0.04051,0.04051,26,001,0,0,1,0.07732,0.082474,2.1,0.586363971,0.0,1.176154613,264,1056,-1122.87814928,,-4.531887809375,-3.978666455795454,,4,,25.973484848484848,-1305.799627,,-4.9843964375,-4.644126075757576,,1,,3.0738636363636362,8.449784349969192,,"(0.4666666666666667, 0.058823529411764705, 0.9372549019607843)",True,True,True,True,67,104,37,"(0.35294117647058826, 0.6431372549019608, 0.0)",False,,,,,False,,,,,False
288_Si288_011_011_a0.0_b0.0_c0.0_interface2shift1swap1,2,1,1,Si,False,2.7777777777777777,8,-42.60220066,-45.400925,-0.02864,0.02864,24,011,0,1,1,Si,False,8,-42.60220066,-45.400925,-0.02864,0.02864,24,011,0,1,1,0.0,0.0,0.0,0.0,0.0,0.0,288,1152,,,,,,4,,,,,,,,1,,,,,,False,True,False,False,,,,,False,,,,,False,,,,,
120_Ge48Si72_001_011_a0.898734_b0.138365_c2.1_interface7shift7swap4,7,7,7,Ge,False,6.666666666666667,8,-35.08485951,-38.831661,-0.03888,0.03888,8,001,0,0,1,Si,False,8,-42.60220066,-45.400925,-0.02864,0.02864,12,011,0,1,1,0.898734,0.138365,2.1,4.008624077,0.0,2.267128229,120,480,,,,,,4,,,,,,,,1,,,,,,True,True,False,False,,,,,False,,,,,False,,,,,
120_Ge48Si72_001_011_a0.898734_b0.138365_c2.1_interface7shift2swap1,7,2,2,Ge,False,6.666666666666667,8,-35.08485951,-38.831661,-0.03888,0.03888,8,001,0,0,1,Si,False,8,-42.60220066,-45.400925,-0.02864,0.02864,12,011,0,1,1,0.898734,0.138365,2.1,4.008624077,0.0,2.267128229,120,480,,,,,,4,,,,,,,,1,,,,,,True,True,False,False,,,,,False,,,,,False,,,,,
120_C84Si36_012_012_a0.643939_b0.123457_c1.482413_interface14shift4,14,4,4,C,False,6.666666666666667,8,-69.80589084,-74.136955,0.29167,0.375,14,012,0,1,2,Si,False,8,-42.60220066,-45.400925,-0.04167,0.04167,6,012,0,1,2,0.643939,0.123457,1.482413,0.318931341,6.83e-06,0.636857748,120,480,,,,,,4,,,,,,,,1,,,,,,True,False,False,False,,,,,False,,,,,False,,,,,
144_Si144_011_011_a0.0_b0.0_c0.0_interface14shift1swap1,14,1,1,Si,False,5.555555555555555,8,-42.60220066,-45.400925,-0.02864,0.02864,12,011,0,1,1,Si,False,8,-42.60220066,-45.400925,-0.02864,0.02864,12,011,0,1,1,0.0,0.0,0.0,0.0,0.0,0.0,144,576,381.65164194,41.486267,-5.3252750825,3.242055855972222,0.9186674791666667,4,,13.319444444444445,-790.100983,,-5.675115625,-4.856243979166667,,1,,4.418402777777778,3.014538310412574,,"(0.4392156862745098, 0.10980392156862745, 0.8862745098039215)",False,True,False,True,148,4,144,"(0.9725490196078431, 0.023529411764705882, 0.0)",True,71,66,5,"(0.06666666666666667, 0.9294117647058824, 0.0)",False,,,,,False
120_Ge48Si72_001_011_a0.898734_b0.138365_c2.1_interface7shift5swap8,7,5,5,Ge,False,6.666666666666667,8,-35.08485951,-38.831661,-0.03888,0.03888,8,001,0,0,1,Si,False,8,-42.60220066,-45.400925,-0.02864,0.02864,12,011,0,1,1,0.898734,0.138365,2.1,4.008624077,0.0,2.267128229,120,480,,,,,,4,,,,,,,,1,,,,,,True,True,False,False,,,,,False,,,,,False,,,,,
120_Ge48Si72_001_011_a0.0_b0.0_c0.0_interface7shift1swap8,7,1,1,Ge,False,6.666666666666667,8,-35.08485951,-38.831661,-0.03888,0.03888,8,001,0,0,1,Si,False,8,-42.60220066,-45.400925,-0.02864,0.02864,12,011,0,1,1,0.0,0.0,0.0,4.008624077,0.0,2.267128229,120,480,,,,,,4,,,,,,,,1,,,,,,False,True,False,False,,,,,False,,,,,False,,,,,
120_C84Si36_012_012_a0.524691_b0.024691_c1.680068_interface13shift2,13,2,2,C,False,6.666666666666667,8,-69.80589084,-74.136955,0.29167,0.375,14,012,0,1,2,Si,False,8,-42.60220066,-45.400925,-0.04167,0.04167,6,012,0,1,2,0.524691,0.024691,1.680068,0.318931341,6.83e-06,0.636857748,120,480,,,,,,4,,,,,,,,1,,,,,,True,False,False,False,,,,,False,,,,,False,,,,,
120_C84Si36_012_012_a0.128788_b0.074074_c1.680068_interface15shift5,15,5,5,C,False,6.666666666666667,8,-69.80589084,-74.136955,-0.04167,0.04167,14,012,0,1,2,Si,False,8,-42.60220066,-45.400925,-0.04167,0.04167,6,012,0,1,2,0.128788,0.074074,1.680068,0.318931341,6.83e-06,0.636857748,120,480,,,,,,4,,,-920.347245,,-7.4711175,-6.673411375,,1,,,,,,True,False,False,False,,,,,False,,,,,False,,,,,False
120_C84Si36_012_012_a0.740741_b0.049383_c1.680068_interface13shift4,13,4,4,C,False,6.666666666666667,8,-69.80589084,-74.136955,0.29167,0.375,14,012,0,1,2,Si,False,8,-42.60220066,-45.400925,-0.04167,0.04167,6,012,0,1,2,0.740741,0.049383,1.680068,0.318931341,6.83e-06,0.636857748,120,480,,,,,,4,,,,,,,,1,,,,,,True,False,False,False,,,,,False,,,,,False,,,,,
380_C308Si72_111_111_a0.090909_b0.181818_c2.188944_interface4shift5,4,5,5,C,False,2.1052631578947367,8,-69.80589084,-74.136955,0.15625,0.17708,28,111,1,1,1,Si,False,8,-42.60220066,-45.400925,0.29825,0.36841,12,111,1,1,1,0.090909,0.181818,2.188944,0.31893608,0.0,0.636863708,380,1520,,,,,,4,,,,,,,,1,,,,,,True,False,False,False,,,,,False,,,,,False,,,,,
380_C308Si72_111_111_a0.075758_b0.015152_c2.072899_interface9shift5,9,5,5,C,False,2.1052631578947367,8,-69.80589084,-74.136955,0.19792,0.21875,28,111,1,1,1,Si,False,8,-42.60220066,-45.400925,-0.03508,0.03508,12,111,1,1,1,0.075758,0.015152,2.072899,0.31893608,0.0,0.636863708,380,1520,,,,,,4,,,,,,,,1,,,,,,True,False,False,False,,,,,False,,,,,False,,,,,
84_Ge48Si36_011_001_a0.0_b0.0_c0.0_interface9shift1,9,1,1,Ge,False,9.523809523809524,8,-35.08485951,-38.831661,-0.0275,0.0275,8,011,0,1,1,Si,False,8,-42.60220066,-45.400925,-0.04051,0.04051,6,001,0,0,1,0.0,0.0,0.0,4.008624554,0.0,2.267128229,84,336,1478.92639141,90109.486704,-4.855441260625,18.531112518809522,1073.7347534523808,4,,19.952380952380953,-424.691248,,-5.264536625,-4.05307930952381,,1,,4.255952380952381,4.688111888111887,,"(0.4, 0.18823529411764706, 0.807843137254902)",False,False,False,True,172,142,30,"(0.17254901960784313, 0.8235294117647058, 0.0)",True,95,99,4,"(0.0392156862745098, 0.9568627450980393, 0.0)",False,,,,,False
380_C308Si72_111_111_a0.0_b0.0_c0.0_interface8shift1,8,1,1,C,False,2.1052631578947367,8,-69.80589084,-74.136955,0.15625,0.17708,28,111,1,1,1,Si,False,8,-42.60220066,-45.400925,-0.03508,0.03508,12,111,1,1,1,0.0,0.0,0.0,0.31893608,0.0,0.636863708,380,1520,,,,,,4,,,,,,,,1,,,,,,False,False,False,False,,,,,False,,,,,False,,,,,
120_C84Si36_012_012_a0.135802_b0.549383_c1.58124_interface1shift3,1,3,3,C,False,6.666666666666667,8,-69.80589084,-74.136955,0.29167,0.375,14,012,0,1,2,Si,False,8,-42.60220066,-45.400925,-0.04167,0.04167,6,012,0,1,2,0.135802,0.549383,1.58124,0.318931341,0.0,0.636857748,120,480,,,,,,4,,,-931.962293,,-7.4711175,-6.770203441666667,,1,,,,,,True,False,False,False,,,,,False,,,,,False,,,,,False
72_Ge48Si24_001_114_a0.936709_b0.691824_c1.495911_interface8shift3,8,3,3,Ge,False,11.11111111111111,8,-35.08485951,-38.831661,-0.03888,0.03888,8,001,0,0,1,Si,False,8,-42.60220066,-45.400925,-0.04167,0.04167,4,114,1,1,4,0.936709,0.691824,1.495911,4.008624077,0.0,2.267128229,72,288,-316.68209261,-349.971522,-4.855441260625,-3.3193754505555555,-3.690818555555555,4,,6.097222222222222,-359.32898,,-5.264536625,-3.8207832500000003,,1,,2.25,2.7098765432098766,,"(0.3843137254901961, 0.2196078431372549, 0.7764705882352941)",True,False,True,True,125,156,31,"(0.19607843137254902, 0.8, 0.0)",True,48,48,0,"(0.0, 1.0, 0.0)",False,,,,,False
264_Sn108Si156_001_001_a0.07732_b0.082474_c2.1_interface2shift4swap3,2,4,4,Sn,False,3.0303030303030303,8,-29.90800429,-34.349418,-0.0339,0.0339,18,001,0,0,1,Si,False,8,-42.60220066,-45.400925,-0.04051,0.04051,26,001,0,0,1,0.07732,0.082474,2.1,0.586363971,0.0,1.176154613,264,1056,,,,,,4,,,-1306.50603,,-4.9843964375,-4.64680184469697,,1,,4.262310606060606,,,,True,True,False,False,,,,,False,,,,,False,,,,,False
120_C84Si36_012_012_a0.568182_b0.024691_c1.482413_interface14shift5,14,5,5,C,False,6.666666666666667,8,-69.80589084,-74.136955,0.29167,0.375,14,012,0,1,2,Si,False,8,-42.60220066,-45.400925,-0.04167,0.04167,6,012,0,1,2,0.568182,0.024691,1.482413,0.318931341,6.83e-06,0.636857748,120,480,,,,,,4,,,,,,,,1,,,,,,True,False,False,False,,,,,False,,,,,False,,,,,
120_Ge48Si72_001_011_a0.898734_b0.138365_c2.1_interface7shift8swap1,7,8,8,Ge,False,6.666666666666667,8,-35.08485951,-38.831661,-0.03888,0.03888,8,001,0,0,1,Si,False,8,-42.60220066,-45.400925,-0.02864,0.02864,12,011,0,1,1,0.898734,0.138365,2.1,4.008624077,0.0,2.267128229,120,480,,,,,,4,,,,,,,,1,,,,,,True,True,False,False,,,,,False,,,,,False,,,,,
120_Ge48Si72_001_011_a0.898734_b0.138365_c2.1_interface7shift5swap7,7,5,5,Ge,False,6.666666666666667,8,-35.08485951,-38.831661,-0.03888,0.03888,8,001,0,0,1,Si,False,8,-42.60220066,-45.400925,-0.02864,0.02864,12,011,0,1,1,0.898734,0.138365,2.1,4.008624077,0.0,2.267128229,120,480,,,,,,4,,,,,,,,1,,,,,,True,True,False,False,,,,,False,,,,,False,,,,,
264_Sn108Si156_001_001_a0.07732_b0.082474_c2.1_interface1shift2swap7,1,2,2,Sn,False,3.0303030303030303,8,-29.90800429,-34.349418,-0.0339,0.0339,18,001,0,0,1,Si,False,8,-42.60220066,-45.400925,-0.04051,0.04051,26,001,0,0,1,0.07732,0.082474,2.1,0.586363971,0.0,1.176154613,264,1056,-1122.76759195,,-4.531887809375,-3.9782476780303027,,4,,24.666666666666668,-1305.101116,,-4.9843964375,-4.641480200757576,,1,,4.540719696969697,5.432325338894682,,"(0.4666666666666667, 0.058823529411764705, 0.9372549019607843)",True,True,True,True,69,117,48,"(0.40784313725490196, 0.5882352941176471, 0.0)",False,,,,,False,,,,,False
380_C308Si72_111_111_a0.015152_b0.015152_c2.188944_interface10shift2,10,2,2,C,False,2.1052631578947367,8,-69.80589084,-74.136955,0.15625,0.17708,28,111,1,1,1,Si,False,8,-42.60220066,-45.400925,-0.03508,0.03508,12,111,1,1,1,0.015152,0.015152,2.188944,0.31893608,0.0,0.636863708,380,1520,,,,,,4,,,,,,,,1,,,,,,True,False,False,False,,,,,False,,,,,False,,,,,
120_C84Si36_012_012_a0.636364_b0.117284_c1.482413_interface14shift2,14,2,2,C,False,6.666666666666667,8,-69.80589084,-74.136955,0.29167,0.375,14,012,0,1,2,Si,False,8,-42.60220066,-45.400925,-0.04167,0.04167,6,012,0,1,2,0.636364,0.117284,1.482413,0.318931341,6.83e-06,0.636857748,120,480,,,,,,4,,,,,,,,1,,,,,,True,False,False,False,,,,,False,,,,,False,,,,,
264_Sn108Si156_001_001_a0.07732_b0.082474_c2.1_interface2shift2,2,2,2,Sn,False,3.0303030303030303,8,-29.90800429,-34.349418,-0.0339,0.0339,18,001,0,0,1,Si,False,8,-42.60220066,-45.400925,-0.04051,0.04051,26,001,0,0,1,0.07732,0.082474,2.1,0.586363971,0.0,1.176154613,264,1056,-1173.5870752,,-4.531887809375,-4.170745720643939,,4,,22.143939393939394,-1321.399218,,-4.9843964375,-4.703215435606061,,1,,2.4952651515151514,8.87438330170778,,"(0.4666666666666667, 0.058823529411764705, 0.9372549019607843)",True,False,True,True,17,43,26,"(0.6039215686274509, 0.39215686274509803, 0.0)",False,,,,,False,,,,,False
288_Si288_011_011_a0.0_b0.0_c0.0_interface2shift1,2,1,1,Si,False,2.7777777777777777,8,-42.60220066,-45.400925,-0.02864,0.02864,24,011,0,1,1,Si,False,8,-42.60220066,-45.400925,-0.02864,0.02864,24,011,0,1,1,0.0,0.0,0.0,0.0,0.0,0.0,288,1152,,,,,,4,,,,,,,,1,,,,,,False,False,False,False,,,,,False,,,,,False,,,,,
72_Ge48Si24_001_114_a0.43038_b0.188679_c1.495911_interface8shift6,8,6,6,Ge,False,11.11111111111111,8,-35.08485951,-38.831661,-0.03888,0.03888,8,001,0,0,1,Si,False,8,-42.60220066,-45.400925,-0.04167,0.04167,4,114,1,1,4,0.43038,0.188679,1.495911,4.008624077,0.0,2.267128229,72,288,-316.86925067,-350.174099,-4.855441260625,-3.3219748680555554,-3.6936321249999997,4,,6.319444444444445,-361.398283,,-5.264536625,-3.849523569444445,,1,,2.013888888888889,3.137931034482759,,"(0.3843137254901961, 0.2196078431372549, 0.7764705882352941)",True,False,True,True,120,144,24,"(0.16470588235294117, 0.8313725490196079, 0.0)",True,43,43,0,"(0.0, 1.0, 0.0)",False,,,,,False
216_Ge144Si72_011_013_a0.345912_b0.579882_c1.888632_interface4shift1,4,1,1,Ge,False,3.7037037037037033,8,-35.08485951,-38.831661,-0.0275,0.0275,24,011,0,1,1,Si,False,8,-42.60220066,-45.400925,0.125,0.20833,12,013,0,1,3,0.345912,0.579882,1.888632,1.814228892,0.0,3.019499779,216,864,-960.63543755,-1061.505752,-4.855441260625,-4.087723969351852,-4.5244128055555555,4,,15.25,-1085.299642,,-5.264536625,-4.634569703703703,,1,,3.3275462962962963,4.58295652173913,,"(0.4588235294117647, 0.07058823529411765, 0.9254901960784314)",True,False,True,True,36,132,96,"(0.7254901960784313, 0.27058823529411763, 0.0)",True,27,19,8,"(0.29411764705882354, 0.7019607843137254, 0.0)",False,,,,,False
300_C264Si36_011_012_a0.871795_b0.024096_c1.889863_interface16shift3,16,3,3,C,False,2.666666666666667,8,-69.80589084,-74.136955,-0.04167,0.04167,44,011,0,1,1,Si,False,8,-42.60220066,-45.400925,-0.04167,0.04167,6,012,0,1,2,0.871795,0.024096,1.889863,2.657271385,0.0,0.022858381,300,1200,,,,,,4,,,,,,,,1,,,,,,True,False,False,False,,,,,False,,,,,False,,,,,
264_Sn108Si156_001_001_a0.07732_b0.082474_c2.1_interface1shift1swap8,1,1,1,Sn,False,3.0303030303030303,8,-29.90800429,-34.349418,-0.0339,0.0339,18,001,0,0,1,Si,False,8,-42.60220066,-45.400925,-0.04051,0.04051,26,001,0,0,1,0.07732,0.082474,2.1,0.586363971,0.0,1.176154613,264,1056,-1116.06267132,,-4.531887809375,-3.9528502514015145,,4,,25.647727272727273,-1308.504305,,-4.9843964375,-4.654371068181818,,1,,5.273674242424242,4.863350691326989,,"(0.4666666666666667, 0.058823529411764705, 0.9372549019607843)",True,True,True,True,115,59,56,"(0.48627450980392156, 0.5098039215686274, 0.0)",False,,,,,False,,,,,False
120_C84Si36_012_012_a0.067901_b0.91358_c1.58124_interface1shift1,1,1,1,C,False,6.666666666666667,8,-69.80589084,-74.136955,0.29167,0.375,14,012,0,1,2,Si,False,8,-42.60220066,-45.400925,-0.04167,0.04167,6,012,0,1,2,0.067901,0.91358,1.58124,0.318931341,0.0,0.636857748,120,480,,,,,,4,,,-938.041433,,-7.4711175,-6.8208629416666655,,1,,,,,,True,False,False,False,,,,,False,,,,,False,,,,,False
120_Ge48Si72_001_011_a0.898734_b0.138365_c2.1_interface7shift8swap5,7,8,8,Ge,False,6.666666666666667,8,-35.08485951,-38.831661,-0.03888,0.03888,8,001,0,0,1,Si,False,8,-42.60220066,-45.400925,-0.02864,0.02864,12,011,0,1,1,0.898734,0.138365,2.1,4.008624077,0.0,2.267128229,120,480,,,,,,4,,,,,,,,1,,,,,,True,True,False,False,,,,,False,,,,,False,,,,,
264_Sn108Si156_001_001_a0.07732_b0.082474_c2.1_interface1shift2swap8,1,2,2,Sn,False,3.0303030303030303,8,-29.90800429,-34.349418,-0.0339,0.0339,18,001,0,0,1,Si,False,8,-42.60220066,-45.400925,-0.04051,0.04051,26,001,0,0,1,0.07732,0.082474,2.1,0.586363971,0.0,1.176154613,264,1056,-1116.23407156,,-4.531887809375,-3.9534994947348485,,4,,25.810606060606062,-1308.074062,,-4.9843964375,-4.652741359848485,,1,,4.601325757575758,5.609384647046718,,"(0.4666666666666667, 0.058823529411764705, 0.9372549019607843)",True,True,True,True,114,62,52,"(0.4549019607843137, 0.5411764705882353, 0.0)",False,,,,,False,,,,,False
264_Sn108Si156_001_001_a0.07732_b0.082474_c2.1_interface1shift5swap1,1,5,5,Sn,False,3.0303030303030303,8,-29.90800429,-34.349418,-0.0339,0.0339,18,001,0,0,1,Si,False,8,-42.60220066,-45.400925,-0.04051,0.04051,26,001,0,0,1,0.07732,0.082474,2.1,0.586363971,0.0,1.176154613,264,1056,-1125.66453465,,-4.531887809375,-3.9892209458333325,,4,,24.78787878787879,-1305.511812,,-4.9843964375,-4.643035867424243,,1,,3.1704545454545454,7.8183990442054965,,"(0.4666666666666667, 0.058823529411764705, 0.9372549019607843)",True,True,True,True,43,112,69,"(0.615686274509804, 0.3803921568627451, 0.0)",False,,,,,False,,,,,False
120_Ge48Si72_001_011_a0.898734_b0.138365_c2.1_interface7shift2swap3,7,2,2,Ge,False,6.666666666666667,8,-35.08485951,-38.831661,-0.03888,0.03888,8,001,0,0,1,Si,False,8,-42.60220066,-45.400925,-0.02864,0.02864,12,011,0,1,1,0.898734,0.138365,2.1,4.008624077,0.0,2.267128229,120,480,,,,,,4,,,,,,,,1,,,,,,True,True,False,False,,,,,False,,,,,False,,,,,
48_Si48_001_001_a0.0_b0.0_c0.0_interface8shift1swap1,8,1,1,Si,False,16.666666666666664,8,-42.60220066,-45.400925,-0.04051,0.04051,4,001,0,0,1,Si,False,8,-42.60220066,-45.400925,-0.04051,0.04051,4,001,0,0,1,0.0,0.0,0.0,0.0,0.0,0.0,48,192,78.26737536,30.850974,-5.3252750825,3.405662014166667,2.5344338333333334,4,,3.8333333333333335,-248.395322,,-5.675115625,-3.2831973333333333,,1,,0.9791666666666666,3.914893617021277,,"(0.32941176470588235, 0.32941176470588235, 0.6666666666666666)",False,True,False,True,151,175,24,"(0.13333333333333333, 0.8627450980392157, 0.0)",True,74,74,0,"(0.0, 1.0, 0.0)",False,,,,,False
228_Ge108Si120_001_001_a0.745562_b0.266272_c2.0_interface2shift8,2,8,8,Ge,False,3.508771929824561,8,-35.08485951,-38.831661,-0.03888,0.03888,18,001,0,0,1,Si,False,8,-42.60220066,-45.400925,-0.04051,0.04051,20,001,0,0,1,0.745562,0.266272,2.0,1.183802485,0.0,2.38161087,228,912,-1063.52964972,-1155.647761,-4.855441260625,-4.323871006798246,-4.699189364035088,4,,14.232456140350877,-1186.132832,,-5.264536625,-4.832895815789474,,1,,2.768640350877193,5.14059405940594,,"(0.4627450980392157, 0.06666666666666667, 0.9294117647058824)",True,False,True,True,14,7,7,"(0.4980392156862745, 0.4980392156862745, 0.0)",True,14,13,1,"(0.07058823529411765, 0.9254901960784314, 0.0)",False,,,,,False
264_Sn108Si156_001_001_a0.07732_b0.082474_c2.1_interface2shift5swap5,2,5,5,Sn,False,3.0303030303030303,8,-29.90800429,-34.349418,-0.0339,0.0339,18,001,0,0,1,Si,False,8,-42.60220066,-45.400925,-0.04051,0.04051,26,001,0,0,1,0.07732,0.082474,2.1,0.586363971,0.0,1.176154613,264,1056,,,,,,4,,,-1304.845818,,-4.9843964375,-4.640513162878788,,1,,3.7556818181818183,,,,True,True,False,False,,,,,False,,,,,False,,,,,False
264_Sn108Si156_001_001_a0.07732_b0.082474_c2.1_interface2shift7swap4,2,7,7,Sn,False,3.0303030303030303,8,-29.90800429,-34.349418,-0.0339,0.0339,18,001,0,0,1,Si,False,8,-42.60220066,-45.400925,-0.04051,0.04051,26,001,0,0,1,0.07732,0.082474,2.1,0.586363971,0.0,1.176154613,264,1056,,,,,,4,,,-1304.745259,,-4.9843964375,-4.6401322575757575,,1,,5.78219696969697,,,,True,True,False,False,,,,,False,,,,,False,,,,,False
380_C308Si72_111_111_a0.083333_b0.098485_c2.072899_interface5shift7,5,7,7,C,False,2.1052631578947367,8,-69.80589084,-74.136955,0.19792,0.21875,28,111,1,1,1,Si,False,8,-42.60220066,-45.400925,0.29825,0.36841,12,111,1,1,1,0.083333,0.098485,2.072899,0.31893608,0.0,0.636863708,380,1520,,,,,,4,,,,,,,,1,,,,,,True,False,False,False,,,,,False,,,,,False,,,,,
120_Ge48Si72_001_011_a0.0_b0.0_c0.0_interface7shift1swap6,7,1,1,Ge,False,6.666666666666667,8,-35.08485951,-38.831661,-0.03888,0.03888,8,001,0,0,1,Si,False,8,-42.60220066,-45.400925,-0.02864,0.02864,12,011,0,1,1,0.0,0.0,0.0,4.008624077,0.0,2.267128229,120,480,,,,,,4,,,,,,,,1,,,,,,False,True,False,False,,,,,False,,,,,False,,,,,
380_C308Si72_111_111_a0.181818_b0.007576_c2.188944_interface10shift3,10,3,3,C,False,2.1052631578947367,8,-69.80589084,-74.136955,0.15625,0.17708,28,111,1,1,1,Si,False,8,-42.60220066,-45.400925,-0.03508,0.03508,12,111,1,1,1,0.181818,0.007576,2.188944,0.31893608,0.0,0.636863708,380,1520,,,,,,4,,,,,,,,1,,,,,,True,False,False,False,,,,,False,,,,,False,,,,,
120_Ge48Si72_001_011_a0.898734_b0.138365_c2.1_interface7shift2swap6,7,2,2,Ge,False,6.666666666666667,8,-35.08485951,-38.831661,-0.03888,0.03888,8,001,0,0,1,Si,False,8,-42.60220066,-45.400925,-0.02864,0.02864,12,011,0,1,1,0.898734,0.138365,2.1,4.008624077,0.0,2.267128229,120,480,,,,,,4,,,,,,,,1,,,,,,True,True,False,False,,,,,False,,,,,False,,,,,
120_Sn48Si72_011_011_a0.0_b0.0_c0.0_interface9shift1,9,1,1,Sn,False,6.666666666666667,8,-29.90800429,-34.349418,-0.02397,0.02397,8,011,0,1,1,Si,False,8,-42.60220066,-45.400925,-0.02864,0.02864,12,011,0,1,1,0.0,0.0,0.0,2.50246191,0.0,5.067539215,120,480,302.57792754,65.970285,-4.531887809375,3.125734437416667,1.2143385666666666,4,,5.033333333333333,-608.184162,,-4.9843964375,-4.403615158333333,,1,,8.489583333333334,0.5928834355828221,,"(0.43137254901960786, 0.13333333333333333, 0.8666666666666667)",False,False,False,True,147,136,11,"(0.07450980392156863, 0.9215686274509803, 0.0)",True,70,70,0,"(0.0, 1.0, 0.0)",False,,,,,False
48_Si48_114_114_a0.0_b0.0_c0.0_interface16shift1,16,1,1,Si,False,16.666666666666664,8,-42.60220066,-45.400925,-0.04167,0.04167,4,114,1,1,4,Si,False,8,-42.60220066,-45.400925,-0.04167,0.04167,4,114,1,1,4,0.0,0.0,0.0,0.0,0.0,0.0,48,192,-91.68104666,-117.817737,-5.3252750825,-0.1349301112500001,-0.5628309791666665,4,,3.4375,-263.544589,,-5.675115625,-3.5988070624999993,,1,,2.140625,1.6058394160583942,,"(0.32941176470588235, 0.32941176470588235, 0.6666666666666666)",False,False,True,True,136,169,33,"(0.19215686274509805, 0.803921568627451, 0.0)",True,59,62,3,"(0.047058823529411764, 0.9490196078431372, 0.0)",False,,,,,False
264_Sn108Si156_001_001_a0.07732_b0.082474_c2.1_interface1shift5,1,5,5,Sn,False,3.0303030303030303,8,-29.90800429,-34.349418,-0.0339,0.0339,18,001,0,0,1,Si,False,8,-42.60220066,-45.400925,-0.04051,0.04051,26,001,0,0,1,0.07732,0.082474,2.1,0.586363971,0.0,1.176154613,264,1056,-1173.58306223,,-4.531887809375,-4.170730519999999,,4,,21.984848484848484,-1321.404501,,-4.9843964375,-4.703235446969697,,1,,3.090909090909091,7.112745098039216,,"(0.4666666666666667, 0.058823529411764705, 0.9372549019607843)",True,False,True,True,20,41,21,"(0.5098039215686274, 0.48627450980392156, 0.0)",False,,,,,False,,,,,False
264_Sn108Si156_001_001_a0.07732_b0.082474_c2.1_interface2shift5swap6,2,5,5,Sn,False,3.0303030303030303,8,-29.90800429,-34.349418,-0.0339,0.0339,18,001,0,0,1,Si,False,8,-42.60220066,-45.400925,-0.04051,0.04051,26,001,0,0,1,0.07732,0.082474,2.1,0.586363971,0.0,1.176154613,264,1056,,,,,,4,,,-1305.252298,,-4.9843964375,-4.642052859848485,,1,,3.953598484848485,,,,True,True,False,False,,,,,False,,,,,False,,,,,False
216_Ge144Si72_011_013_a0.08805_b0.242604_c1.888632_interface4shift8,4,8,8,Ge,False,3.7037037037037033,8,-35.08485951,-38.831661,-0.0275,0.0275,24,011,0,1,1,Si,False,8,-42.60220066,-45.400925,0.125,0.20833,12,013,0,1,3,0.08805,0.242604,1.888632,1.814228892,0.0,3.019499779,216,864,-960.61548369,-1061.475564,-4.855441260625,-4.08763159037037,-4.524273046296297,4,,14.847222222222221,-1085.403736,,-5.264536625,-4.63505162037037,,1,,3.1122685185185186,4.770546671625139,,"(0.4588235294117647, 0.07058823529411765, 0.9254901960784314)",True,False,True,True,38,125,87,"(0.6941176470588235, 0.30196078431372547, 0.0)",True,29,24,5,"(0.16862745098039217, 0.8274509803921568, 0.0)",False,,,,,False
264_Sn108Si156_001_001_a0.07732_b0.082474_c2.1_interface1shift6swap1,1,6,6,Sn,False,3.0303030303030303,8,-29.90800429,-34.349418,-0.0339,0.0339,18,001,0,0,1,Si,False,8,-42.60220066,-45.400925,-0.04051,0.04051,26,001,0,0,1,0.07732,0.082474,2.1,0.586363971,0.0,1.176154613,264,1056,-1122.42389025,,-4.531887809375,-3.9769457776515154,,4,,24.772727272727273,-1305.942144,,-4.9843964375,-4.644665912878788,,1,,4.62405303030303,5.357362277288552,,"(0.4666666666666667, 0.058823529411764705, 0.9372549019607843)",True,True,True,True,72,97,25,"(0.2549019607843137, 0.7411764705882353, 0.0)",False,,,,,False,,,,,False
120_Ge48Si72_001_011_a0.898734_b0.138365_c2.1_interface7shift4swap6,7,4,4,Ge,False,6.666666666666667,8,-35.08485951,-38.831661,-0.03888,0.03888,8,001,0,0,1,Si,False,8,-42.60220066,-45.400925,-0.02864,0.02864,12,011,0,1,1,0.898734,0.138365,2.1,4.008624077,0.0,2.267128229,120,480,,,,,,4,,,,,,,,1,,,,,,True,True,False,False,,,,,False,,,,,False,,,,,
156_Ge48Si108_114_001_a0.163522_b0.473373_c1.585635_interface5shift5,5,5,5,Ge,False,5.128205128205128,8,-35.08485951,-38.831661,-0.04167,0.04167,8,114,1,1,4,Si,False,8,-42.60220066,-45.400925,-0.04051,0.04051,18,001,0,0,1,0.163522,0.473373,1.585635,4.008629799,0.0,2.267122269,156,624,-717.81548024,-783.90823,-4.855441260625,-4.103387308141026,-4.485100282051282,4,,9.237179487179487,-825.6859,,-5.264536625,-4.7529058589743585,,1,,4.0625,2.273767258382643,,"(0.44313725490196076, 0.10196078431372549, 0.8941176470588236)",True,False,True,True,26,27,1,"(0.03529411764705882, 0.9607843137254902, 0.0)",True,17,25,8,"(0.3176470588235294, 0.6784313725490196, 0.0)",False,,,,,False
264_Sn108Si156_001_001_a0.07732_b0.082474_c2.1_interface2shift1swap4,2,1,1,Sn,False,3.0303030303030303,8,-29.90800429,-34.349418,-0.0339,0.0339,18,001,0,0,1,Si,False,8,-42.60220066,-45.400925,-0.04051,0.04051,26,001,0,0,1,0.07732,0.082474,2.1,0.586363971,0.0,1.176154613,264,1056,-1121.5896325,,-4.531887809375,-3.9737857104166667,,4,,23.473484848484848,-1308.942447,,-4.9843964375,-4.6560306969696965,,1,,4.857007575757576,4.832910898810684,,"(0.4666666666666667, 0.058823529411764705, 0.9372549019607843)",True,True,True,True,83,55,28,"(0.33725490196078434, 0.6588235294117647, 0.0)",False,,,,,False,,,,,False
264_Sn108Si156_001_001_a0.07732_b0.082474_c2.1_interface2shift2swap6,2,2,2,Sn,False,3.0303030303030303,8,-29.90800429,-34.349418,-0.0339,0.0339,18,001,0,0,1,Si,False,8,-42.60220066,-45.400925,-0.04051,0.04051,26,001,0,0,1,0.07732,0.082474,2.1,0.586363971,0.0,1.176154613,264,1056,-1121.8585767,,-4.531887809375,-3.974804438446969,,4,,25.765151515151516,-1306.337386,,-4.9843964375,-4.646163041666667,,1,,5.232954545454546,4.9236337314513205,,"(0.4666666666666667, 0.058823529411764705, 0.9372549019607843)",True,True,True,True,78,89,11,"(0.12156862745098039, 0.8745098039215686, 0.0)",False,,,,,False,,,,,False
120_Ge48Si72_001_011_a0.898734_b0.138365_c2.1_interface7shift1swap6,7,1,1,Ge,False,6.666666666666667,8,-35.08485951,-38.831661,-0.03888,0.03888,8,001,0,0,1,Si,False,8,-42.60220066,-45.400925,-0.02864,0.02864,12,011,0,1,1,0.898734,0.138365,2.1,4.008624077,0.0,2.267128229,120,480,,,,,,4,,,,,,,,1,,,,,,True,True,False,False,,,,,False,,,,,False,,,,,
156_Ge48Si108_114_001_a0.289308_b0.224852_c1.585635_interface5shift8,5,8,8,Ge,False,5.128205128205128,8,-35.08485951,-38.831661,-0.04167,0.04167,8,114,1,1,4,Si,False,8,-42.60220066,-45.400925,-0.04051,0.04051,18,001,0,0,1,0.289308,0.224852,1.585635,4.008629799,0.0,2.267122269,156,624,-717.27806328,-783.629337,-4.855441260625,-4.099942327628205,-4.483312506410256,4,,9.012820512820513,-825.195624,,-5.264536625,-4.749763064102564,,1,,3.371794871794872,2.673003802281369,,"(0.44313725490196076, 0.10196078431372549, 0.8941176470588236)",True,False,True,True,30,30,0,"(0.0, 1.0, 0.0)",True,21,30,9,"(0.2980392156862745, 0.6980392156862745, 0.0)",False,,,,,False
120_C84Si36_012_012_a0.055556_b0.901235_c1.58124_interface1shift7,1,7,7,C,False,6.666666666666667,8,-69.80589084,-74.136955,0.29167,0.375,14,012,0,1,2,Si,False,8,-42.60220066,-45.400925,-0.04167,0.04167,6,012,0,1,2,0.055556,0.901235,1.58124,0.318931341,0.0,0.636857748,120,480,,,,,,4,,,-931.963323,,-7.4711175,-6.770212025,,1,,,,,,True,False,False,False,,,,,False,,,,,False,,,,,False
228_Ge108Si120_001_001_a0.0_b0.0_c0.0_interface1shift1,1,1,1,Ge,False,3.508771929824561,8,-35.08485951,-38.831661,-0.03888,0.03888,18,001,0,0,1,Si,False,8,-42.60220066,-45.400925,-0.04051,0.04051,20,001,0,0,1,0.0,0.0,0.0,1.183802485,0.0,2.38161087,228,912,920.53243239,1494.226409,-4.855441260625,4.378155669122807,,4,,21.714912280701753,,,,,,1,,,,,,False,False,False,False,,,,,False,,,,,False,,,,,
264_Sn108Si156_001_001_a0.07732_b0.082474_c2.1_interface2shift4swap5,2,4,4,Sn,False,3.0303030303030303,8,-29.90800429,-34.349418,-0.0339,0.0339,18,001,0,0,1,Si,False,8,-42.60220066,-45.400925,-0.04051,0.04051,26,001,0,0,1,0.07732,0.082474,2.1,0.586363971,0.0,1.176154613,264,1056,,,,,,4,,,-1303.541512,,-4.9843964375,-4.635572609848485,,1,,3.362689393939394,,,,True,True,False,False,,,,,False,,,,,False,,,,,False
264_Sn108Si156_001_001_a0.07732_b0.082474_c2.1_interface1shift1swap6,1,1,1,Sn,False,3.0303030303030303,8,-29.90800429,-34.349418,-0.0339,0.0339,18,001,0,0,1,Si,False,8,-42.60220066,-45.400925,-0.04051,0.04051,26,001,0,0,1,0.07732,0.082474,2.1,0.586363971,0.0,1.176154613,264,1056,-1118.05682201,-1229.607021,-4.531887809375,-3.9604038524999994,-4.35551771969697,4,,25.170454545454547,-1308.525532,,-4.9843964375,-4.6544514734848494,,1,,4.971590909090909,5.062857142857143,,"(0.4666666666666667, 0.058823529411764705, 0.9372549019607843)",True,True,True,True,106,58,48,"(0.45098039215686275, 0.5450980392156862, 0.0)",True,37,39,2,"(0.050980392156862744, 0.9450980392156862, 0.0)",False,,,,,False
120_Ge48Si72_001_011_a0.898734_b0.138365_c2.1_interface7shift3swap1,7,3,3,Ge,False,6.666666666666667,8,-35.08485951,-38.831661,-0.03888,0.03888,8,001,0,0,1,Si,False,8,-42.60220066,-45.400925,-0.02864,0.02864,12,011,0,1,1,0.898734,0.138365,2.1,4.008624077,0.0,2.267128229,120,480,,,,,,4,,,,,,,,1,,,,,,True,True,False,False,,,,,False,,,,,False,,,,,
264_Sn108Si156_001_001_a0.07732_b0.082474_c2.1_interface1shift2swap2,1,2,2,Sn,False,3.0303030303030303,8,-29.90800429,-34.349418,-0.0339,0.0339,18,001,0,0,1,Si,False,8,-42.60220066,-45.400925,-0.04051,0.04051,26,001,0,0,1,0.07732,0.082474,2.1,0.586363971,0.0,1.176154613,264,1056,-1121.65773268,-1233.0037,-4.531887809375,-3.974043665643939,-4.368383928030303,4,,24.62878787878788,-1306.498802,,-4.9843964375,-4.6467744659090915,,1,,3.5577651515151514,6.922544583444238,,"(0.4666666666666667, 0.058823529411764705, 0.9372549019607843)",True,True,True,True,82,85,3,"(0.03529411764705882, 0.9647058823529412, 0.0)",True,33,33,0,"(0.0, 1.0, 0.0)",False,,,,,False
264_Sn108Si156_001_001_a0.07732_b0.082474_c2.1_interface1shift1,1,1,1,Sn,False,3.0303030303030303,8,-29.90800429,-34.349418,-0.0339,0.0339,18,001,0,0,1,Si,False,8,-42.60220066,-45.400925,-0.04051,0.04051,26,001,0,0,1,0.07732,0.082474,2.1,0.586363971,0.0,1.176154613,264,1056,-1172.09618178,-1283.998197,-4.531887809375,-4.165098397083333,-4.561544901515151,4,,22.685606060606062,-1322.769552,,-4.9843964375,-4.7084060946969695,,1,,3.430871212121212,6.612199834391389,,"(0.4666666666666667, 0.058823529411764705, 0.9372549019607843)",True,False,True,True,23,37,14,"(0.3764705882352941, 0.6196078431372549, 0.0)",True,16,16,0,"(0.0, 1.0, 0.0)",False,,,,,False
96_Sn48Si48_111_112_a0.0_b0.0_c0.0_interface4shift1,4,1,1,Sn,False,8.333333333333332,8,-29.90800429,-34.349418,-0.02936,0.02936,8,111,1,1,1,Si,False,8,-42.60220066,-45.400925,-0.04167,0.04167,8,112,1,1,2,0.0,0.0,0.0,3.35974741,0.0,0.941371918,96,384,,,,,,4,,,-467.444434,,-4.9843964375,-4.038480114583333,,1,,7.1171875,,,,False,False,False,False,,,,,False,,,,,False,,,,,False
48_Si48_001_122_a0.0_b0.0_c0.0_interface10shift1,10,1,1,Si,False,16.666666666666664,8,-42.60220066,-45.400925,-0.04051,0.04051,6,001,0,0,1,Si,False,8,-42.60220066,-45.400925,-0.04167,0.04167,2,122,1,2,2,0.0,0.0,0.0,0.0,0.0,0.0,48,192,90.56263777,35.495873,-5.3252750825,3.661813314375,2.6312025625,4,,4.083333333333333,-264.309983,,-5.675115625,-3.614752770833333,,1,,5.046875,0.8090815273477812,,"(0.32941176470588235, 0.32941176470588235, 0.6666666666666666)",False,False,False,True,153,166,13,"(0.07450980392156863, 0.9215686274509803, 0.0)",True,76,76,0,"(0.0, 1.0, 0.0)",False,,,,,False
72_Ge48Si24_001_114_a0.0_b0.0_c0.0_interface6shift1,6,1,1,Ge,False,11.11111111111111,8,-35.08485951,-38.831661,-0.03888,0.03888,8,001,0,0,1,Si,False,8,-42.60220066,-45.400925,-0.04167,0.04167,4,114,1,1,4,0.0,0.0,0.0,4.008624077,0.0,2.267128229,72,288,533.53669555,890.873021,-4.855441260625,8.489218829444445,13.543133430555557,4,,8.333333333333334,-359.659101,,-5.264536625,-3.8253682638888886,,1,,4.225694444444445,1.972062448644207,,"(0.3843137254901961, 0.2196078431372549, 0.7764705882352941)",False,False,False,True,167,155,12,"(0.07058823529411765, 0.9254901960784314, 0.0)",True,90,85,5,"(0.054901960784313725, 0.9411764705882353, 0.0)",False,,,,,False
264_Sn108Si156_001_001_a0.07732_b0.082474_c2.1_interface2shift6swap6,2,6,6,Sn,False,3.0303030303030303,8,-29.90800429,-34.349418,-0.0339,0.0339,18,001,0,0,1,Si,False,8,-42.60220066,-45.400925,-0.04051,0.04051,26,001,0,0,1,0.07732,0.082474,2.1,0.586363971,0.0,1.176154613,264,1056,,,,,,4,,,-1306.968735,,-4.9843964375,-4.648554515151515,,1,,4.975378787878788,,,,True,True,False,False,,,,,False,,,,,False,,,,,False
264_Sn108Si156_001_001_a0.0_b0.0_c0.0_interface1shift1swap4,1,1,1,Sn,False,3.0303030303030303,8,-29.90800429,-34.349418,-0.0339,0.0339,18,001,0,0,1,Si,False,8,-42.60220066,-45.400925,-0.04051,0.04051,26,001,0,0,1,0.0,0.0,0.0,0.586363971,0.0,1.176154613,264,1056,1213.68427473,,-4.531887809375,4.871948786666667,,4,,79.99621212121212,,,,,,1,,,,,,False,True,False,False,,,,,False,,,,,False,,,,,
72_Ge48Si24_001_114_a0.329114_b0.566038_c1.495911_interface6shift4,6,4,4,Ge,False,11.11111111111111,8,-35.08485951,-38.831661,-0.03888,0.03888,8,001,0,0,1,Si,False,8,-42.60220066,-45.400925,-0.04167,0.04167,4,114,1,1,4,0.329114,0.566038,1.495911,4.008624077,0.0,2.267128229,72,288,-308.48799533,-342.031766,-4.855441260625,-3.205568543888889,-3.5805441666666664,4,,6.597222222222222,-360.610176,,-5.264536625,-3.8385776388888897,,1,,2.65625,2.4836601307189543,,"(0.3843137254901961, 0.2196078431372549, 0.7764705882352941)",True,False,True,True,130,151,21,"(0.13725490196078433, 0.8588235294117647, 0.0)",True,53,53,0,"(0.0, 1.0, 0.0)",False,,,,,False
72_Ge48Si24_001_114_a0.936709_b0.188679_c1.495911_interface8shift5,8,5,5,Ge,False,11.11111111111111,8,-35.08485951,-38.831661,-0.03888,0.03888,8,001,0,0,1,Si,False,8,-42.60220066,-45.400925,-0.04167,0.04167,4,114,1,1,4,0.936709,0.188679,1.495911,4.008624077,0.0,2.267128229,72,288,-316.82436704,-350.154133,-4.855441260625,-3.321351484305556,-3.693354819444445,4,,6.319444444444445,-359.328642,,-5.264536625,-3.820778555555555,,1,,2.1979166666666665,2.8751974723538707,,"(0.3843137254901961, 0.2196078431372549, 0.7764705882352941)",True,False,True,True,121,158,37,"(0.23137254901960785, 0.7647058823529411, 0.0)",True,44,44,0,"(0.0, 1.0, 0.0)",False,,,,,False
380_C308Si72_111_111_a0.174242_b0.0_c2.188944_interface8shift6,8,6,6,C,False,2.1052631578947367,8,-69.80589084,-74.136955,0.15625,0.17708,28,111,1,1,1,Si,False,8,-42.60220066,-45.400925,-0.03508,0.03508,12,111,1,1,1,0.174242,0.0,2.188944,0.31893608,0.0,0.636863708,380,1520,,,,,,4,,,,,,,,1,,,,,,True,False,False,False,,,,,False,,,,,False,,,,,
380_C308Si72_111_111_a0.136364_b0.037879_c2.072898_interface7shift2,7,2,2,C,False,2.1052631578947367,8,-69.80589084,-74.136955,0.19792,0.21875,28,111,1,1,1,Si,False,8,-42.60220066,-45.400925,0.29825,0.36841,12,111,1,1,1,0.136364,0.037879,2.072898,0.31893608,0.0,0.636863708,380,1520,,,,,,4,,,,,,,,1,,,,,,True,False,False,False,,,,,False,,,,,False,,,,,
120_Ge48Si72_001_011_a0.898734_b0.138365_c2.1_interface7shift2swap7,7,2,2,Ge,False,6.666666666666667,8,-35.08485951,-38.831661,-0.03888,0.03888,8,001,0,0,1,Si,False,8,-42.60220066,-45.400925,-0.02864,0.02864,12,011,0,1,1,0.898734,0.138365,2.1,4.008624077,0.0,2.267128229,120,480,,,,,,4,,,,,,,,1,,,,,,True,True,False,False,,,,,False,,,,,False,,,,,
380_C308Si72_111_111_a0.174242_b0.0_c2.072899_interface9shift8,9,8,8,C,False,2.1052631578947367,8,-69.80589084,-74.136955,0.19792,0.21875,28,111,1,1,1,Si,False,8,-42.60220066,-45.400925,-0.03508,0.03508,12,111,1,1,1,0.174242,0.0,2.072899,0.31893608,0.0,0.636863708,380,1520,,,,,,4,,,,,,,,1,,,,,,True,False,False,False,,,,,False,,,,,False,,,,,
72_Ge48Si24_001_114_a0.329114_b0.81761_c1.495911_interface6shift2,6,2,2,Ge,False,11.11111111111111,8,-35.08485951,-38.831661,-0.03888,0.03888,8,001,0,0,1,Si,False,8,-42.60220066,-45.400925,-0.04167,0.04167,4,114,1,1,4,0.329114,0.81761,1.495911,4.008624077,0.0,2.267128229,72,288,-308.88637081,-342.356338,-4.855441260625,-3.211101536666667,-3.5850521111111107,4,,6.0,-360.610778,,-5.264536625,-3.8385860000000003,,1,,2.7256944444444446,2.2012738853503184,,"(0.3843137254901961, 0.2196078431372549, 0.7764705882352941)",True,False,True,True,128,147,19,"(0.12549019607843137, 0.8705882352941177, 0.0)",True,51,51,0,"(0.0, 1.0, 0.0)",False,,,,,False
120_C84Si36_012_012_a0.160494_b0.098765_c1.680068_interface13shift5,13,5,5,C,False,6.666666666666667,8,-69.80589084,-74.136955,0.29167,0.375,14,012,0,1,2,Si,False,8,-42.60220066,-45.400925,-0.04167,0.04167,6,012,0,1,2,0.160494,0.098765,1.680068,0.318931341,6.83e-06,0.636857748,120,480,,,,,,4,,,,,,,,1,,,,,,True,False,False,False,,,,,False,,,,,False,,,,,
120_Ge48Si72_001_011_a0.898734_b0.138365_c2.1_interface7shift4swap3,7,4,4,Ge,False,6.666666666666667,8,-35.08485951,-38.831661,-0.03888,0.03888,8,001,0,0,1,Si,False,8,-42.60220066,-45.400925,-0.02864,0.02864,12,011,0,1,1,0.898734,0.138365,2.1,4.008624077,0.0,2.267128229,120,480,,,,,,4,,,,,,,,1,,,,,,True,True,False,False,,,,,False,,,,,False,,,,,
120_C84Si36_012_012_a0.128788_b0.067901_c1.680068_interface15shift2,15,2,2,C,False,6.666666666666667,8,-69.80589084,-74.136955,-0.04167,0.04167,14,012,0,1,2,Si,False,8,-42.60220066,-45.400925,-0.04167,0.04167,6,012,0,1,2,0.128788,0.067901,1.680068,0.318931341,6.83e-06,0.636857748,120,480,,,,,,4,,,-921.183258,,-7.4711175,-6.68037815,,1,,,,,,True,False,False,False,,,,,False,,,,,False,,,,,False
380_C308Si72_111_111_a0.0_b0.045455_c2.072898_interface11shift6,11,6,6,C,False,2.1052631578947367,8,-69.80589084,-74.136955,0.19792,0.21875,28,111,1,1,1,Si,False,8,-42.60220066,-45.400925,-0.03508,0.03508,12,111,1,1,1,0.0,0.045455,2.072898,0.31893608,0.0,0.636863708,380,1520,,,,,,4,,,,,,,,1,,,,,,True,False,False,False,,,,,False,,,,,False,,,,,
380_C308Si72_111_111_a0.287879_b0.098485_c2.188944_interface8shift8,8,8,8,C,False,2.1052631578947367,8,-69.80589084,-74.136955,0.15625,0.17708,28,111,1,1,1,Si,False,8,-42.60220066,-45.400925,-0.03508,0.03508,12,111,1,1,1,0.287879,0.098485,2.188944,0.31893608,0.0,0.636863708,380,1520,,,,,,4,,,,,,,,1,,,,,,True,False,False,False,,,,,False,,,,,False,,,,,
120_C84Si36_012_012_a0.253086_b0.154321_c1.680068_interface2shift1,2,1,1,C,False,6.666666666666667,8,-69.80589084,-74.136955,0.29167,0.375,14,012,0,1,2,Si,False,8,-42.60220066,-45.400925,-0.04167,0.04167,6,012,0,1,2,0.253086,0.154321,1.680068,0.318931341,0.0,0.636857748,120,480,,,,,,4,,,,,,,,1,,,,,,True,False,False,False,,,,,False,,,,,False,,,,,
120_C84Si36_012_012_a0.863636_b0.080247_c1.482413_interface14shift3,14,3,3,C,False,6.666666666666667,8,-69.80589084,-74.136955,0.29167,0.375,14,012,0,1,2,Si,False,8,-42.60220066,-45.400925,-0.04167,0.04167,6,012,0,1,2,0.863636,0.080247,1.482413,0.318931341,6.83e-06,0.636857748,120,480,,,,,,4,,,,,,,,1,,,,,,True,False,False,False,,,,,False,,,,,False,,,,,
380_C308Si72_111_111_a0.242424_b0.022727_c2.188944_interface8shift7,8,7,7,C,False,2.1052631578947367,8,-69.80589084,-74.136955,0.15625,0.17708,28,111,1,1,1,Si,False,8,-42.60220066,-45.400925,-0.03508,0.03508,12,111,1,1,1,0.242424,0.022727,2.188944,0.31893608,0.0,0.636863708,380,1520,,,,,,4,,,,,,,,1,,,,,,True,False,False,False,,,,,False,,,,,False,,,,,
264_Sn108Si156_001_001_a0.07732_b0.082474_c2.1_interface2shift4swap6,2,4,4,Sn,False,3.0303030303030303,8,-29.90800429,-34.349418,-0.0339,0.0339,18,001,0,0,1,Si,False,8,-42.60220066,-45.400925,-0.04051,0.04051,26,001,0,0,1,0.07732,0.082474,2.1,0.586363971,0.0,1.176154613,264,1056,,,,,,4,,,-1305.968619,,-4.9843964375,-4.644766196969697,,1,,4.09469696969697,,,,True,True,False,False,,,,,False,,,,,False,,,,,False
120_Ge48Si72_001_011_a0.0_b0.0_c0.0_interface7shift1,7,1,1,Ge,False,6.666666666666667,8,-35.08485951,-38.831661,-0.03888,0.03888,8,001,0,0,1,Si,False,8,-42.60220066,-45.400925,-0.02864,0.02864,12,011,0,1,1,0.0,0.0,0.0,4.008624077,0.0,2.267128229,120,480,,,,,,4,,,,,,,,1,,,,,,False,False,False,False,,,,,False,,,,,False,,,,,
264_Sn108Si156_001_001_a0.07732_b0.082474_c2.1_interface2shift1swap6,2,1,1,Sn,False,3.0303030303030303,8,-29.90800429,-34.349418,-0.0339,0.0339,18,001,0,0,1,Si,False,8,-42.60220066,-45.400925,-0.04051,0.04051,26,001,0,0,1,0.07732,0.082474,2.1,0.586363971,0.0,1.176154613,264,1056,-1114.78109824,,-4.531887809375,-3.9479958079166657,,4,,25.015151515151516,-1306.548555,,-4.9843964375,-4.646962924242425,,1,,3.7604166666666665,6.652228657768824,,"(0.4666666666666667, 0.058823529411764705, 0.9372549019607843)",True,True,True,True,116,83,33,"(0.2823529411764706, 0.7137254901960784, 0.0)",False,,,,,False,,,,,False
216_Ge144Si72_011_013_a0.0_b0.0_c0.0_interface4shift1,4,1,1,Ge,False,3.7037037037037033,8,-35.08485951,-38.831661,-0.0275,0.0275,24,011,0,1,1,Si,False,8,-42.60220066,-45.400925,0.125,0.20833,12,013,0,1,3,0.0,0.0,0.0,1.814228892,0.0,3.019499779,216,864,2116.455912,68787.317622,-4.855441260625,10.158069315601852,,4,,26.796296296296298,,,,,,1,,,,,,False,False,False,False,,,,,False,,,,,False,,,,,
380_C308Si72_111_111_a0.045455_b0.098485_c2.188944_interface10shift8,10,8,8,C,False,2.1052631578947367,8,-69.80589084,-74.136955,0.15625,0.17708,28,111,1,1,1,Si,False,8,-42.60220066,-45.400925,-0.03508,0.03508,12,111,1,1,1,0.045455,0.098485,2.188944,0.31893608,0.0,0.636863708,380,1520,,,,,,4,,,,,,,,1,,,,,,True,False,False,False,,,,,False,,,,,False,,,,,
120_C84Si36_012_012_a0.037037_b0.228395_c1.680068_interface2shift8,2,8,8,C,False,6.666666666666667,8,-69.80589084,-74.136955,0.29167,0.375,14,012,0,1,2,Si,False,8,-42.60220066,-45.400925,-0.04167,0.04167,6,012,0,1,2,0.037037,0.228395,1.680068,0.318931341,0.0,0.636857748,120,480,,,,,,4,,,-919.913664,,-7.4711175,-6.6697982,,1,,,,,,True,False,False,False,,,,,False,,,,,False,,,,,False
120_C84Si36_012_012_a0.222222_b0.481481_c1.482413_interface3shift7,3,7,7,C,False,6.666666666666667,8,-69.80589084,-74.136955,-0.04167,0.04167,14,012,0,1,2,Si,False,8,-42.60220066,-45.400925,-0.04167,0.04167,6,012,0,1,2,0.222222,0.481481,1.482413,0.318931341,0.0,0.636857748,120,480,,,,,,4,,,,,,,,1,,,,,,True,False,False,False,,,,,False,,,,,False,,,,,
120_Ge48Si72_001_011_a0.898734_b0.138365_c2.1_interface7shift3swap3,7,3,3,Ge,False,6.666666666666667,8,-35.08485951,-38.831661,-0.03888,0.03888,8,001,0,0,1,Si,False,8,-42.60220066,-45.400925,-0.02864,0.02864,12,011,0,1,1,0.898734,0.138365,2.1,4.008624077,0.0,2.267128229,120,480,,,,,,4,,,,,,,,1,,,,,,True,True,False,False,,,,,False,,,,,False,,,,,
72_C48Si24_001_111_a0.0_b0.0_c0.0_interface19shift1,19,1,1,C,False,11.11111111111111,8,-69.80589084,-74.136955,-0.04167,0.04167,8,001,0,0,1,Si,False,8,-42.60220066,-45.400925,-0.03508,0.03508,4,111,1,1,1,0.0,0.0,0.0,3.698940277,0.255134881,0.392830372,72,288,2078.22686253,3624.517759,-7.025505718750001,30.425485472638886,52.00077276388888,4,,73.79166666666667,-559.520327,,-7.4711175,-6.110867319444444,,1,,7.048611111111111,10.468965517241381,,"(0.3843137254901961, 0.2196078431372549, 0.7764705882352941)",False,False,False,True,175,1,174,"(0.9921568627450981, 0.00392156862745098, 0.0)",True,98,91,7,"(0.07058823529411765, 0.9254901960784314, 0.0)",False,,,,,False
380_C308Si72_111_111_a0.113636_b0.106061_c2.072898_interface7shift8,7,8,8,C,False,2.1052631578947367,8,-69.80589084,-74.136955,0.19792,0.21875,28,111,1,1,1,Si,False,8,-42.60220066,-45.400925,0.29825,0.36841,12,111,1,1,1,0.113636,0.106061,2.072898,0.31893608,0.0,0.636863708,380,1520,,,,,,4,,,,,,,,1,,,,,,True,False,False,False,,,,,False,,,,,False,,,,,
120_Ge48Si72_001_011_a0.898734_b0.138365_c2.1_interface7shift6swap3,7,6,6,Ge,False,6.666666666666667,8,-35.08485951,-38.831661,-0.03888,0.03888,8,001,0,0,1,Si,False,8,-42.60220066,-45.400925,-0.02864,0.02864,12,011,0,1,1,0.898734,0.138365,2.1,4.008624077,0.0,2.267128229,120,480,,,,,,4,,,,,,,,1,,,,,,True,True,False,False,,,,,False,,,,,False,,,,,
264_Sn108Si156_001_001_a0.07732_b0.082474_c2.1_interface1shift3swap2,1,3,3,Sn,False,3.0303030303030303,8,-29.90800429,-34.349418,-0.0339,0.0339,18,001,0,0,1,Si,False,8,-42.60220066,-45.400925,-0.04051,0.04051,26,001,0,0,1,0.07732,0.082474,2.1,0.586363971,0.0,1.176154613,264,1056,-1124.37797175,,-4.531887809375,-3.9843476015151507,,4,,26.431818181818183,-1305.733245,,-4.9843964375,-4.643874628787879,,1,,3.0681818181818183,8.614814814814816,,"(0.4666666666666667, 0.058823529411764705, 0.9372549019607843)",True,True,True,True,52,105,53,"(0.5019607843137255, 0.49411764705882355, 0.0)",False,,,,,False,,,,,False
300_C264Si36_011_012_a0.547009_b0.0_c1.889863_interface16shift7,16,7,7,C,False,2.666666666666667,8,-69.80589084,-74.136955,-0.04167,0.04167,44,011,0,1,1,Si,False,8,-42.60220066,-45.400925,-0.04167,0.04167,6,012,0,1,2,0.547009,0.0,1.889863,2.657271385,0.0,0.022858381,300,1200,,,,,,4,,,,,,,,1,,,,,,True,False,False,False,,,,,False,,,,,False,,,,,
120_C84Si36_012_012_a0.136364_b0.080247_c1.680068_interface15shift6,15,6,6,C,False,6.666666666666667,8,-69.80589084,-74.136955,-0.04167,0.04167,14,012,0,1,2,Si,False,8,-42.60220066,-45.400925,-0.04167,0.04167,6,012,0,1,2,0.136364,0.080247,1.680068,0.318931341,6.83e-06,0.636857748,120,480,,,,,,4,,,-926.344313,,-7.4711175,-6.723386941666667,,1,,,,,,True,False,False,False,,,,,False,,,,,False,,,,,False
380_C308Si72_111_111_a0.295455_b0.090909_c2.072899_interface9shift7,9,7,7,C,False,2.1052631578947367,8,-69.80589084,-74.136955,0.19792,0.21875,28,111,1,1,1,Si,False,8,-42.60220066,-45.400925,-0.03508,0.03508,12,111,1,1,1,0.295455,0.090909,2.072899,0.31893608,0.0,0.636863708,380,1520,,,,,,4,,,,,,,,1,,,,,,True,False,False,False,,,,,False,,,,,False,,,,,
264_Sn108Si156_001_001_a0.07732_b0.082474_c2.1_interface1shift6swap6,1,6,6,Sn,False,3.0303030303030303,8,-29.90800429,-34.349418,-0.0339,0.0339,18,001,0,0,1,Si,False,8,-42.60220066,-45.400925,-0.04051,0.04051,26,001,0,0,1,0.07732,0.082474,2.1,0.586363971,0.0,1.176154613,264,1056,-1121.85066555,,-4.531887809375,-3.9747744719696967,,4,,24.791666666666668,-1306.762167,,-4.9843964375,-4.647772060606061,,1,,3.4071969696969697,7.276264591439689,,"(0.4666666666666667, 0.058823529411764705, 0.9372549019607843)",True,True,True,True,79,78,1,"(0.011764705882352941, 0.984313725490196, 0.0)",False,,,,,False,,,,,False
264_Sn108Si156_001_001_a0.07732_b0.082474_c2.1_interface1shift1swap5,1,1,1,Sn,False,3.0303030303030303,8,-29.90800429,-34.349418,-0.0339,0.0339,18,001,0,0,1,Si,False,8,-42.60220066,-45.400925,-0.04051,0.04051,26,001,0,0,1,0.07732,0.082474,2.1,0.586363971,0.0,1.176154613,264,1056,-1117.42187116,-1228.984505,-4.531887809375,-3.9579987356439386,-4.353159704545455,4,,25.526515151515152,-1309.59022,,-4.9843964375,-4.658484382575758,,1,,4.746212121212121,5.378292098962491,,"(0.4666666666666667, 0.058823529411764705, 0.9372549019607843)",True,True,True,True,110,48,62,"(0.5607843137254902, 0.43529411764705883, 0.0)",True,38,40,2,"(0.047058823529411764, 0.9490196078431372, 0.0)",False,,,,,False
228_Ge108Si120_001_001_a0.745562_b0.088757_c2.0_interface1shift4,1,4,4,Ge,False,3.508771929824561,8,-35.08485951,-38.831661,-0.03888,0.03888,18,001,0,0,1,Si,False,8,-42.60220066,-45.400925,-0.04051,0.04051,20,001,0,0,1,0.745562,0.088757,2.0,1.183802485,0.0,2.38161087,228,912,-1063.5764703,-1155.697159,-4.855441260625,-4.324076360219298,-4.699406021929826,4,,14.214912280701755,-1185.193208,,-5.264536625,-4.828774657894737,,1,,1.8508771929824561,7.680094786729859,,"(0.4627450980392157, 0.06666666666666667, 0.9294117647058824)",True,False,True,True,4,15,11,"(0.7333333333333333, 0.26666666666666666, 0.0)",True,4,4,0,"(0.0, 1.0, 0.0)",False,,,,,False
72_C48Si24_001_111_a0.0_b0.0_c0.0_interface20shift1,20,1,1,C,False,11.11111111111111,8,-69.80589084,-74.136955,-0.04167,0.04167,8,001,0,0,1,Si,False,8,-42.60220066,-45.400925,-0.03508,0.03508,4,111,1,1,1,0.0,0.0,0.0,3.698940277,0.255134881,0.392830372,72,288,2078.25082856,3624.518916,-7.025505718750001,30.425818334166667,52.00078883333333,4,,73.51388888888889,-559.520327,,-7.4711175,-6.110867319444444,,1,,6.965277777777778,10.554336989032901,,"(0.3843137254901961, 0.2196078431372549, 0.7764705882352941)",False,False,False,True,176,2,174,"(0.9882352941176471, 0.00784313725490196, 0.0)",True,99,92,7,"(0.07058823529411765, 0.9254901960784314, 0.0)",False,,,,,False
264_Sn108Si156_001_001_a0.07732_b0.082474_c2.1_interface2shift5swap4,2,5,5,Sn,False,3.0303030303030303,8,-29.90800429,-34.349418,-0.0339,0.0339,18,001,0,0,1,Si,False,8,-42.60220066,-45.400925,-0.04051,0.04051,26,001,0,0,1,0.07732,0.082474,2.1,0.586363971,0.0,1.176154613,264,1056,,,,,,4,,,,,,,,1,,,,,,True,True,False,False,,,,,False,,,,,False,,,,,
264_Sn108Si156_001_001_a0.07732_b0.082474_c2.1_interface2shift2swap2,2,2,2,Sn,False,3.0303030303030303,8,-29.90800429,-34.349418,-0.0339,0.0339,18,001,0,0,1,Si,False,8,-42.60220066,-45.400925,-0.04051,0.04051,26,001,0,0,1,0.07732,0.082474,2.1,0.586363971,0.0,1.176154613,264,1056,-1122.80603047,,-4.531887809375,-3.978393278484848,,4,,25.958333333333332,-1305.829124,,-4.9843964375,-4.644237806818182,,1,,3.058712121212121,8.486687306501548,,"(0.4666666666666667, 0.058823529411764705, 0.9372549019607843)",True,True,True,True,68,103,35,"(0.33725490196078434, 0.6588235294117647, 0.0)",False,,,,,False,,,,,False
216_Ge144Si72_011_013_a0.849057_b0.579882_c1.888632_interface4shift2,4,2,2,Ge,False,3.7037037037037033,8,-35.08485951,-38.831661,-0.0275,0.0275,24,011,0,1,1,Si,False,8,-42.60220066,-45.400925,0.125,0.20833,12,013,0,1,3,0.849057,0.579882,1.888632,1.814228892,0.0,3.019499779,216,864,-960.63905031,-1061.506965,-4.855441260625,-4.0877406950925925,-4.524418421296296,4,,14.893518518518519,-1085.352105,,-5.264536625,-4.634812587962963,,1,,3.466435185185185,4.296494156928214,,"(0.4588235294117647, 0.07058823529411765, 0.9254901960784314)",True,False,True,True,34,130,96,"(0.7372549019607844, 0.25882352941176473, 0.0)",True,25,17,8,"(0.3176470588235294, 0.6784313725490196, 0.0)",False,,,,,False
120_Ge48Si72_001_011_a0.898734_b0.138365_c2.1_interface7shift6swap8,7,6,6,Ge,False,6.666666666666667,8,-35.08485951,-38.831661,-0.03888,0.03888,8,001,0,0,1,Si,False,8,-42.60220066,-45.400925,-0.02864,0.02864,12,011,0,1,1,0.898734,0.138365,2.1,4.008624077,0.0,2.267128229,120,480,,,,,,4,,,,,,,,1,,,,,,True,True,False,False,,,,,False,,,,,False,,,,,
264_Sn108Si156_001_001_a0.07732_b0.082474_c2.1_interface1shift6swap5,1,6,6,Sn,False,3.0303030303030303,8,-29.90800429,-34.349418,-0.0339,0.0339,18,001,0,0,1,Si,False,8,-42.60220066,-45.400925,-0.04051,0.04051,26,001,0,0,1,0.07732,0.082474,2.1,0.586363971,0.0,1.176154613,264,1056,-1120.92364824,,-4.531887809375,-3.971263042765151,,4,,25.678030303030305,-1306.821754,,-4.9843964375,-4.647997768939394,,1,,3.902462121212121,6.579956321281243,,"(0.4666666666666667, 0.058823529411764705, 0.9372549019607843)",True,True,True,True,90,77,13,"(0.1411764705882353, 0.8549019607843137, 0.0)",False,,,,,False,,,,,False
156_Ge48Si108_114_001_a0.163522_b0.976331_c1.585635_interface5shift4,5,4,4,Ge,False,5.128205128205128,8,-35.08485951,-38.831661,-0.04167,0.04167,8,114,1,1,4,Si,False,8,-42.60220066,-45.400925,-0.04051,0.04051,18,001,0,0,1,0.163522,0.976331,1.585635,4.008629799,0.0,2.267122269,156,624,-717.66143754,-783.80474,-4.855441260625,-4.102399854935897,-4.484436884615385,4,,9.256410256410257,-824.553459,,-5.264536625,-4.745646621794871,,1,,3.77724358974359,2.450572761985575,,"(0.44313725490196076, 0.10196078431372549, 0.8941176470588236)",True,False,True,True,28,32,4,"(0.12156862745098039, 0.8745098039215686, 0.0)",True,19,27,8,"(0.29411764705882354, 0.7019607843137254, 0.0)",False,,,,,False
120_C84Si36_012_012_a0.469136_b0.080247_c1.680068_interface2shift5,2,5,5,C,False,6.666666666666667,8,-69.80589084,-74.136955,0.29167,0.375,14,012,0,1,2,Si,False,8,-42.60220066,-45.400925,-0.04167,0.04167,6,012,0,1,2,0.469136,0.080247,1.680068,0.318931341,0.0,0.636857748,120,480,,,,,,4,,,,,,,,1,,,,,,True,False,False,False,,,,,False,,,,,False,,,,,
380_C308Si72_111_111_a0.015152_b0.204545_c2.188944_interface4shift6,4,6,6,C,False,2.1052631578947367,8,-69.80589084,-74.136955,0.15625,0.17708,28,111,1,1,1,Si,False,8,-42.60220066,-45.400925,0.29825,0.36841,12,111,1,1,1,0.015152,0.204545,2.188944,0.31893608,0.0,0.636863708,380,1520,,,,,,4,,,,,,,,1,,,,,,True,False,False,False,,,,,False,,,,,False,,,,,
156_Ge48Si108_114_001_a0.289308_b0.727811_c1.585635_interface5shift3,5,3,3,Ge,False,5.128205128205128,8,-35.08485951,-38.831661,-0.04167,0.04167,8,114,1,1,4,Si,False,8,-42.60220066,-45.400925,-0.04051,0.04051,18,001,0,0,1,0.289308,0.727811,1.585635,4.008629799,0.0,2.267122269,156,624,-717.2535885,-783.612013,-4.855441260625,-4.0997854380128205,-4.483201455128205,4,,8.878205128205128,-825.863916,,-5.264536625,-4.754046987179487,,1,,4.44551282051282,1.9971160778658976,,"(0.44313725490196076, 0.10196078431372549, 0.8941176470588236)",True,False,True,True,32,26,6,"(0.1843137254901961, 0.8117647058823529, 0.0)",True,23,32,9,"(0.2784313725490196, 0.7176470588235294, 0.0)",False,,,,,False
264_Sn108Si156_001_001_a0.07732_b0.082474_c2.1_interface1shift8swap3,1,8,8,Sn,False,3.0303030303030303,8,-29.90800429,-34.349418,-0.0339,0.0339,18,001,0,0,1,Si,False,8,-42.60220066,-45.400925,-0.04051,0.04051,26,001,0,0,1,0.07732,0.082474,2.1,0.586363971,0.0,1.176154613,264,1056,-1124.66044772,,-4.531887809375,-3.98541758625,,4,,25.833333333333332,-1305.937245,,-4.9843964375,-4.644647356060607,,1,,6.015151515151516,4.294710327455919,,"(0.4666666666666667, 0.058823529411764705, 0.9372549019607843)",True,True,True,True,47,98,51,"(0.5176470588235295, 0.47843137254901963, 0.0)",False,,,,,False,,,,,False
228_Ge108Si120_001_001_a0.911243_b0.08284_c2.0_interface1shift1,1,1,1,Ge,False,3.508771929824561,8,-35.08485951,-38.831661,-0.03888,0.03888,18,001,0,0,1,Si,False,8,-42.60220066,-45.400925,-0.04051,0.04051,20,001,0,0,1,0.911243,0.08284,2.0,1.183802485,0.0,2.38161087,228,912,-1063.53814703,-1155.655626,-4.855441260625,-4.323908275701753,-4.699223859649123,4,,14.31140350877193,-1185.193085,,-5.264536625,-4.8287741184210535,,1,,1.962719298245614,7.291620111731843,,"(0.4627450980392157, 0.06666666666666667, 0.9294117647058824)",True,False,True,True,11,17,6,"(0.35294117647058826, 0.6431372549019608, 0.0)",True,11,11,0,"(0.0, 1.0, 0.0)",False,,,,,False
264_Sn108Si156_001_001_a0.0_b0.0_c0.0_interface2shift1swap4,2,1,1,Sn,False,3.0303030303030303,8,-29.90800429,-34.349418,-0.0339,0.0339,18,001,0,0,1,Si,False,8,-42.60220066,-45.400925,-0.04051,0.04051,26,001,0,0,1,0.0,0.0,0.0,0.586363971,0.0,1.176154613,264,1056,1222.88065137,,-4.531887809375,4.9067835466666665,,4,,75.65530303030303,,,,,,1,,,,,,False,True,False,False,,,,,False,,,,,False,,,,,
120_C84Si36_012_012_a0.143939_b0.080247_c1.680068_interface15shift8,15,8,8,C,False,6.666666666666667,8,-69.80589084,-74.136955,-0.04167,0.04167,14,012,0,1,2,Si,False,8,-42.60220066,-45.400925,-0.04167,0.04167,6,012,0,1,2,0.143939,0.080247,1.680068,0.318931341,6.83e-06,0.636857748,120,480,,,,,,4,,,-921.118953,,-7.4711175,-6.6798422749999995,,1,,,,,,True,False,False,False,,,,,False,,,,,False,,,,,False
120_Ge48Si72_001_011_a0.898734_b0.138365_c2.1_interface7shift3swap2,7,3,3,Ge,False,6.666666666666667,8,-35.08485951,-38.831661,-0.03888,0.03888,8,001,0,0,1,Si,False,8,-42.60220066,-45.400925,-0.02864,0.02864,12,011,0,1,1,0.898734,0.138365,2.1,4.008624077,0.0,2.267128229,120,480,,,,,,4,,,,,,,,1,,,,,,True,True,False,False,,,,,False,,,,,False,,,,,
120_Ge48Si72_001_011_a0.898734_b0.138365_c2.1_interface7shift2swap8,7,2,2,Ge,False,6.666666666666667,8,-35.08485951,-38.831661,-0.03888,0.03888,8,001,0,0,1,Si,False,8,-42.60220066,-45.400925,-0.02864,0.02864,12,011,0,1,1,0.898734,0.138365,2.1,4.008624077,0.0,2.267128229,120,480,,,,,,4,,,,,,,,1,,,,,,True,True,False,False,,,,,False,,,,,False,,,,,
264_Sn108Si156_001_001_a0.07732_b0.082474_c2.1_interface1shift7swap5,1,7,7,Sn,False,3.0303030303030303,8,-29.90800429,-34.349418,-0.0339,0.0339,18,001,0,0,1,Si,False,8,-42.60220066,-45.400925,-0.04051,0.04051,26,001,0,0,1,0.07732,0.082474,2.1,0.586363971,0.0,1.176154613,264,1056,-1120.31050282,,-4.531887809375,-3.968940522234848,,4,,27.829545454545453,-1306.611486,,-4.9843964375,-4.6472012992424245,,1,,5.9393939393939394,4.685586734693877,,"(0.4666666666666667, 0.058823529411764705, 0.9372549019607843)",True,True,True,True,95,82,13,"(0.13333333333333333, 0.8627450980392157, 0.0)",False,,,,,False,,,,,False
120_Ge48Si72_001_011_a0.0_b0.0_c0.0_interface7shift1swap3,7,1,1,Ge,False,6.666666666666667,8,-35.08485951,-38.831661,-0.03888,0.03888,8,001,0,0,1,Si,False,8,-42.60220066,-45.400925,-0.02864,0.02864,12,011,0,1,1,0.0,0.0,0.0,4.008624077,0.0,2.267128229,120,480,,,,,,4,,,,,,,,1,,,,,,False,True,False,False,,,,,False,,,,,False,,,,,
228_Ge108Si120_001_001_a0.745562_b0.106509_c2.0_interface2shift7,2,7,7,Ge,False,3.508771929824561,8,-35.08485951,-38.831661,-0.03888,0.03888,18,001,0,0,1,Si,False,8,-42.60220066,-45.400925,-0.04051,0.04051,20,001,0,0,1,0.745562,0.106509,2.0,1.183802485,0.0,2.38161087,228,912,-1063.52768834,-1155.647694,-4.855441260625,-4.3238624042543865,-4.699189070175439,4,,14.337719298245615,-1186.125033,,-5.264536625,-4.8328616096491235,,1,,3.106359649122807,4.61560183551006,,"(0.4627450980392157, 0.06666666666666667, 0.9294117647058824)",True,False,True,True,15,10,5,"(0.3333333333333333, 0.6666666666666666, 0.0)",True,15,14,1,"(0.06666666666666667, 0.9333333333333333, 0.0)",False,,,,,False
380_C308Si72_111_111_a0.189394_b0.007576_c2.188944_interface10shift6,10,6,6,C,False,2.1052631578947367,8,-69.80589084,-74.136955,0.15625,0.17708,28,111,1,1,1,Si,False,8,-42.60220066,-45.400925,-0.03508,0.03508,12,111,1,1,1,0.189394,0.007576,2.188944,0.31893608,0.0,0.636863708,380,1520,,,,,,4,,,,,,,,1,,,,,,True,False,False,False,,,,,False,,,,,False,,,,,
380_C308Si72_111_111_a0.015152_b0.037879_c2.188944_interface4shift7,4,7,7,C,False,2.1052631578947367,8,-69.80589084,-74.136955,0.15625,0.17708,28,111,1,1,1,Si,False,8,-42.60220066,-45.400925,0.29825,0.36841,12,111,1,1,1,0.015152,0.037879,2.188944,0.31893608,0.0,0.636863708,380,1520,,,,,,4,,,,,,,,1,,,,,,True,False,False,False,,,,,False,,,,,False,,,,,
120_Ge48Si72_001_011_a0.898734_b0.138365_c2.1_interface7shift4swap7,7,4,4,Ge,False,6.666666666666667,8,-35.08485951,-38.831661,-0.03888,0.03888,8,001,0,0,1,Si,False,8,-42.60220066,-45.400925,-0.02864,0.02864,12,011,0,1,1,0.898734,0.138365,2.1,4.008624077,0.0,2.267128229,120,480,,,,,,4,,,,,,,,1,,,,,,True,True,False,False,,,,,False,,,,,False,,,,,
264_Sn108Si156_001_001_a0.0_b0.0_c0.0_interface1shift1swap7,1,1,1,Sn,False,3.0303030303030303,8,-29.90800429,-34.349418,-0.0339,0.0339,18,001,0,0,1,Si,False,8,-42.60220066,-45.400925,-0.04051,0.04051,26,001,0,0,1,0.0,0.0,0.0,0.586363971,0.0,1.176154613,264,1056,828.88291401,,-4.531887809375,3.414367874848485,,4,,77.125,,,,,,1,,,,,,False,True,False,False,,,,,False,,,,,False,,,,,
120_Ge48Si72_114_013_a0.037736_b0.786982_c1.486533_interface3shift8,3,8,8,Ge,False,6.666666666666667,8,-35.08485951,-38.831661,-0.04167,0.04167,8,114,1,1,4,Si,False,8,-42.60220066,-45.400925,0.125,0.20833,12,013,0,1,3,0.037736,0.786982,1.486533,1.814228892,0.0,3.019487858,120,480,,,,,,4,,,,,,,,1,,,,,,True,False,False,False,,,,,False,,,,,False,,,,,
264_Sn108Si156_001_001_a0.07732_b0.082474_c2.1_interface1shift5swap6,1,5,5,Sn,False,3.0303030303030303,8,-29.90800429,-34.349418,-0.0339,0.0339,18,001,0,0,1,Si,False,8,-42.60220066,-45.400925,-0.04051,0.04051,26,001,0,0,1,0.07732,0.082474,2.1,0.586363971,0.0,1.176154613,264,1056,-1122.48160878,,-4.531887809375,-3.9771644084469693,,4,,25.106060606060606,-1305.66361,,-4.9843964375,-4.6436108598484855,,1,,4.860795454545454,5.165010714981492,,"(0.4666666666666667, 0.058823529411764705, 0.9372549019607843)",True,True,True,True,71,108,37,"(0.3411764705882353, 0.6549019607843137, 0.0)",False,,,,,False,,,,,False
72_Ge48Si24_001_114_a0.0_b0.0_c0.0_interface8shift1,8,1,1,Ge,False,11.11111111111111,8,-35.08485951,-38.831661,-0.03888,0.03888,8,001,0,0,1,Si,False,8,-42.60220066,-45.400925,-0.04167,0.04167,4,114,1,1,4,0.0,0.0,0.0,4.008624077,0.0,2.267128229,72,288,477.83222508,853.476099,-4.855441260625,7.715545628472223,13.02373173611111,4,,7.763888888888889,-359.168186,,-5.264536625,-3.81855,,1,,4.184027777777778,1.8556016597510374,,"(0.3843137254901961, 0.2196078431372549, 0.7764705882352941)",False,False,False,True,165,160,5,"(0.027450980392156862, 0.9686274509803922, 0.0)",True,88,84,4,"(0.043137254901960784, 0.9529411764705882, 0.0)",False,,,,,False
156_Ge84Si72_001_112_a0.0_b0.0_c0.0_interface15shift1,15,1,1,Ge,False,5.128205128205128,8,-35.08485951,-38.831661,-0.03888,0.03888,14,001,0,0,1,Si,False,8,-42.60220066,-45.400925,0.125,0.20833,12,112,1,1,2,0.0,0.0,0.0,4.008624554,0.380735219,3.269535303,156,624,552.85048052,2349.388271,-4.855441260625,4.041907312115384,15.600133698717949,4,,14.333333333333334,-792.741359,,-5.264536625,-4.5417229038461535,,1,,5.721153846153846,2.505322128851541,,"(0.44313725490196076, 0.10196078431372549, 0.8941176470588236)",False,False,False,True,154,133,21,"(0.13333333333333333, 0.8627450980392157, 0.0)",True,77,86,9,"(0.10196078431372549, 0.8941176470588236, 0.0)",False,,,,,False
120_Ge48Si72_001_011_a0.898734_b0.138365_c2.1_interface7shift7swap6,7,7,7,Ge,False,6.666666666666667,8,-35.08485951,-38.831661,-0.03888,0.03888,8,001,0,0,1,Si,False,8,-42.60220066,-45.400925,-0.02864,0.02864,12,011,0,1,1,0.898734,0.138365,2.1,4.008624077,0.0,2.267128229,120,480,,,,,,4,,,,,,,,1,,,,,,True,True,False,False,,,,,False,,,,,False,,,,,
264_Sn108Si156_001_001_a0.07732_b0.082474_c2.1_interface2shift2swap8,2,2,2,Sn,False,3.0303030303030303,8,-29.90800429,-34.349418,-0.0339,0.0339,18,001,0,0,1,Si,False,8,-42.60220066,-45.400925,-0.04051,0.04051,26,001,0,0,1,0.07732,0.082474,2.1,0.586363971,0.0,1.176154613,264,1056,-1123.11896564,,-4.531887809375,-3.979578638977272,,4,,25.727272727272727,-1307.322231,,-4.9843964375,-4.649893515151516,,1,,5.088068181818182,5.056393076493579,,"(0.4666666666666667, 0.058823529411764705, 0.9372549019607843)",True,True,True,True,64,71,7,"(0.09803921568627451, 0.8980392156862745, 0.0)",False,,,,,False,,,,,False
380_C308Si72_111_111_a0.060606_b0.113636_c2.188944_interface6shift7,6,7,7,C,False,2.1052631578947367,8,-69.80589084,-74.136955,0.15625,0.17708,28,111,1,1,1,Si,False,8,-42.60220066,-45.400925,0.29825,0.36841,12,111,1,1,1,0.060606,0.113636,2.188944,0.31893608,0.0,0.636863708,380,1520,,,,,,4,,,,,,,,1,,,,,,True,False,False,False,,,,,False,,,,,False,,,,,
264_Sn108Si156_001_001_a0.07732_b0.082474_c2.1_interface1shift7swap1,1,7,7,Sn,False,3.0303030303030303,8,-29.90800429,-34.349418,-0.0339,0.0339,18,001,0,0,1,Si,False,8,-42.60220066,-45.400925,-0.04051,0.04051,26,001,0,0,1,0.07732,0.082474,2.1,0.586363971,0.0,1.176154613,264,1056,-1119.64811233,,-4.531887809375,-3.9664314673484844,,4,,24.958333333333332,-1305.173505,,-4.9843964375,-4.6417544015151515,,1,,4.3125,5.78743961352657,,"(0.4666666666666667, 0.058823529411764705, 0.9372549019607843)",True,True,True,True,98,116,18,"(0.15294117647058825, 0.8431372549019608, 0.0)",False,,,,,False,,,,,False
120_Ge48Si72_001_011_a0.898734_b0.138365_c2.1_interface7shift2swap2,7,2,2,Ge,False,6.666666666666667,8,-35.08485951,-38.831661,-0.03888,0.03888,8,001,0,0,1,Si,False,8,-42.60220066,-45.400925,-0.02864,0.02864,12,011,0,1,1,0.898734,0.138365,2.1,4.008624077,0.0,2.267128229,120,480,,,,,,4,,,,,,,,1,,,,,,True,True,False,False,,,,,False,,,,,False,,,,,
120_C84Si36_012_012_a0.0_b0.0_c0.0_interface3shift1,3,1,1,C,False,6.666666666666667,8,-69.80589084,-74.136955,-0.04167,0.04167,14,012,0,1,2,Si,False,8,-42.60220066,-45.400925,-0.04167,0.04167,6,012,0,1,2,0.0,0.0,0.0,0.318931341,0.0,0.636857748,120,480,,,,,,4,,,-909.228474,,-7.4711175,-6.58075495,,1,,,,,,False,False,False,False,,,,,False,,,,,False,,,,,False
264_Sn108Si156_001_001_a0.07732_b0.082474_c2.1_interface1shift6swap2,1,6,6,Sn,False,3.0303030303030303,8,-29.90800429,-34.349418,-0.0339,0.0339,18,001,0,0,1,Si,False,8,-42.60220066,-45.400925,-0.04051,0.04051,26,001,0,0,1,0.07732,0.082474,2.1,0.586363971,0.0,1.176154613,264,1056,-1124.15683004,,-4.531887809375,-3.9835099435227264,,4,,25.890151515151516,-1305.714569,,-4.9843964375,-4.643803886363637,,1,,5.607007575757576,4.617463266340145,,"(0.4666666666666667, 0.058823529411764705, 0.9372549019607843)",True,True,True,True,55,106,51,"(0.47843137254901963, 0.5176470588235295, 0.0)",False,,,,,False,,,,,False
264_Sn108Si156_001_001_a0.07732_b0.082474_c2.1_interface1shift2swap1,1,2,2,Sn,False,3.0303030303030303,8,-29.90800429,-34.349418,-0.0339,0.0339,18,001,0,0,1,Si,False,8,-42.60220066,-45.400925,-0.04051,0.04051,26,001,0,0,1,0.07732,0.082474,2.1,0.586363971,0.0,1.176154613,264,1056,-1116.88576492,-1230.076648,-4.531887809375,-3.955968030189393,-4.357296609848485,4,,24.53409090909091,-1307.786421,,-4.9843964375,-4.651651810606061,,1,,3.4820075757575757,7.045961381561056,,"(0.4666666666666667, 0.058823529411764705, 0.9372549019607843)",True,True,True,True,113,64,49,"(0.43137254901960786, 0.5647058823529412, 0.0)",True,40,38,2,"(0.047058823529411764, 0.9490196078431372, 0.0)",False,,,,,False
228_Ge108Si120_001_001_a0.242604_b0.278107_c2.0_interface2shift5,2,5,5,Ge,False,3.508771929824561,8,-35.08485951,-38.831661,-0.03888,0.03888,18,001,0,0,1,Si,False,8,-42.60220066,-45.400925,-0.04051,0.04051,20,001,0,0,1,0.242604,0.278107,2.0,1.183802485,0.0,2.38161087,228,912,-1063.55440519,-1155.674518,-4.855441260625,-4.323979583421052,-4.699306719298247,4,,14.232456140350877,-1186.127302,,-5.264536625,-4.83287156140351,,1,,2.7708333333333335,5.136525524337158,,"(0.4627450980392157, 0.06666666666666667, 0.9294117647058824)",True,False,True,True,6,8,2,"(0.24705882352941178, 0.7490196078431373, 0.0)",True,6,6,0,"(0.0, 1.0, 0.0)",False,,,,,False
120_C84Si36_012_012_a0.030303_b0.055556_c1.18593_interface12shift3,12,3,3,C,False,6.666666666666667,8,-69.80589084,-74.136955,0.29167,0.375,14,012,0,1,2,Si,False,8,-42.60220066,-45.400925,-0.04167,0.04167,6,012,0,1,2,0.030303,0.055556,1.18593,0.318931341,6.83e-06,0.636857748,120,480,,,,,,4,,,-922.16272,,-7.4711175,-6.688540333333334,,1,,,,,,True,False,False,False,,,,,False,,,,,False,,,,,False
264_Sn108Si156_001_001_a0.07732_b0.082474_c2.1_interface2shift1swap1,2,1,1,Sn,False,3.0303030303030303,8,-29.90800429,-34.349418,-0.0339,0.0339,18,001,0,0,1,Si,False,8,-42.60220066,-45.400925,-0.04051,0.04051,26,001,0,0,1,0.07732,0.082474,2.1,0.586363971,0.0,1.176154613,264,1056,-1116.95123615,,-4.531887809375,-3.956216027272727,,4,,24.696969696969695,-1307.181686,,-4.9843964375,-4.649361147727273,,1,,3.877840909090909,6.368742368742368,,"(0.4666666666666667, 0.058823529411764705, 0.9372549019607843)",True,True,True,True,112,72,40,"(0.3568627450980392, 0.6392156862745098, 0.0)",False,,,,,False,,,,,False
264_Sn108Si156_001_001_a0.07732_b0.082474_c2.1_interface2shift6swap7,2,6,6,Sn,False,3.0303030303030303,8,-29.90800429,-34.349418,-0.0339,0.0339,18,001,0,0,1,Si,False,8,-42.60220066,-45.400925,-0.04051,0.04051,26,001,0,0,1,0.07732,0.082474,2.1,0.586363971,0.0,1.176154613,264,1056,,,,,,4,,,-1306.374793,,-4.9843964375,-4.646304734848485,,1,,5.107954545454546,,,,True,True,False,False,,,,,False,,,,,False,,,,,False
380_C308Si72_111_111_a0.121212_b0.022727_c2.072898_interface11shift1,11,1,1,C,False,2.1052631578947367,8,-69.80589084,-74.136955,0.19792,0.21875,28,111,1,1,1,Si,False,8,-42.60220066,-45.400925,-0.03508,0.03508,12,111,1,1,1,0.121212,0.022727,2.072898,0.31893608,0.0,0.636863708,380,1520,,,,,,4,,,,,,,,1,,,,,,True,False,False,False,,,,,False,,,,,False,,,,,
380_C308Si72_111_111_a0.295455_b0.098485_c2.072899_interface9shift6,9,6,6,C,False,2.1052631578947367,8,-69.80589084,-74.136955,0.19792,0.21875,28,111,1,1,1,Si,False,8,-42.60220066,-45.400925,-0.03508,0.03508,12,111,1,1,1,0.295455,0.098485,2.072899,0.31893608,0.0,0.636863708,380,1520,,,,,,4,,,,,,,,1,,,,,,True,False,False,False,,,,,False,,,,,False,,,,,
264_Sn108Si156_001_001_a0.0_b0.0_c0.0_interface2shift1swap2,2,1,1,Sn,False,3.0303030303030303,8,-29.90800429,-34.349418,-0.0339,0.0339,18,001,0,0,1,Si,False,8,-42.60220066,-45.400925,-0.04051,0.04051,26,001,0,0,1,0.0,0.0,0.0,0.586363971,0.0,1.176154613,264,1056,980.08795484,,-4.531887809375,3.9871142416287877,,4,,82.64772727272727,,,,,,1,,,,,,False,True,False,False,,,,,False,,,,,False,,,,,
264_Sn108Si156_001_001_a0.07732_b0.082474_c2.1_interface1shift2swap4,1,2,2,Sn,False,3.0303030303030303,8,-29.90800429,-34.349418,-0.0339,0.0339,18,001,0,0,1,Si,False,8,-42.60220066,-45.400925,-0.04051,0.04051,26,001,0,0,1,0.07732,0.082474,2.1,0.586363971,0.0,1.176154613,264,1056,-1121.40923253,-1232.632399,-4.531887809375,-3.9731023771969696,-4.366977484848485,4,,23.96590909090909,-1307.48207,,-4.9843964375,-4.650498965909091,,1,,4.2206439393939394,5.678258918555081,,"(0.4666666666666667, 0.058823529411764705, 0.9372549019607843)",True,True,True,True,86,68,18,"(0.20784313725490197, 0.788235294117647, 0.0)",True,35,35,0,"(0.0, 1.0, 0.0)",False,,,,,False
120_C84Si36_012_012_a0.197531_b0.555556_c1.482413_interface3shift6,3,6,6,C,False,6.666666666666667,8,-69.80589084,-74.136955,-0.04167,0.04167,14,012,0,1,2,Si,False,8,-42.60220066,-45.400925,-0.04167,0.04167,6,012,0,1,2,0.197531,0.555556,1.482413,0.318931341,0.0,0.636857748,120,480,,,,,,4,,,,,,,,1,,,,,,True,False,False,False,,,,,False,,,,,False,,,,,
380_C308Si72_111_111_a0.015152_b0.19697_c2.188944_interface4shift8,4,8,8,C,False,2.1052631578947367,8,-69.80589084,-74.136955,0.15625,0.17708,28,111,1,1,1,Si,False,8,-42.60220066,-45.400925,0.29825,0.36841,12,111,1,1,1,0.015152,0.19697,2.188944,0.31893608,0.0,0.636863708,380,1520,,,,,,4,,,,,,,,1,,,,,,True,False,False,False,,,,,False,,,,,False,,,,,
120_C84Si36_012_012_a0.611111_b0.030864_c1.680068_interface2shift6,2,6,6,C,False,6.666666666666667,8,-69.80589084,-74.136955,0.29167,0.375,14,012,0,1,2,Si,False,8,-42.60220066,-45.400925,-0.04167,0.04167,6,012,0,1,2,0.611111,0.030864,1.680068,0.318931341,0.0,0.636857748,120,480,,,,,,4,,,,,,,,1,,,,,,True,False,False,False,,,,,False,,,,,False,,,,,
120_C84Si36_012_012_a0.136364_b0.074074_c1.680068_interface15shift1,15,1,1,C,False,6.666666666666667,8,-69.80589084,-74.136955,-0.04167,0.04167,14,012,0,1,2,Si,False,8,-42.60220066,-45.400925,-0.04167,0.04167,6,012,0,1,2,0.136364,0.074074,1.680068,0.318931341,6.83e-06,0.636857748,120,480,,,,,,4,,,-921.185091,,-7.4711175,-6.680393425000001,,1,,,,,,True,False,False,False,,,,,False,,,,,False,,,,,False
380_C308Si72_111_111_a0.007576_b0.045455_c2.072898_interface11shift3,11,3,3,C,False,2.1052631578947367,8,-69.80589084,-74.136955,0.19792,0.21875,28,111,1,1,1,Si,False,8,-42.60220066,-45.400925,-0.03508,0.03508,12,111,1,1,1,0.007576,0.045455,2.072898,0.31893608,0.0,0.636863708,380,1520,,,,,,4,,,,,,,,1,,,,,,True,False,False,False,,,,,False,,,,,False,,,,,
380_C308Si72_111_111_a0.287879_b0.090909_c2.072899_interface9shift2,9,2,2,C,False,2.1052631578947367,8,-69.80589084,-74.136955,0.19792,0.21875,28,111,1,1,1,Si,False,8,-42.60220066,-45.400925,-0.03508,0.03508,12,111,1,1,1,0.287879,0.090909,2.072899,0.31893608,0.0,0.636863708,380,1520,,,,,,4,,,,,,,,1,,,,,,True,False,False,False,,,,,False,,,,,False,,,,,
264_Sn108Si156_001_001_a0.0_b0.0_c0.0_interface2shift1swap8,2,1,1,Sn,False,3.0303030303030303,8,-29.90800429,-34.349418,-0.0339,0.0339,18,001,0,0,1,Si,False,8,-42.60220066,-45.400925,-0.04051,0.04051,26,001,0,0,1,0.0,0.0,0.0,0.586363971,0.0,1.176154613,264,1056,1214.27956913,,-4.531887809375,4.87420368969697,,4,,78.50757575757575,,,,,,1,,,,,,False,True,False,False,,,,,False,,,,,False,,,,,
264_Sn108Si156_001_001_a0.07732_b0.082474_c2.1_interface2shift6swap4,2,6,6,Sn,False,3.0303030303030303,8,-29.90800429,-34.349418,-0.0339,0.0339,18,001,0,0,1,Si,False,8,-42.60220066,-45.400925,-0.04051,0.04051,26,001,0,0,1,0.07732,0.082474,2.1,0.586363971,0.0,1.176154613,264,1056,,,,,,4,,,-1306.676468,,-4.9843964375,-4.647447443181819,,1,,3.1079545454545454,,,,True,True,False,False,,,,,False,,,,,False,,,,,False
120_C84Si36_012_012_a0.691358_b0.012346_c1.680068_interface2shift7,2,7,7,C,False,6.666666666666667,8,-69.80589084,-74.136955,0.29167,0.375,14,012,0,1,2,Si,False,8,-42.60220066,-45.400925,-0.04167,0.04167,6,012,0,1,2,0.691358,0.012346,1.680068,0.318931341,0.0,0.636857748,120,480,,,,,,4,,,,,,,,1,,,,,,True,False,False,False,,,,,False,,,,,False,,,,,
264_Sn108Si156_001_001_a0.07732_b0.082474_c2.1_interface2shift2swap5,2,2,2,Sn,False,3.0303030303030303,8,-29.90800429,-34.349418,-0.0339,0.0339,18,001,0,0,1,Si,False,8,-42.60220066,-45.400925,-0.04051,0.04051,26,001,0,0,1,0.07732,0.082474,2.1,0.586363971,0.0,1.176154613,264,1056,-1121.81568067,,-4.531887809375,-3.9746419534848476,,4,,26.079545454545453,-1304.752945,,-4.9843964375,-4.6401613712121215,,1,,2.8077651515151514,9.288364249578414,,"(0.4666666666666667, 0.058823529411764705, 0.9372549019607843)",True,True,True,True,80,120,40,"(0.3333333333333333, 0.6666666666666666, 0.0)",False,,,,,False,,,,,False
380_C308Si72_111_111_a0.022727_b0.037879_c2.188944_interface4shift3,4,3,3,C,False,2.1052631578947367,8,-69.80589084,-74.136955,0.15625,0.17708,28,111,1,1,1,Si,False,8,-42.60220066,-45.400925,0.29825,0.36841,12,111,1,1,1,0.022727,0.037879,2.188944,0.31893608,0.0,0.636863708,380,1520,,,,,,4,,,,,,,,1,,,,,,True,False,False,False,,,,,False,,,,,False,,,,,
264_Sn108Si156_001_001_a0.07732_b0.082474_c2.1_interface2shift5swap3,2,5,5,Sn,False,3.0303030303030303,8,-29.90800429,-34.349418,-0.0339,0.0339,18,001,0,0,1,Si,False,8,-42.60220066,-45.400925,-0.04051,0.04051,26,001,0,0,1,0.07732,0.082474,2.1,0.586363971,0.0,1.176154613,264,1056,,,,,,4,,,-1305.512139,,-4.9843964375,-4.643037106060606,,1,,5.453598484848484,,,,True,True,False,False,,,,,False,,,,,False,,,,,False
380_C308Si72_111_111_a0.022727_b0.05303_c2.072898_interface7shift6,7,6,6,C,False,2.1052631578947367,8,-69.80589084,-74.136955,0.19792,0.21875,28,111,1,1,1,Si,False,8,-42.60220066,-45.400925,0.29825,0.36841,12,111,1,1,1,0.022727,0.05303,2.072898,0.31893608,0.0,0.636863708,380,1520,,,,,,4,,,,,,,,1,,,,,,True,False,False,False,,,,,False,,,,,False,,,,,
120_Ge48Si72_001_011_a0.898734_b0.138365_c2.1_interface7shift8swap8,7,8,8,Ge,False,6.666666666666667,8,-35.08485951,-38.831661,-0.03888,0.03888,8,001,0,0,1,Si,False,8,-42.60220066,-45.400925,-0.02864,0.02864,12,011,0,1,1,0.898734,0.138365,2.1,4.008624077,0.0,2.267128229,120,480,,,,,,4,,,,,,,,1,,,,,,True,True,False,False,,,,,False,,,,,False,,,,,
264_Sn108Si156_001_001_a0.07732_b0.082474_c2.1_interface2shift5swap7,2,5,5,Sn,False,3.0303030303030303,8,-29.90800429,-34.349418,-0.0339,0.0339,18,001,0,0,1,Si,False,8,-42.60220066,-45.400925,-0.04051,0.04051,26,001,0,0,1,0.07732,0.082474,2.1,0.586363971,0.0,1.176154613,264,1056,,,,,,4,,,-1305.685962,,-4.9843964375,-4.643695526515152,,1,,4.423295454545454,,,,True,True,False,False,,,,,False,,,,,False,,,,,False
96_Sn48Si48_111_112_a0.0_b0.0_c0.0_interface3shift1,3,1,1,Sn,False,8.333333333333332,8,-29.90800429,-34.349418,-0.02936,0.02936,8,111,1,1,1,Si,False,8,-42.60220066,-45.400925,-0.04167,0.04167,8,112,1,1,2,0.0,0.0,0.0,3.35974741,0.0,0.941371918,96,384,,,,,,4,,,-466.770243,,-4.9843964375,-4.031457291666666,,1,,5.716145833333333,,,,False,False,False,False,,,,,False,,,,,False,,,,,False
120_Ge48Si72_001_011_a0.898734_b0.138365_c2.1_interface7shift2swap4,7,2,2,Ge,False,6.666666666666667,8,-35.08485951,-38.831661,-0.03888,0.03888,8,001,0,0,1,Si,False,8,-42.60220066,-45.400925,-0.02864,0.02864,12,011,0,1,1,0.898734,0.138365,2.1,4.008624077,0.0,2.267128229,120,480,,,,,,4,,,,,,,,1,,,,,,True,True,False,False,,,,,False,,,,,False,,,,,
60_Sn24Si36_012_012_a0.0_b0.0_c0.0_interface10shift1,10,1,1,Sn,False,13.333333333333334,8,-29.90800429,-34.349418,-0.04167,0.04167,4,012,0,1,2,Si,False,8,-42.60220066,-45.400925,-0.04167,0.04167,6,012,0,1,2,0.0,0.0,0.0,2.502466679,0.0,5.067539215,60,240,344.78657987,673.848458,-4.531887809375,6.954946413666667,12.559980016666668,4,,11.166666666666666,-298.018926,,-4.9843964375,-3.6378097166666667,,1,,4.091666666666667,2.7291242362525456,,"(0.36470588235294116, 0.26666666666666666, 0.7333333333333333)",False,False,False,True,164,162,2,"(0.011764705882352941, 0.984313725490196, 0.0)",True,87,83,4,"(0.043137254901960784, 0.9529411764705882, 0.0)",False,,,,,False
120_Ge48Si72_001_011_a0.898734_b0.138365_c2.1_interface7shift8swap3,7,8,8,Ge,False,6.666666666666667,8,-35.08485951,-38.831661,-0.03888,0.03888,8,001,0,0,1,Si,False,8,-42.60220066,-45.400925,-0.02864,0.02864,12,011,0,1,1,0.898734,0.138365,2.1,4.008624077,0.0,2.267128229,120,480,,,,,,4,,,,,,,,1,,,,,,True,True,False,False,,,,,False,,,,,False,,,,,
380_C308Si72_111_111_a0.128788_b0.022727_c2.072898_interface11shift2,11,2,2,C,False,2.1052631578947367,8,-69.80589084,-74.136955,0.19792,0.21875,28,111,1,1,1,Si,False,8,-42.60220066,-45.400925,-0.03508,0.03508,12,111,1,1,1,0.128788,0.022727,2.072898,0.31893608,0.0,0.636863708,380,1520,,,,,,4,,,,,,,,1,,,,,,True,False,False,False,,,,,False,,,,,False,,,,,
264_Sn108Si156_001_001_a0.07732_b0.082474_c2.1_interface1shift6swap7,1,6,6,Sn,False,3.0303030303030303,8,-29.90800429,-34.349418,-0.0339,0.0339,18,001,0,0,1,Si,False,8,-42.60220066,-45.400925,-0.04051,0.04051,26,001,0,0,1,0.07732,0.082474,2.1,0.586363971,0.0,1.176154613,264,1056,-1124.46285675,,-4.531887809375,-3.98466913560606,,4,,25.431818181818183,-1304.947189,,-4.9843964375,-4.6408971439393945,,1,,3.2632575757575757,7.793383633197911,,"(0.4666666666666667, 0.058823529411764705, 0.9372549019607843)",True,True,True,True,51,118,67,"(0.5647058823529412, 0.43137254901960786, 0.0)",False,,,,,False,,,,,False
380_C308Si72_111_111_a0.015152_b0.060606_c2.072898_interface7shift5,7,5,5,C,False,2.1052631578947367,8,-69.80589084,-74.136955,0.19792,0.21875,28,111,1,1,1,Si,False,8,-42.60220066,-45.400925,0.29825,0.36841,12,111,1,1,1,0.015152,0.060606,2.072898,0.31893608,0.0,0.636863708,380,1520,,,,,,4,,,,,,,,1,,,,,,True,False,False,False,,,,,False,,,,,False,,,,,
48_Si48_001_122_a0.0_b0.0_c0.0_interface3shift1,3,1,1,Si,False,16.666666666666664,8,-42.60220066,-45.400925,-0.04051,0.04051,6,001,0,0,1,Si,False,8,-42.60220066,-45.400925,-0.04167,0.04167,2,122,1,2,2,0.0,0.0,0.0,0.0,0.0,0.0,48,192,176.13836843,109.075604,-5.3252750825,5.444641036458333,4.164113625,4,,4.416666666666667,-263.762734,,-5.675115625,-3.6033517500000003,,1,,3.0520833333333335,1.447098976109215,,"(0.32941176470588235, 0.32941176470588235, 0.6666666666666666)",False,False,False,True,161,167,6,"(0.03529411764705882, 0.9607843137254902, 0.0)",True,84,77,7,"(0.08235294117647059, 0.9137254901960784, 0.0)",False,,,,,False
264_Sn108Si156_001_001_a0.07732_b0.082474_c2.1_interface1shift3swap1,1,3,3,Sn,False,3.0303030303030303,8,-29.90800429,-34.349418,-0.0339,0.0339,18,001,0,0,1,Si,False,8,-42.60220066,-45.400925,-0.04051,0.04051,26,001,0,0,1,0.07732,0.082474,2.1,0.586363971,0.0,1.176154613,264,1056,-1122.26536875,,-4.531887809375,-3.9763453174242422,,4,,24.75378787878788,-1305.37925,,-4.9843964375,-4.642533738636364,,1,,5.610795454545454,4.411814345991561,,"(0.4666666666666667, 0.058823529411764705, 0.9372549019607843)",True,True,True,True,73,113,40,"(0.35294117647058826, 0.6431372549019608, 0.0)",False,,,,,False,,,,,False
380_C308Si72_111_111_a0.151515_b0.113636_c2.072898_interface11shift5,11,5,5,C,False,2.1052631578947367,8,-69.80589084,-74.136955,0.19792,0.21875,28,111,1,1,1,Si,False,8,-42.60220066,-45.400925,-0.03508,0.03508,12,111,1,1,1,0.151515,0.113636,2.072898,0.31893608,0.0,0.636863708,380,1520,,,,,,4,,,,,,,,1,,,,,,True,False,False,False,,,,,False,,,,,False,,,,,
120_Sn48Si72_011_011_a0.0_b0.0_c0.0_interface15shift1,15,1,1,Sn,False,6.666666666666667,8,-29.90800429,-34.349418,-0.02397,0.02397,8,011,0,1,1,Si,False,8,-42.60220066,-45.400925,-0.02864,0.02864,12,011,0,1,1,0.0,0.0,0.0,2.502466679,0.0,5.067539215,120,480,511.50981904,5022.230088,-4.531887809375,4.86683353325,42.51650359166667,4,,16.258333333333333,-605.353645,,-4.9843964375,-4.380027516666667,,1,,5.3,3.0676100628930816,,"(0.43137254901960786, 0.13333333333333333, 0.8666666666666667)",False,False,False,True,155,138,17,"(0.10588235294117647, 0.8901960784313725, 0.0)",True,78,89,11,"(0.12156862745098039, 0.8745098039215686, 0.0)",False,,,,,False
120_C84Si36_012_012_a0.356061_b0.080247_c1.482413_interface14shift7,14,7,7,C,False,6.666666666666667,8,-69.80589084,-74.136955,0.29167,0.375,14,012,0,1,2,Si,False,8,-42.60220066,-45.400925,-0.04167,0.04167,6,012,0,1,2,0.356061,0.080247,1.482413,0.318931341,6.83e-06,0.636857748,120,480,,,,,,4,,,,,,,,1,,,,,,True,False,False,False,,,,,False,,,,,False,,,,,
300_C264Si36_011_012_a0.358974_b0.072289_c1.790397_interface16shift1,16,1,1,C,False,2.666666666666667,8,-69.80589084,-74.136955,-0.04167,0.04167,44,011,0,1,1,Si,False,8,-42.60220066,-45.400925,-0.04167,0.04167,6,012,0,1,2,0.358974,0.072289,1.790397,2.657271385,0.0,0.022858381,300,1200,,,,,,4,,,,,,,,1,,,,,,True,False,False,False,,,,,False,,,,,False,,,,,
264_Sn108Si156_001_001_a0.07732_b0.082474_c2.1_interface1shift8swap7,1,8,8,Sn,False,3.0303030303030303,8,-29.90800429,-34.349418,-0.0339,0.0339,18,001,0,0,1,Si,False,8,-42.60220066,-45.400925,-0.04051,0.04051,26,001,0,0,1,0.07732,0.082474,2.1,0.586363971,0.0,1.176154613,264,1056,-1122.20180254,,-4.531887809375,-3.976104536325757,,4,,24.90909090909091,-1305.663239,,-4.9843964375,-4.643609454545455,,1,,4.328598484848484,5.754539488077008,,"(0.4666666666666667, 0.058823529411764705, 0.9372549019607843)",True,True,True,True,74,109,35,"(0.3176470588235294, 0.6784313725490196, 0.0)",False,,,,,False,,,,,False
264_Sn108Si156_001_001_a0.0_b0.0_c0.0_interface2shift1,2,1,1,Sn,False,3.0303030303030303,8,-29.90800429,-34.349418,-0.0339,0.0339,18,001,0,0,1,Si,False,8,-42.60220066,-45.400925,-0.04051,0.04051,26,001,0,0,1,0.0,0.0,0.0,0.586363971,0.0,1.176154613,264,1056,1370.83542997,18231.06672,-4.531887809375,5.46721831409091,,4,,50.75,,,,,,1,,,,,,False,False,False,False,,,,,False,,,,,False,,,,,
380_C308Si72_111_111_a0.075758_b0.022727_c2.072899_interface9shift1,9,1,1,C,False,2.1052631578947367,8,-69.80589084,-74.136955,0.19792,0.21875,28,111,1,1,1,Si,False,8,-42.60220066,-45.400925,-0.03508,0.03508,12,111,1,1,1,0.075758,0.022727,2.072899,0.31893608,0.0,0.636863708,380,1520,,,,,,4,,,,,,,,1,,,,,,True,False,False,False,,,,,False,,,,,False,,,,,
264_Sn108Si156_001_001_a0.07732_b0.082474_c2.1_interface2shift3swap8,2,3,3,Sn,False,3.0303030303030303,8,-29.90800429,-34.349418,-0.0339,0.0339,18,001,0,0,1,Si,False,8,-42.60220066,-45.400925,-0.04051,0.04051,26,001,0,0,1,0.07732,0.082474,2.1,0.586363971,0.0,1.176154613,264,1056,,,,,,4,,,-1308.837079,,-4.9843964375,-4.6556315757575755,,1,,3.490530303030303,,,,True,True,False,False,,,,,False,,,,,False,,,,,False
48_Si48_001_122_a0.0_b0.0_c0.0_interface13shift1,13,1,1,Si,False,16.666666666666664,8,-42.60220066,-45.400925,-0.04051,0.04051,6,001,0,0,1,Si,False,8,-42.60220066,-45.400925,-0.04167,0.04167,2,122,1,2,2,0.0,0.0,0.0,0.0,0.0,0.0,48,192,90.56228634,35.495588,-5.3252750825,3.661805992916667,2.631196625,4,,4.208333333333333,-264.309989,,-5.675115625,-3.6147528958333326,,1,,5.098958333333333,0.8253319713993871,,"(0.32941176470588235, 0.32941176470588235, 0.6666666666666666)",False,False,False,True,152,165,13,"(0.0784313725490196, 0.9176470588235294, 0.0)",True,75,75,0,"(0.0, 1.0, 0.0)",False,,,,,False
264_Sn108Si156_001_001_a0.07732_b0.082474_c2.1_interface2shift7,2,7,7,Sn,False,3.0303030303030303,8,-29.90800429,-34.349418,-0.0339,0.0339,18,001,0,0,1,Si,False,8,-42.60220066,-45.400925,-0.04051,0.04051,26,001,0,0,1,0.07732,0.082474,2.1,0.586363971,0.0,1.176154613,264,1056,,,,,,4,,,-1321.972719,,-4.9843964375,-4.705387787878789,,1,,3.430871212121212,,,,True,False,False,False,,,,,False,,,,,False,,,,,False
84_Ge48Si36_011_001_a0.0_b0.0_c0.0_interface14shift1,14,1,1,Ge,False,9.523809523809524,8,-35.08485951,-38.831661,-0.0275,0.0275,8,011,0,1,1,Si,False,8,-42.60220066,-45.400925,-0.04051,0.04051,6,001,0,0,1,0.0,0.0,0.0,1.183791161,0.538054943,2.267128229,84,336,823.40860549,13331.266461,-4.855441260625,10.727329353095238,159.70832198809524,4,,118.0,-425.432694,,-5.264536625,-4.061906047619048,,1,,7.026785714285714,16.792884371029224,,"(0.4, 0.18823529411764706, 0.807843137254902)",False,False,False,True,169,141,28,"(0.16470588235294117, 0.8313725490196079, 0.0)",True,92,94,2,"(0.0196078431372549, 0.9764705882352941, 0.0)",False,,,,,False
72_Ge48Si24_001_114_a0.43038_b0.943396_c1.495911_interface8shift1,8,1,1,Ge,False,11.11111111111111,8,-35.08485951,-38.831661,-0.03888,0.03888,8,001,0,0,1,Si,False,8,-42.60220066,-45.400925,-0.04167,0.04167,4,114,1,1,4,0.43038,0.943396,1.495911,4.008624077,0.0,2.267128229,72,288,-316.6388785,-349.879665,-4.855441260625,-3.318775254583333,-3.6895427638888885,4,,6.055555555555555,-361.398793,,-5.264536625,-3.8495306527777777,,1,,2.2395833333333335,2.703875968992248,,"(0.3843137254901961, 0.2196078431372549, 0.7764705882352941)",True,False,True,True,126,143,17,"(0.11764705882352941, 0.8784313725490196, 0.0)",True,49,49,0,"(0.0, 1.0, 0.0)",False,,,,,False
264_Sn108Si156_001_001_a0.07732_b0.082474_c2.1_interface1shift6swap4,1,6,6,Sn,False,3.0303030303030303,8,-29.90800429,-34.349418,-0.0339,0.0339,18,001,0,0,1,Si,False,8,-42.60220066,-45.400925,-0.04051,0.04051,26,001,0,0,1,0.07732,0.082474,2.1,0.586363971,0.0,1.176154613,264,1056,-1124.57878693,,-4.531887809375,-3.985108265075757,,4,,23.765151515151516,-1304.169079,,-4.9843964375,-4.637949757575758,,1,,4.486742424242424,5.296749683410722,,"(0.4666666666666667, 0.058823529411764705, 0.9372549019607843)",True,True,True,True,50,122,72,"(0.5882352941176471, 0.40784313725490196, 0.0)",False,,,,,False,,,,,False
264_Sn108Si156_001_001_a0.07732_b0.082474_c2.1_interface2shift7swap6,2,7,7,Sn,False,3.0303030303030303,8,-29.90800429,-34.349418,-0.0339,0.0339,18,001,0,0,1,Si,False,8,-42.60220066,-45.400925,-0.04051,0.04051,26,001,0,0,1,0.07732,0.082474,2.1,0.586363971,0.0,1.176154613,264,1056,,,,,,4,,,,,,,,1,,,,,,True,True,False,False,,,,,False,,,,,False,,,,,
120_C84Si36_012_012_a0.0_b0.0_c0.0_interface2shift1,2,1,1,C,False,6.666666666666667,8,-69.80589084,-74.136955,0.29167,0.375,14,012,0,1,2,Si,False,8,-42.60220066,-45.400925,-0.04167,0.04167,6,012,0,1,2,0.0,0.0,0.0,0.318931341,0.0,0.636857748,120,480,,,,,,4,,,-919.045692,,-7.4711175,-6.662565099999999,,1,,,,,,False,False,False,False,,,,,False,,,,,False,,,,,False
156_Ge48Si108_114_001_a0.0_b0.0_c0.0_interface5shift1,5,1,1,Ge,False,5.128205128205128,8,-35.08485951,-38.831661,-0.04167,0.04167,8,114,1,1,4,Si,False,8,-42.60220066,-45.400925,-0.04051,0.04051,18,001,0,0,1,0.0,0.0,0.0,4.008629799,0.0,2.267122269,156,624,4110.48360603,69072.476634,-4.855441260625,26.84724786025641,443.31223858974363,4,,17.128205128205128,-823.475889,,-5.264536625,-4.738739121794873,,1,,5.009615384615385,3.4190658989123475,,"(0.44313725490196076, 0.10196078431372549, 0.8941176470588236)",False,False,False,True,173,34,139,"(0.8, 0.19607843137254902, 0.0)",True,96,96,0,"(0.0, 1.0, 0.0)",False,,,,,False
380_C308Si72_111_111_a0.159091_b0.083333_c2.188944_interface10shift4,10,4,4,C,False,2.1052631578947367,8,-69.80589084,-74.136955,0.15625,0.17708,28,111,1,1,1,Si,False,8,-42.60220066,-45.400925,-0.03508,0.03508,12,111,1,1,1,0.159091,0.083333,2.188944,0.31893608,0.0,0.636863708,380,1520,,,,,,4,,,,,,,,1,,,,,,True,False,False,False,,,,,False,,,,,False,,,,,
380_C308Si72_111_111_a0.0_b0.0_c0.0_interface9shift1,9,1,1,C,False,2.1052631578947367,8,-69.80589084,-74.136955,0.19792,0.21875,28,111,1,1,1,Si,False,8,-42.60220066,-45.400925,-0.03508,0.03508,12,111,1,1,1,0.0,0.0,0.0,0.31893608,0.0,0.636863708,380,1520,,,,,,4,,,,,,,,1,,,,,,False,False,False,False,,,,,False,,,,,False,,,,,
264_Sn108Si156_001_001_a0.0_b0.0_c0.0_interface1shift1swap2,1,1,1,Sn,False,3.0303030303030303,8,-29.90800429,-34.349418,-0.0339,0.0339,18,001,0,0,1,Si,False,8,-42.60220066,-45.400925,-0.04051,0.04051,26,001,0,0,1,0.0,0.0,0.0,0.586363971,0.0,1.176154613,264,1056,981.84903307,,-4.531887809375,3.9937849925,,4,,81.95454545454545,,,,,,1,,,,,,False,True,False,False,,,,,False,,,,,False,,,,,
264_Sn108Si156_001_001_a0.07732_b0.082474_c2.1_interface1shift5swap3,1,5,5,Sn,False,3.0303030303030303,8,-29.90800429,-34.349418,-0.0339,0.0339,18,001,0,0,1,Si,False,8,-42.60220066,-45.400925,-0.04051,0.04051,26,001,0,0,1,0.07732,0.082474,2.1,0.586363971,0.0,1.176154613,264,1056,-1123.68643295,,-4.531887809375,-3.9817281363636354,,4,,24.78409090909091,-1305.882502,,-4.9843964375,-4.644439996212121,,1,,5.708333333333333,4.341738553417386,,"(0.4666666666666667, 0.058823529411764705, 0.9372549019607843)",True,True,True,True,57,100,43,"(0.42745098039215684, 0.5686274509803921, 0.0)",False,,,,,False,,,,,False
216_Sn72Si144_001_011_a0.0_b0.0_c0.0_interface7shift1,7,1,1,Sn,False,3.7037037037037033,8,-29.90800429,-34.349418,-0.0339,0.0339,12,001,0,0,1,Si,False,8,-42.60220066,-45.400925,-0.02864,0.02864,24,011,0,1,1,0.0,0.0,0.0,3.359757662,0.0,0.941377878,216,864,2573.80635039,132753.957785,-4.531887809375,12.25146553398148,614.970870962963,4,,46.083333333333336,-1108.581601,,-4.9843964375,-4.7631076759259265,,1,,6.641203703703703,6.939003136981527,,"(0.4588235294117647, 0.07058823529411765, 0.9254901960784314)",False,False,False,True,171,24,147,"(0.8588235294117647, 0.13725490196078433, 0.0)",True,94,97,3,"(0.027450980392156862, 0.9686274509803922, 0.0)",False,,,,,False
300_C264Si36_011_012_a0.0_b0.0_c0.0_interface16shift1,16,1,1,C,False,2.666666666666667,8,-69.80589084,-74.136955,-0.04167,0.04167,44,011,0,1,1,Si,False,8,-42.60220066,-45.400925,-0.04167,0.04167,6,012,0,1,2,0.0,0.0,0.0,2.657271385,0.0,0.022858381,300,1200,,,,,,4,,,,,,,,1,,,,,,False,False,False,False,,,,,False,,,,,False,,,,,
192_Ge72Si120_013_001_a0.0_b0.0_c0.0_interface11shift1,11,1,1,Ge,False,4.166666666666666,8,-35.08485951,-38.831661,0.125,0.20833,12,013,0,1,3,Si,False,8,-42.60220066,-45.400925,-0.04051,0.04051,20,001,0,0,1,0.0,0.0,0.0,4.008617401,0.0,2.872276306,192,768,1607.50226467,8339.321637,-4.855441260625,8.777027733541667,43.872678244791665,4,,21.005208333333332,-1003.196129,,-5.264536625,-4.7862684531249995,,1,,7.014322916666667,2.9946166697605343,,"(0.4549019607843137, 0.08235294117647059, 0.9137254901960784)",False,False,False,True,168,22,146,"(0.8666666666666667, 0.12941176470588237, 0.0)",True,91,90,1,"(0.00784313725490196, 0.9882352941176471, 0.0)",False,,,,,False
120_Ge48Si72_001_011_a0.898734_b0.138365_c2.1_interface7shift3swap7,7,3,3,Ge,False,6.666666666666667,8,-35.08485951,-38.831661,-0.03888,0.03888,8,001,0,0,1,Si,False,8,-42.60220066,-45.400925,-0.02864,0.02864,12,011,0,1,1,0.898734,0.138365,2.1,4.008624077,0.0,2.267128229,120,480,,,,,,4,,,,,,,,1,,,,,,True,True,False,False,,,,,False,,,,,False,,,,,
216_Ge144Si72_011_013_a0.09434_b0.579882_c1.888632_interface4shift4,4,4,4,Ge,False,3.7037037037037033,8,-35.08485951,-38.831661,-0.0275,0.0275,24,011,0,1,1,Si,False,8,-42.60220066,-45.400925,0.125,0.20833,12,013,0,1,3,0.09434,0.579882,1.888632,1.814228892,0.0,3.019499779,216,864,-960.62948493,-1061.503903,-4.855441260625,-4.0876964109259255,-4.524404245370371,4,,16.73148148148148,-1085.299758,,-5.264536625,-4.634570240740741,,1,,3.170138888888889,5.277838627236218,,"(0.4588235294117647, 0.07058823529411765, 0.9254901960784314)",True,False,True,True,37,131,94,"(0.7137254901960784, 0.2823529411764706, 0.0)",True,28,20,8,"(0.2823529411764706, 0.7137254901960784, 0.0)",False,,,,,False
380_C308Si72_111_111_a0.090909_b0.090909_c2.072899_interface5shift1,5,1,1,C,False,2.1052631578947367,8,-69.80589084,-74.136955,0.19792,0.21875,28,111,1,1,1,Si,False,8,-42.60220066,-45.400925,0.29825,0.36841,12,111,1,1,1,0.090909,0.090909,2.072899,0.31893608,0.0,0.636863708,380,1520,,,,,,4,,,,,,,,1,,,,,,True,False,False,False,,,,,False,,,,,False,,,,,
120_Sn48Si72_011_011_a0.0_b0.0_c0.0_interface13shift1,13,1,1,Sn,False,6.666666666666667,8,-29.90800429,-34.349418,-0.02397,0.02397,8,011,0,1,1,Si,False,8,-42.60220066,-45.400925,-0.02864,0.02864,12,011,0,1,1,0.0,0.0,0.0,2.502466679,0.0,5.067539215,120,480,265.98556248,12.799881,-4.531887809375,2.820798061916667,0.7712518666666667,4,,7.766666666666667,-608.336188,,-4.9843964375,-4.404882041666666,,1,,10.614583333333334,0.7316977428851815,,"(0.43137254901960786, 0.13333333333333333, 0.8666666666666667)",False,False,False,True,143,134,9,"(0.06274509803921569, 0.9333333333333333, 0.0)",True,66,65,1,"(0.011764705882352941, 0.984313725490196, 0.0)",False,,,,,False
120_Ge48Si72_001_011_a0.0_b0.0_c0.0_interface7shift1swap7,7,1,1,Ge,False,6.666666666666667,8,-35.08485951,-38.831661,-0.03888,0.03888,8,001,0,0,1,Si,False,8,-42.60220066,-45.400925,-0.02864,0.02864,12,011,0,1,1,0.0,0.0,0.0,4.008624077,0.0,2.267128229,120,480,,,,,,4,,,,,,,,1,,,,,,False,True,False,False,,,,,False,,,,,False,,,,,
120_Ge48Si72_001_011_a0.898734_b0.138365_c2.1_interface7shift4swap8,7,4,4,Ge,False,6.666666666666667,8,-35.08485951,-38.831661,-0.03888,0.03888,8,001,0,0,1,Si,False,8,-42.60220066,-45.400925,-0.02864,0.02864,12,011,0,1,1,0.898734,0.138365,2.1,4.008624077,0.0,2.267128229,120,480,,,,,,4,,,,,,,,1,,,,,,True,True,False,False,,,,,False,,,,,False,,,,,
264_Sn108Si156_001_001_a0.0_b0.0_c0.0_interface1shift1swap3,1,1,1,Sn,False,3.0303030303030303,8,-29.90800429,-34.349418,-0.0339,0.0339,18,001,0,0,1,Si,False,8,-42.60220066,-45.400925,-0.04051,0.04051,26,001,0,0,1,0.0,0.0,0.0,0.586363971,0.0,1.176154613,264,1056,498.31445319,,-4.531887809375,2.1622146141666665,,4,,78.52272727272727,,,,,,1,,,,,,False,True,False,False,,,,,False,,,,,False,,,,,
264_Sn108Si156_001_001_a0.07732_b0.082474_c2.1_interface2shift5swap8,2,5,5,Sn,False,3.0303030303030303,8,-29.90800429,-34.349418,-0.0339,0.0339,18,001,0,0,1,Si,False,8,-42.60220066,-45.400925,-0.04051,0.04051,26,001,0,0,1,0.07732,0.082474,2.1,0.586363971,0.0,1.176154613,264,1056,,,,,,4,,,-1308.26929,,-4.9843964375,-4.653480859848485,,1,,4.081439393939394,,,,True,True,False,False,,,,,False,,,,,False,,,,,False
120_Ge48Si72_114_013_a0.037736_b0.792899_c1.486533_interface3shift2,3,2,2,Ge,False,6.666666666666667,8,-35.08485951,-38.831661,-0.04167,0.04167,8,114,1,1,4,Si,False,8,-42.60220066,-45.400925,0.125,0.20833,12,013,0,1,3,0.037736,0.792899,1.486533,1.814228892,0.0,3.019487858,120,480,,,,,,4,,,,,,,,1,,,,,,True,False,False,False,,,,,False,,,,,False,,,,,
264_Sn108Si156_001_001_a0.0_b0.0_c0.0_interface2shift1swap1,2,1,1,Sn,False,3.0303030303030303,8,-29.90800429,-34.349418,-0.0339,0.0339,18,001,0,0,1,Si,False,8,-42.60220066,-45.400925,-0.04051,0.04051,26,001,0,0,1,0.0,0.0,0.0,0.586363971,0.0,1.176154613,264,1056,47.18901643,,-4.531887809375,0.45340614159090914,,4,,83.93560606060606,-275.491623,,-4.9843964375,-0.7414442424242423,,1,,3.3380681818181817,25.144964539007095,,"(0.4666666666666667, 0.058823529411764705, 0.9372549019607843)",False,True,True,True,,,,,False,,,,,False,,,,,True
380_C308Si72_111_111_a0.090909_b0.128788_c2.188944_interface10shift5,10,5,5,C,False,2.1052631578947367,8,-69.80589084,-74.136955,0.15625,0.17708,28,111,1,1,1,Si,False,8,-42.60220066,-45.400925,-0.03508,0.03508,12,111,1,1,1,0.090909,0.128788,2.188944,0.31893608,0.0,0.636863708,380,1520,,,,,,4,,,,,,,,1,,,,,,True,False,False,False,,,,,False,,,,,False,,,,,
264_Sn108Si156_001_001_a0.07732_b0.082474_c2.1_interface1shift5swap8,1,5,5,Sn,False,3.0303030303030303,8,-29.90800429,-34.349418,-0.0339,0.0339,18,001,0,0,1,Si,False,8,-42.60220066,-45.400925,-0.04051,0.04051,26,001,0,0,1,0.07732,0.082474,2.1,0.586363971,0.0,1.176154613,264,1056,-1119.42742325,,-4.531887809375,-3.9655955238636356,,4,,25.62121212121212,-1308.147409,,-4.9843964375,-4.653019189393939,,1,,3.9071969696969697,6.5574406204556475,,"(0.4666666666666667, 0.058823529411764705, 0.9372549019607843)",True,True,True,True,100,61,39,"(0.38823529411764707, 0.6078431372549019, 0.0)",False,,,,,False,,,,,False
120_C84Si36_012_012_a0.037879_b0.123457_c1.680068_interface12shift7,12,7,7,C,False,6.666666666666667,8,-69.80589084,-74.136955,0.29167,0.375,14,012,0,1,2,Si,False,8,-42.60220066,-45.400925,-0.04167,0.04167,6,012,0,1,2,0.037879,0.123457,1.680068,0.318931341,6.83e-06,0.636857748,120,480,,,,,,4,,,-935.471982,,-7.4711175,-6.79945085,,1,,,,,,True,False,False,False,,,,,False,,,,,False,,,,,False
96_Si96_133_133_a0.0_b0.0_c0.0_interface1shift1,1,1,1,Si,False,8.333333333333332,8,-42.60220066,-45.400925,0.13542,0.23958,8,133,1,3,3,Si,False,8,-42.60220066,-45.400925,0.13542,0.23958,8,133,1,3,3,0.0,0.0,0.0,0.0,0.0,0.0,96,384,,,,,,4,,,-527.332646,,-5.675115625,-4.547195791666666,,1,,1.7369791666666667,,,,False,False,False,False,,,,,False,,,,,False,,,,,False
264_Sn108Si156_001_001_a0.07732_b0.082474_c2.1_interface1shift3swap5,1,3,3,Sn,False,3.0303030303030303,8,-29.90800429,-34.349418,-0.0339,0.0339,18,001,0,0,1,Si,False,8,-42.60220066,-45.400925,-0.04051,0.04051,26,001,0,0,1,0.07732,0.082474,2.1,0.586363971,0.0,1.176154613,264,1056,-1120.54995353,,-4.531887809375,-3.9698475324999998,,4,,25.670454545454547,-1307.333195,,-4.9843964375,-4.649935045454545,,1,,3.6988636363636362,6.940092165898618,,"(0.4666666666666667, 0.058823529411764705, 0.9372549019607843)",True,True,True,True,93,70,23,"(0.24705882352941178, 0.7490196078431373, 0.0)",False,,,,,False,,,,,False
120_Ge48Si72_114_013_a0.289308_b0.792899_c1.486533_interface3shift3,3,3,3,Ge,False,6.666666666666667,8,-35.08485951,-38.831661,-0.04167,0.04167,8,114,1,1,4,Si,False,8,-42.60220066,-45.400925,0.125,0.20833,12,013,0,1,3,0.289308,0.792899,1.486533,1.814228892,0.0,3.019487858,120,480,,,,,,4,,,,,,,,1,,,,,,True,False,False,False,,,,,False,,,,,False,,,,,
72_C48Si24_001_111_a0.0_b0.0_c0.0_interface18shift1,18,1,1,C,False,11.11111111111111,8,-69.80589084,-74.136955,-0.04167,0.04167,8,001,0,0,1,Si,False,8,-42.60220066,-45.400925,-0.03508,0.03508,4,111,1,1,1,0.0,0.0,0.0,3.698940277,0.255134881,0.392830372,72,288,2078.21210537,3624.519118,-7.025505718750001,30.42528051208333,52.00079163888889,4,,80.58333333333333,-559.520327,,-7.4711175,-6.110867319444444,,1,,6.875,11.72121212121212,,"(0.3843137254901961, 0.2196078431372549, 0.7764705882352941)",False,False,False,True,174,3,171,"(0.9803921568627451, 0.01568627450980392, 0.0)",True,97,93,4,"(0.0392156862745098, 0.9568627450980393, 0.0)",False,,,,,False
264_Sn108Si156_001_001_a0.07732_b0.082474_c2.1_interface1shift4,1,4,4,Sn,False,3.0303030303030303,8,-29.90800429,-34.349418,-0.0339,0.0339,18,001,0,0,1,Si,False,8,-42.60220066,-45.400925,-0.04051,0.04051,26,001,0,0,1,0.07732,0.082474,2.1,0.586363971,0.0,1.176154613,264,1056,-1173.58612561,,-4.531887809375,-4.17074212371212,,4,,21.91287878787879,-1321.39508,,-4.9843964375,-4.703199761363637,,1,,2.8020833333333335,7.8202095302467045,,"(0.4666666666666667, 0.058823529411764705, 0.9372549019607843)",True,False,True,True,19,44,25,"(0.5647058823529412, 0.43137254901960786, 0.0)",False,,,,,False,,,,,False
120_C84Si36_012_012_a0.068182_b0.135802_c1.58124_interface12shift8,12,8,8,C,False,6.666666666666667,8,-69.80589084,-74.136955,0.29167,0.375,14,012,0,1,2,Si,False,8,-42.60220066,-45.400925,-0.04167,0.04167,6,012,0,1,2,0.068182,0.135802,1.58124,0.318931341,6.83e-06,0.636857748,120,480,,,,,,4,,,-939.019987,,-7.4711175,-6.829017558333333,,1,,,,,,True,False,False,False,,,,,False,,,,,False,,,,,False
264_Sn108Si156_001_001_a0.07732_b0.082474_c2.1_interface2shift6swap8,2,6,6,Sn,False,3.0303030303030303,8,-29.90800429,-34.349418,-0.0339,0.0339,18,001,0,0,1,Si,False,8,-42.60220066,-45.400925,-0.04051,0.04051,26,001,0,0,1,0.07732,0.082474,2.1,0.586363971,0.0,1.176154613,264,1056,,,,,,4,,,-1307.804719,,-4.9843964375,-4.6517211212121214,,1,,3.819128787878788,,,,True,True,False,False,,,,,False,,,,,False,,,,,False
120_Ge48Si72_001_011_a0.898734_b0.138365_c2.1_interface7shift5swap2,7,5,5,Ge,False,6.666666666666667,8,-35.08485951,-38.831661,-0.03888,0.03888,8,001,0,0,1,Si,False,8,-42.60220066,-45.400925,-0.02864,0.02864,12,011,0,1,1,0.898734,0.138365,2.1,4.008624077,0.0,2.267128229,120,480,,,,,,4,,,,,,,,1,,,,,,True,True,False,False,,,,,False,,,,,False,,,,,
120_C84Si36_012_012_a0.856061_b0.074074_c1.482413_interface14shift1,14,1,1,C,False,6.666666666666667,8,-69.80589084,-74.136955,0.29167,0.375,14,012,0,1,2,Si,False,8,-42.60220066,-45.400925,-0.04167,0.04167,6,012,0,1,2,0.856061,0.074074,1.482413,0.318931341,6.83e-06,0.636857748,120,480,,,,,,4,,,,,,,,1,,,,,,True,False,False,False,,,,,False,,,,,False,,,,,
380_C308Si72_111_111_a0.068182_b0.022727_c2.072899_interface9shift4,9,4,4,C,False,2.1052631578947367,8,-69.80589084,-74.136955,0.19792,0.21875,28,111,1,1,1,Si,False,8,-42.60220066,-45.400925,-0.03508,0.03508,12,111,1,1,1,0.068182,0.022727,2.072899,0.31893608,0.0,0.636863708,380,1520,,,,,,4,,,,,,,,1,,,,,,True,False,False,False,,,,,False,,,,,False,,,,,
264_Sn108Si156_001_001_a0.07732_b0.082474_c2.1_interface2shift3,2,3,3,Sn,False,3.0303030303030303,8,-29.90800429,-34.349418,-0.0339,0.0339,18,001,0,0,1,Si,False,8,-42.60220066,-45.400925,-0.04051,0.04051,26,001,0,0,1,0.07732,0.082474,2.1,0.586363971,0.0,1.176154613,264,1056,,,,,,4,,,-1321.398388,,-4.9843964375,-4.703212291666667,,1,,2.6581439393939394,,,,True,False,False,False,,,,,False,,,,,False,,,,,False
120_Ge48Si72_001_011_a0.898734_b0.138365_c2.1_interface7shift1swap7,7,1,1,Ge,False,6.666666666666667,8,-35.08485951,-38.831661,-0.03888,0.03888,8,001,0,0,1,Si,False,8,-42.60220066,-45.400925,-0.02864,0.02864,12,011,0,1,1,0.898734,0.138365,2.1,4.008624077,0.0,2.267128229,120,480,,,,,,4,,,,,,,,1,,,,,,True,True,False,False,,,,,False,,,,,False,,,,,
380_C308Si72_111_111_a0.174242_b0.098485_c2.188944_interface6shift8,6,8,8,C,False,2.1052631578947367,8,-69.80589084,-74.136955,0.15625,0.17708,28,111,1,1,1,Si,False,8,-42.60220066,-45.400925,0.29825,0.36841,12,111,1,1,1,0.174242,0.098485,2.188944,0.31893608,0.0,0.636863708,380,1520,,,,,,4,,,,,,,,1,,,,,,True,False,False,False,,,,,False,,,,,False,,,,,
120_C84Si36_012_012_a0.302469_b0.0_c1.680068_interface13shift3,13,3,3,C,False,6.666666666666667,8,-69.80589084,-74.136955,0.29167,0.375,14,012,0,1,2,Si,False,8,-42.60220066,-45.400925,-0.04167,0.04167,6,012,0,1,2,0.302469,0.0,1.680068,0.318931341,6.83e-06,0.636857748,120,480,,,,,,4,,,,,,,,1,,,,,,True,False,False,False,,,,,False,,,,,False,,,,,
120_C84Si36_012_012_a0.246914_b0.407407_c1.482413_interface3shift3,3,3,3,C,False,6.666666666666667,8,-69.80589084,-74.136955,-0.04167,0.04167,14,012,0,1,2,Si,False,8,-42.60220066,-45.400925,-0.04167,0.04167,6,012,0,1,2,0.246914,0.407407,1.482413,0.318931341,0.0,0.636857748,120,480,,,,,,4,,,,,,,,1,,,,,,True,False,False,False,,,,,False,,,,,False,,,,,
120_C84Si36_012_012_a0.080247_b0.91358_c1.482413_interface3shift1,3,1,1,C,False,6.666666666666667,8,-69.80589084,-74.136955,-0.04167,0.04167,14,012,0,1,2,Si,False,8,-42.60220066,-45.400925,-0.04167,0.04167,6,012,0,1,2,0.080247,0.91358,1.482413,0.318931341,0.0,0.636857748,120,480,,,,,,4,,,-925.46059,,-7.4711175,-6.7160225833333325,,1,,,,,,True,False,False,False,,,,,False,,,,,False,,,,,False
120_Ge48Si72_001_011_a0.898734_b0.138365_c2.1_interface7shift4swap4,7,4,4,Ge,False,6.666666666666667,8,-35.08485951,-38.831661,-0.03888,0.03888,8,001,0,0,1,Si,False,8,-42.60220066,-45.400925,-0.02864,0.02864,12,011,0,1,1,0.898734,0.138365,2.1,4.008624077,0.0,2.267128229,120,480,,,,,,4,,,,,,,,1,,,,,,True,True,False,False,,,,,False,,,,,False,,,,,
120_C84Si36_012_012_a0.104938_b0.839506_c1.482413_interface3shift5,3,5,5,C,False,6.666666666666667,8,-69.80589084,-74.136955,-0.04167,0.04167,14,012,0,1,2,Si,False,8,-42.60220066,-45.400925,-0.04167,0.04167,6,012,0,1,2,0.104938,0.839506,1.482413,0.318931341,0.0,0.636857748,120,480,,,,,,4,,,-938.975126,,-7.4711175,-6.828643716666667,,1,,,,,,True,False,False,False,,,,,False,,,,,False,,,,,False
264_Sn108Si156_001_001_a0.07732_b0.082474_c2.1_interface1shift1swap7,1,1,1,Sn,False,3.0303030303030303,8,-29.90800429,-34.349418,-0.0339,0.0339,18,001,0,0,1,Si,False,8,-42.60220066,-45.400925,-0.04051,0.04051,26,001,0,0,1,0.07732,0.082474,2.1,0.586363971,0.0,1.176154613,264,1056,-1122.28330727,,-4.531887809375,-3.976413266363636,,4,,24.674242424242426,,,,,,1,,,,,,True,True,False,False,,,,,False,,,,,False,,,,,
264_Sn108Si156_001_001_a0.07732_b0.082474_c2.1_interface2shift7swap3,2,7,7,Sn,False,3.0303030303030303,8,-29.90800429,-34.349418,-0.0339,0.0339,18,001,0,0,1,Si,False,8,-42.60220066,-45.400925,-0.04051,0.04051,26,001,0,0,1,0.07732,0.082474,2.1,0.586363971,0.0,1.176154613,264,1056,,,,,,4,,,-1306.152582,,-4.9843964375,-4.645463026515151,,1,,4.613636363636363,,,,True,True,False,False,,,,,False,,,,,False,,,,,False
120_Ge48Si72_001_011_a0.898734_b0.138365_c2.1_interface7shift8swap6,7,8,8,Ge,False,6.666666666666667,8,-35.08485951,-38.831661,-0.03888,0.03888,8,001,0,0,1,Si,False,8,-42.60220066,-45.400925,-0.02864,0.02864,12,011,0,1,1,0.898734,0.138365,2.1,4.008624077,0.0,2.267128229,120,480,,,,,,4,,,,,,,,1,,,,,,True,True,False,False,,,,,False,,,,,False,,,,,
72_Ge48Si24_001_114_a0.075949_b0.062893_c1.495911_interface6shift5,6,5,5,Ge,False,11.11111111111111,8,-35.08485951,-38.831661,-0.03888,0.03888,8,001,0,0,1,Si,False,8,-42.60220066,-45.400925,-0.04167,0.04167,4,114,1,1,4,0.075949,0.062893,1.495911,4.008624077,0.0,2.267128229,72,288,-307.66970338,-341.36306,-4.855441260625,-3.1942033779166668,-3.571256583333334,4,,6.166666666666667,-360.609718,,-5.264536625,-3.838571277777777,,1,,2.78125,2.2172284644194757,,"(0.3843137254901961, 0.2196078431372549, 0.7764705882352941)",True,False,True,True,135,153,18,"(0.11764705882352941, 0.8823529411764706, 0.0)",True,58,58,0,"(0.0, 1.0, 0.0)",False,,,,,False
120_C84Si36_012_012_a0.061728_b0.907407_c1.58124_interface1shift2,1,2,2,C,False,6.666666666666667,8,-69.80589084,-74.136955,0.29167,0.375,14,012,0,1,2,Si,False,8,-42.60220066,-45.400925,-0.04167,0.04167,6,012,0,1,2,0.061728,0.907407,1.58124,0.318931341,0.0,0.636857748,120,480,,,,,,4,,,-932.288069,,-7.4711175,-6.772918241666667,,1,,,,,,True,False,False,False,,,,,False,,,,,False,,,,,False
120_Si120_001_001_a0.0_b0.0_c0.0_interface9shift1,9,1,1,Si,False,6.666666666666667,8,-42.60220066,-45.400925,-0.04051,0.04051,10,001,0,0,1,Si,False,8,-42.60220066,-45.400925,-0.04051,0.04051,10,001,0,0,1,0.0,0.0,0.0,0.0,0.0,0.0,120,480,266.55891115,96.482945,-5.3252750825,2.9313609372499996,1.5607066250000001,4,,11.058333333333334,-654.198905,,-5.675115625,-4.6949754583333325,,1,,2.220833333333333,4.979362101313321,,"(0.43137254901960786, 0.13333333333333333, 0.8666666666666667)",False,False,False,True,144,45,99,"(0.6862745098039216, 0.30980392156862746, 0.0)",True,67,71,4,"(0.054901960784313725, 0.9411764705882353, 0.0)",False,,,,,False
228_Ge108Si120_001_001_a0.408284_b0.08284_c2.0_interface1shift8,1,8,8,Ge,False,3.508771929824561,8,-35.08485951,-38.831661,-0.03888,0.03888,18,001,0,0,1,Si,False,8,-42.60220066,-45.400925,-0.04051,0.04051,20,001,0,0,1,0.408284,0.08284,2.0,1.183802485,0.0,2.38161087,228,912,-1063.54341538,-1155.663679,-4.855441260625,-4.3239313825000005,-4.699259179824562,4,,14.057017543859649,-1185.94093,,-5.264536625,-4.832054140350878,,1,,2.348684210526316,5.985060690943043,,"(0.4627450980392157, 0.06666666666666667, 0.9294117647058824)",True,False,True,True,7,12,5,"(0.41568627450980394, 0.5803921568627451, 0.0)",True,7,7,0,"(0.0, 1.0, 0.0)",False,,,,,False
120_Ge48Si72_001_011_a0.898734_b0.138365_c2.1_interface7shift6swap2,7,6,6,Ge,False,6.666666666666667,8,-35.08485951,-38.831661,-0.03888,0.03888,8,001,0,0,1,Si,False,8,-42.60220066,-45.400925,-0.02864,0.02864,12,011,0,1,1,0.898734,0.138365,2.1,4.008624077,0.0,2.267128229,120,480,,,,,,4,,,,,,,,1,,,,,,True,True,False,False,,,,,False,,,,,False,,,,,
380_C308Si72_111_111_a0.022727_b0.280303_c2.072899_interface5shift8,5,8,8,C,False,2.1052631578947367,8,-69.80589084,-74.136955,0.19792,0.21875,28,111,1,1,1,Si,False,8,-42.60220066,-45.400925,0.29825,0.36841,12,111,1,1,1,0.022727,0.280303,2.072899,0.31893608,0.0,0.636863708,380,1520,,,,,,4,,,,,,,,1,,,,,,True,False,False,False,,,,,False,,,,,False,,,,,
120_C84Si36_012_012_a0.12963_b0.54321_c1.58124_interface1shift5,1,5,5,C,False,6.666666666666667,8,-69.80589084,-74.136955,0.29167,0.375,14,012,0,1,2,Si,False,8,-42.60220066,-45.400925,-0.04167,0.04167,6,012,0,1,2,0.12963,0.54321,1.58124,0.318931341,0.0,0.636857748,120,480,,,,,,4,,,-931.95252,,-7.4711175,-6.770122000000001,,1,,,,,,True,False,False,False,,,,,False,,,,,False,,,,,False
264_Sn108Si156_001_001_a0.07732_b0.082474_c2.1_interface1shift7swap4,1,7,7,Sn,False,3.0303030303030303,8,-29.90800429,-34.349418,-0.0339,0.0339,18,001,0,0,1,Si,False,8,-42.60220066,-45.400925,-0.04051,0.04051,26,001,0,0,1,0.07732,0.082474,2.1,0.586363971,0.0,1.176154613,264,1056,-1124.67447501,,-4.531887809375,-3.985470719924242,,4,,24.825757575757574,-1306.732754,,-4.9843964375,-4.647660647727274,,1,,6.25,3.9721212121212117,,"(0.4666666666666667, 0.058823529411764705, 0.9372549019607843)",True,True,True,True,46,79,33,"(0.41568627450980394, 0.5803921568627451, 0.0)",False,,,,,False,,,,,False
24_Si24_001_001_a0.0_b0.0_c0.0_interface7shift1swap1,7,1,1,Si,False,33.33333333333333,8,-42.60220066,-45.400925,-0.04051,0.04051,2,001,0,0,1,Si,False,8,-42.60220066,-45.400925,-0.04051,0.04051,2,001,0,0,1,0.0,0.0,0.0,0.0,0.0,0.0,24,96,39.20221918,15.425487,-5.3252750825,5.1836091875,4.426139041666667,4,,2.875,-124.197694,,-5.675115625,-1.3914935,,1,,0.8854166666666666,3.2470588235294118,,"(0.16470588235294117, 0.6627450980392157, 0.3333333333333333)",False,True,False,True,157,177,20,"(0.10980392156862745, 0.8862745098039215, 0.0)",True,80,80,0,"(0.0, 1.0, 0.0)",False,,,,,False
288_Si288_011_011_a0.0_b0.0_c0.0_interface15shift1,15,1,1,Si,False,2.7777777777777777,8,-42.60220066,-45.400925,-0.02864,0.02864,24,011,0,1,1,Si,False,8,-42.60220066,-45.400925,-0.02864,0.02864,24,011,0,1,1,0.0,0.0,0.0,0.0,0.0,0.0,288,1152,,,,,,4,,,,,,,,1,,,,,,False,False,False,False,,,,,False,,,,,False,,,,,
264_Sn108Si156_001_001_a0.07732_b0.082474_c2.1_interface2shift1swap5,2,1,1,Sn,False,3.0303030303030303,8,-29.90800429,-34.349418,-0.0339,0.0339,18,001,0,0,1,Si,False,8,-42.60220066,-45.400925,-0.04051,0.04051,26,001,0,0,1,0.07732,0.082474,2.1,0.586363971,0.0,1.176154613,264,1056,-1120.3969358,,-4.531887809375,-3.969267919886363,,4,,24.583333333333332,-1309.183102,,-4.9843964375,-4.656942268939394,,1,,4.534090909090909,5.421888053467001,,"(0.4666666666666667, 0.058823529411764705, 0.9372549019607843)",True,True,True,True,94,54,40,"(0.4235294117647059, 0.5725490196078431, 0.0)",False,,,,,False,,,,,False
264_Sn108Si156_001_001_a0.07732_b0.082474_c2.1_interface1shift4swap5,1,4,4,Sn,False,3.0303030303030303,8,-29.90800429,-34.349418,-0.0339,0.0339,18,001,0,0,1,Si,False,8,-42.60220066,-45.400925,-0.04051,0.04051,26,001,0,0,1,0.07732,0.082474,2.1,0.586363971,0.0,1.176154613,264,1056,-1121.25485699,,-4.531887809375,-3.972517621363636,,4,,25.428030303030305,-1305.96823,,-4.9843964375,-4.644764723484848,,1,,5.143939393939394,4.943298969072165,,"(0.4666666666666667, 0.058823529411764705, 0.9372549019607843)",True,True,True,True,89,95,6,"(0.06274509803921569, 0.9333333333333333, 0.0)",False,,,,,False,,,,,False
228_Ge108Si120_001_001_a0.911243_b0.254438_c2.0_interface1shift7,1,7,7,Ge,False,3.508771929824561,8,-35.08485951,-38.831661,-0.03888,0.03888,18,001,0,0,1,Si,False,8,-42.60220066,-45.400925,-0.04051,0.04051,20,001,0,0,1,0.911243,0.254438,2.0,1.183802485,0.0,2.38161087,228,912,-1063.57187476,-1155.692331,-4.855441260625,-4.324056204342105,-4.6993848464912285,4,,14.035087719298245,-1185.190384,,-5.264536625,-4.8287622719298255,,1,,1.968201754385965,7.13091922005571,,"(0.4627450980392157, 0.06666666666666667, 0.9294117647058824)",True,False,True,True,5,20,15,"(0.7490196078431373, 0.24705882352941178, 0.0)",True,5,5,0,"(0.0, 1.0, 0.0)",False,,,,,False
264_Sn108Si156_001_001_a0.07732_b0.082474_c2.1_interface2shift4,2,4,4,Sn,False,3.0303030303030303,8,-29.90800429,-34.349418,-0.0339,0.0339,18,001,0,0,1,Si,False,8,-42.60220066,-45.400925,-0.04051,0.04051,26,001,0,0,1,0.07732,0.082474,2.1,0.586363971,0.0,1.176154613,264,1056,,,,,,4,,,-1321.972282,,-4.9843964375,-4.705386132575757,,1,,3.492424242424242,,,,True,False,False,False,,,,,False,,,,,False,,,,,False
380_C308Si72_111_111_a0.045455_b0.068182_c2.188944_interface8shift4,8,4,4,C,False,2.1052631578947367,8,-69.80589084,-74.136955,0.15625,0.17708,28,111,1,1,1,Si,False,8,-42.60220066,-45.400925,-0.03508,0.03508,12,111,1,1,1,0.045455,0.068182,2.188944,0.31893608,0.0,0.636863708,380,1520,,,,,,4,,,,,,,,1,,,,,,True,False,False,False,,,,,False,,,,,False,,,,,
264_Sn108Si156_001_001_a0.07732_b0.082474_c2.1_interface1shift6swap3,1,6,6,Sn,False,3.0303030303030303,8,-29.90800429,-34.349418,-0.0339,0.0339,18,001,0,0,1,Si,False,8,-42.60220066,-45.400925,-0.04051,0.04051,26,001,0,0,1,0.07732,0.082474,2.1,0.586363971,0.0,1.176154613,264,1056,-1119.56588642,,-4.531887809375,-3.966120005568181,,4,,25.613636363636363,-1307.083251,,-4.9843964375,-4.6489882878787885,,1,,3.1259469696969697,8.193880642229628,,"(0.4666666666666667, 0.058823529411764705, 0.9372549019607843)",True,True,True,True,99,74,25,"(0.25098039215686274, 0.7450980392156863, 0.0)",False,,,,,False,,,,,False
72_Ge48Si24_001_114_a0.075949_b0.566038_c1.495911_interface6shift8,6,8,8,Ge,False,11.11111111111111,8,-35.08485951,-38.831661,-0.03888,0.03888,8,001,0,0,1,Si,False,8,-42.60220066,-45.400925,-0.04167,0.04167,4,114,1,1,4,0.075949,0.566038,1.495911,4.008624077,0.0,2.267128229,72,288,-308.47981647,-342.013976,-4.855441260625,-3.205454948611111,-3.580297083333333,4,,6.0,-360.610114,,-5.264536625,-3.8385767777777775,,1,,2.638888888888889,2.2736842105263158,,"(0.3843137254901961, 0.2196078431372549, 0.7764705882352941)",True,False,True,True,131,152,21,"(0.13725490196078433, 0.8588235294117647, 0.0)",True,54,54,0,"(0.0, 1.0, 0.0)",False,,,,,False
264_Sn108Si156_001_001_a0.07732_b0.082474_c2.1_interface2shift4swap4,2,4,4,Sn,False,3.0303030303030303,8,-29.90800429,-34.349418,-0.0339,0.0339,18,001,0,0,1,Si,False,8,-42.60220066,-45.400925,-0.04051,0.04051,26,001,0,0,1,0.07732,0.082474,2.1,0.586363971,0.0,1.176154613,264,1056,,,,,,4,,,-1305.698292,,-4.9843964375,-4.643742231060607,,1,,4.2518939393939394,,,,True,True,False,False,,,,,False,,,,,False,,,,,False
120_Ge48Si72_001_011_a0.898734_b0.138365_c2.1_interface7shift8,7,8,8,Ge,False,6.666666666666667,8,-35.08485951,-38.831661,-0.03888,0.03888,8,001,0,0,1,Si,False,8,-42.60220066,-45.400925,-0.02864,0.02864,12,011,0,1,1,0.898734,0.138365,2.1,4.008624077,0.0,2.267128229,120,480,,,,,,4,,,,,,,,1,,,,,,True,False,False,False,,,,,False,,,,,False,,,,,
204_Ge96Si108_001_001_a0.0_b0.0_c0.0_interface10shift1,10,1,1,Ge,False,3.9215686274509802,8,-35.08485951,-38.831661,-0.03888,0.03888,16,001,0,0,1,Si,False,8,-42.60220066,-45.400925,-0.04051,0.04051,18,001,0,0,1,0.0,0.0,0.0,1.814228892,0.0,3.661370277,204,816,6238.37711473,132463.691143,-4.855441260625,30.961098896568625,649.7447241617647,4,,26.21078431372549,-1047.309657,,-5.264536625,-4.720966034313726,,1,,5.653186274509804,4.636462172122263,,"(0.4588235294117647, 0.0784313725490196, 0.9215686274509803)",False,False,False,True,177,35,142,"(0.8, 0.19607843137254902, 0.0)",True,100,98,2,"(0.0196078431372549, 0.9764705882352941, 0.0)",False,,,,,False
264_Sn108Si156_001_001_a0.07732_b0.082474_c2.1_interface2shift3swap5,2,3,3,Sn,False,3.0303030303030303,8,-29.90800429,-34.349418,-0.0339,0.0339,18,001,0,0,1,Si,False,8,-42.60220066,-45.400925,-0.04051,0.04051,26,001,0,0,1,0.07732,0.082474,2.1,0.586363971,0.0,1.176154613,264,1056,,,,,,4,,,-1305.645334,,-4.9843964375,-4.643541632575758,,1,,4.387310606060606,,,,True,True,False,False,,,,,False,,,,,False,,,,,False
144_Si144_011_011_a0.0_b0.0_c0.0_interface14shift1,14,1,1,Si,False,5.555555555555555,8,-42.60220066,-45.400925,-0.02864,0.02864,12,011,0,1,1,Si,False,8,-42.60220066,-45.400925,-0.02864,0.02864,12,011,0,1,1,0.0,0.0,0.0,0.0,0.0,0.0,144,576,381.65164194,41.486267,-5.3252750825,3.242055855972222,0.9186674791666667,4,,13.5625,-790.100983,,-5.675115625,-4.856243979166667,,1,,4.444444444444445,3.0515624999999997,,"(0.4392156862745098, 0.10980392156862745, 0.8862745098039215)",False,False,False,True,149,5,144,"(0.9647058823529412, 0.03137254901960784, 0.0)",True,72,67,5,"(0.06666666666666667, 0.9294117647058824, 0.0)",False,,,,,False
120_Ge48Si72_001_011_a0.0_b0.0_c0.0_interface7shift1swap1,7,1,1,Ge,False,6.666666666666667,8,-35.08485951,-38.831661,-0.03888,0.03888,8,001,0,0,1,Si,False,8,-42.60220066,-45.400925,-0.02864,0.02864,12,011,0,1,1,0.0,0.0,0.0,4.008624077,0.0,2.267128229,120,480,,,,,,4,,,,,,,,1,,,,,,False,True,False,False,,,,,False,,,,,False,,,,,
228_Ge108Si120_001_001_a0.745562_b0.112426_c2.0_interface2shift6,2,6,6,Ge,False,3.508771929824561,8,-35.08485951,-38.831661,-0.03888,0.03888,18,001,0,0,1,Si,False,8,-42.60220066,-45.400925,-0.04051,0.04051,20,001,0,0,1,0.745562,0.112426,2.0,1.183802485,0.0,2.38161087,228,912,-1063.53961298,-1155.658222,-4.855441260625,-4.3239147053070175,-4.699235245614036,4,,14.083333333333334,-1185.193153,,-5.264536625,-4.828774416666667,,1,,1.9232456140350878,7.322690992018244,,"(0.4627450980392157, 0.06666666666666667, 0.9294117647058824)",True,False,True,True,10,16,6,"(0.37254901960784315, 0.6235294117647059, 0.0)",True,10,10,0,"(0.0, 1.0, 0.0)",False,,,,,False
380_C308Si72_111_111_a0.090909_b0.098485_c2.072899_interface5shift5,5,5,5,C,False,2.1052631578947367,8,-69.80589084,-74.136955,0.19792,0.21875,28,111,1,1,1,Si,False,8,-42.60220066,-45.400925,0.29825,0.36841,12,111,1,1,1,0.090909,0.098485,2.072899,0.31893608,0.0,0.636863708,380,1520,,,,,,4,,,,,,,,1,,,,,,True,False,False,False,,,,,False,,,,,False,,,,,
264_Sn108Si156_001_001_a0.07732_b0.082474_c2.1_interface1shift8swap6,1,8,8,Sn,False,3.0303030303030303,8,-29.90800429,-34.349418,-0.0339,0.0339,18,001,0,0,1,Si,False,8,-42.60220066,-45.400925,-0.04051,0.04051,26,001,0,0,1,0.07732,0.082474,2.1,0.586363971,0.0,1.176154613,264,1056,-1126.3944092,,-4.531887809375,-3.99198562215909,,4,,26.515151515151516,-1306.04408,,-4.9843964375,-4.645052034090909,,1,,2.9015151515151514,9.138381201044387,,"(0.4666666666666667, 0.058823529411764705, 0.9372549019607843)",True,True,True,True,42,94,52,"(0.5529411764705883, 0.44313725490196076, 0.0)",False,,,,,False,,,,,False
264_Sn108Si156_001_001_a0.07732_b0.082474_c2.1_interface1shift1swap4,1,1,1,Sn,False,3.0303030303030303,8,-29.90800429,-34.349418,-0.0339,0.0339,18,001,0,0,1,Si,False,8,-42.60220066,-45.400925,-0.04051,0.04051,26,001,0,0,1,0.07732,0.082474,2.1,0.586363971,0.0,1.176154613,264,1056,-1120.84764024,-1232.086312,-4.531887809375,-3.9709751336742416,-4.364908973484848,4,,24.87878787878788,-1307.366573,,-4.9843964375,-4.650061477272728,,1,,2.665719696969697,9.332859680284193,,"(0.4666666666666667, 0.058823529411764705, 0.9372549019607843)",True,True,True,True,91,69,22,"(0.23921568627450981, 0.7568627450980392, 0.0)",True,36,36,0,"(0.0, 1.0, 0.0)",False,,,,,False
156_Ge84Si72_001_112_a0.0_b0.0_c0.0_interface16shift1,16,1,1,Ge,False,5.128205128205128,8,-35.08485951,-38.831661,-0.03888,0.03888,14,001,0,0,1,Si,False,8,-42.60220066,-45.400925,-0.04167,0.04167,12,112,1,1,2,0.0,0.0,0.0,4.008624554,0.380735219,3.269535303,156,624,243.99941848,11.084865,-4.855441260625,2.0620928118589745,,4,,9.698717948717949,,,,,,1,,,,,,False,False,False,False,,,,,False,,,,,False,,,,,
120_Ge48Si72_001_011_a0.898734_b0.138365_c2.1_interface7shift2swap5,7,2,2,Ge,False,6.666666666666667,8,-35.08485951,-38.831661,-0.03888,0.03888,8,001,0,0,1,Si,False,8,-42.60220066,-45.400925,-0.02864,0.02864,12,011,0,1,1,0.898734,0.138365,2.1,4.008624077,0.0,2.267128229,120,480,,,,,,4,,,,,,,,1,,,,,,True,True,False,False,,,,,False,,,,,False,,,,,
264_Sn108Si156_001_001_a0.07732_b0.082474_c2.1_interface2shift2swap4,2,2,2,Sn,False,3.0303030303030303,8,-29.90800429,-34.349418,-0.0339,0.0339,18,001,0,0,1,Si,False,8,-42.60220066,-45.400925,-0.04051,0.04051,26,001,0,0,1,0.07732,0.082474,2.1,0.586363971,0.0,1.176154613,264,1056,-1123.01010561,,-4.531887809375,-3.9791662903787874,,4,,25.96212121212121,-1305.843533,,-4.9843964375,-4.644292386363636,,1,,3.1070075757575757,8.355989027735447,,"(0.4666666666666667, 0.058823529411764705, 0.9372549019607843)",True,True,True,True,65,102,37,"(0.3607843137254902, 0.6352941176470588, 0.0)",False,,,,,False,,,,,False
120_C84Si36_012_012_a0.185185_b0.179012_c1.680068_interface2shift2,2,2,2,C,False,6.666666666666667,8,-69.80589084,-74.136955,0.29167,0.375,14,012,0,1,2,Si,False,8,-42.60220066,-45.400925,-0.04167,0.04167,6,012,0,1,2,0.185185,0.179012,1.680068,0.318931341,0.0,0.636857748,120,480,,,,,,4,,,,,,,,1,,,,,,True,False,False,False,,,,,False,,,,,False,,,,,
48_Si48_001_122_a0.0_b0.0_c0.0_interface12shift1,12,1,1,Si,False,16.666666666666664,8,-42.60220066,-45.400925,-0.04051,0.04051,6,001,0,0,1,Si,False,8,-42.60220066,-45.400925,-0.04167,0.04167,2,122,1,2,2,0.0,0.0,0.0,0.0,0.0,0.0,48,192,-45.20122103,-103.590266,-5.3252750825,0.833399589375,-0.2664253333333333,4,,3.8958333333333335,-263.207056,,-5.675115625,-3.5917751250000003,,1,,2.5833333333333335,1.5080645161290323,,"(0.32941176470588235, 0.32941176470588235, 0.6666666666666666)",False,False,True,True,140,170,30,"(0.17647058823529413, 0.8235294117647058, 0.0)",True,63,63,0,"(0.0, 1.0, 0.0)",False,,,,,False
228_Ge108Si120_001_001_a0.745562_b0.272189_c2.0_interface2shift2,2,2,2,Ge,False,3.508771929824561,8,-35.08485951,-38.831661,-0.03888,0.03888,18,001,0,0,1,Si,False,8,-42.60220066,-45.400925,-0.04051,0.04051,20,001,0,0,1,0.745562,0.272189,2.0,1.183802485,0.0,2.38161087,228,912,-1063.53051838,-1155.646833,-4.855441260625,-4.323874816710526,-4.6991852938596494,4,,14.12280701754386,-1186.1188,,-5.264536625,-4.832834271929825,,1,,2.74890350877193,5.137614678899083,,"(0.4627450980392157, 0.06666666666666667, 0.9294117647058824)",True,False,True,True,13,11,2,"(0.15294117647058825, 0.8431372549019608, 0.0)",True,13,15,2,"(0.13333333333333333, 0.8666666666666667, 0.0)",False,,,,,False
120_Ge48Si72_001_011_a0.898734_b0.138365_c2.1_interface7shift4swap2,7,4,4,Ge,False,6.666666666666667,8,-35.08485951,-38.831661,-0.03888,0.03888,8,001,0,0,1,Si,False,8,-42.60220066,-45.400925,-0.02864,0.02864,12,011,0,1,1,0.898734,0.138365,2.1,4.008624077,0.0,2.267128229,120,480,,,,,,4,,,,,,,,1,,,,,,True,True,False,False,,,,,False,,,,,False,,,,,
300_C264Si36_011_012_a0.863248_b0.024096_c1.889863_interface16shift8,16,8,8,C,False,2.666666666666667,8,-69.80589084,-74.136955,-0.04167,0.04167,44,011,0,1,1,Si,False,8,-42.60220066,-45.400925,-0.04167,0.04167,6,012,0,1,2,0.863248,0.024096,1.889863,2.657271385,0.0,0.022858381,300,1200,,,,,,4,,,,,,,,1,,,,,,True,False,False,False,,,,,False,,,,,False,,,,,
120_Ge48Si72_001_011_a0.898734_b0.138365_c2.1_interface7shift3swap6,7,3,3,Ge,False,6.666666666666667,8,-35.08485951,-38.831661,-0.03888,0.03888,8,001,0,0,1,Si,False,8,-42.60220066,-45.400925,-0.02864,0.02864,12,011,0,1,1,0.898734,0.138365,2.1,4.008624077,0.0,2.267128229,120,480,,,,,,4,,,,,,,,1,,,,,,True,True,False,False,,,,,False,,,,,False,,,,,
120_C84Si36_012_012_a0.0_b0.0_c0.0_interface12shift1,12,1,1,C,False,6.666666666666667,8,-69.80589084,-74.136955,0.29167,0.375,14,012,0,1,2,Si,False,8,-42.60220066,-45.400925,-0.04167,0.04167,6,012,0,1,2,0.0,0.0,0.0,0.318931341,6.83e-06,0.636857748,120,480,,,,,,4,,,-910.798812,,-7.4711175,-6.593841100000001,,1,,,,,,False,False,False,False,,,,,False,,,,,False,,,,,False
380_C308Si72_111_111_a0.068182_b0.015152_c2.072899_interface9shift3,9,3,3,C,False,2.1052631578947367,8,-69.80589084,-74.136955,0.19792,0.21875,28,111,1,1,1,Si,False,8,-42.60220066,-45.400925,-0.03508,0.03508,12,111,1,1,1,0.068182,0.015152,2.072899,0.31893608,0.0,0.636863708,380,1520,,,,,,4,,,,,,,,1,,,,,,True,False,False,False,,,,,False,,,,,False,,,,,
380_C308Si72_111_111_a0.113636_b0.060606_c2.188944_interface4shift4,4,4,4,C,False,2.1052631578947367,8,-69.80589084,-74.136955,0.15625,0.17708,28,111,1,1,1,Si,False,8,-42.60220066,-45.400925,0.29825,0.36841,12,111,1,1,1,0.113636,0.060606,2.188944,0.31893608,0.0,0.636863708,380,1520,,,,,,4,,,,,,,,1,,,,,,True,False,False,False,,,,,False,,,,,False,,,,,
300_C264Si36_011_012_a0.726496_b0.024096_c1.790397_interface16shift2,16,2,2,C,False,2.666666666666667,8,-69.80589084,-74.136955,-0.04167,0.04167,44,011,0,1,1,Si,False,8,-42.60220066,-45.400925,-0.04167,0.04167,6,012,0,1,2,0.726496,0.024096,1.790397,2.657271385,0.0,0.022858381,300,1200,,,,,,4,,,,,,,,1,,,,,,True,False,False,False,,,,,False,,,,,False,,,,,
264_Sn108Si156_001_001_a0.07732_b0.082474_c2.1_interface2shift4swap2,2,4,4,Sn,False,3.0303030303030303,8,-29.90800429,-34.349418,-0.0339,0.0339,18,001,0,0,1,Si,False,8,-42.60220066,-45.400925,-0.04051,0.04051,26,001,0,0,1,0.07732,0.082474,2.1,0.586363971,0.0,1.176154613,264,1056,,,,,,4,,,-1304.708895,,-4.9843964375,-4.639994515151515,,1,,3.866477272727273,,,,True,True,False,False,,,,,False,,,,,False,,,,,False
380_C308Si72_111_111_a0.0_b0.0_c0.0_interface5shift1,5,1,1,C,False,2.1052631578947367,8,-69.80589084,-74.136955,0.19792,0.21875,28,111,1,1,1,Si,False,8,-42.60220066,-45.400925,0.29825,0.36841,12,111,1,1,1,0.0,0.0,0.0,0.31893608,0.0,0.636863708,380,1520,,,,,,4,,,,,,,,1,,,,,,False,False,False,False,,,,,False,,,,,False,,,,,
264_Sn108Si156_001_001_a0.07732_b0.082474_c2.1_interface2shift6swap1,2,6,6,Sn,False,3.0303030303030303,8,-29.90800429,-34.349418,-0.0339,0.0339,18,001,0,0,1,Si,False,8,-42.60220066,-45.400925,-0.04051,0.04051,26,001,0,0,1,0.07732,0.082474,2.1,0.586363971,0.0,1.176154613,264,1056,,,,,,4,,,-1307.160383,,-4.9843964375,-4.649280454545455,,1,,4.4375,,,,True,True,False,False,,,,,False,,,,,False,,,,,False
120_Ge48Si72_001_011_a0.0_b0.0_c0.0_interface7shift1swap5,7,1,1,Ge,False,6.666666666666667,8,-35.08485951,-38.831661,-0.03888,0.03888,8,001,0,0,1,Si,False,8,-42.60220066,-45.400925,-0.02864,0.02864,12,011,0,1,1,0.0,0.0,0.0,4.008624077,0.0,2.267128229,120,480,,,,,,4,,,,,,,,1,,,,,,False,True,False,False,,,,,False,,,,,False,,,,,
120_Ge48Si72_001_011_a0.898734_b0.138365_c2.1_interface7shift6,7,6,6,Ge,False,6.666666666666667,8,-35.08485951,-38.831661,-0.03888,0.03888,8,001,0,0,1,Si,False,8,-42.60220066,-45.400925,-0.02864,0.02864,12,011,0,1,1,0.898734,0.138365,2.1,4.008624077,0.0,2.267128229,120,480,,,,,,4,,,,,,,,1,,,,,,True,False,False,False,,,,,False,,,,,False,,,,,
380_C308Si72_111_111_a0.060606_b0.121212_c2.188944_interface6shift4,6,4,4,C,False,2.1052631578947367,8,-69.80589084,-74.136955,0.15625,0.17708,28,111,1,1,1,Si,False,8,-42.60220066,-45.400925,0.29825,0.36841,12,111,1,1,1,0.060606,0.121212,2.188944,0.31893608,0.0,0.636863708,380,1520,,,,,,4,,,,,,,,1,,,,,,True,False,False,False,,,,,False,,,,,False,,,,,
120_Ge48Si72_001_011_a0.898734_b0.138365_c2.1_interface7shift1swap5,7,1,1,Ge,False,6.666666666666667,8,-35.08485951,-38.831661,-0.03888,0.03888,8,001,0,0,1,Si,False,8,-42.60220066,-45.400925,-0.02864,0.02864,12,011,0,1,1,0.898734,0.138365,2.1,4.008624077,0.0,2.267128229,120,480,,,,,,4,,,,,,,,1,,,,,,True,True,False,False,,,,,False,,,,,False,,,,,
120_Ge48Si72_001_011_a0.898734_b0.138365_c2.1_interface7shift6swap5,7,6,6,Ge,False,6.666666666666667,8,-35.08485951,-38.831661,-0.03888,0.03888,8,001,0,0,1,Si,False,8,-42.60220066,-45.400925,-0.02864,0.02864,12,011,0,1,1,0.898734,0.138365,2.1,4.008624077,0.0,2.267128229,120,480,,,,,,4,,,,,,,,1,,,,,,True,True,False,False,,,,,False,,,,,False,,,,,
120_Ge48Si72_001_011_a0.898734_b0.138365_c2.1_interface7shift1swap2,7,1,1,Ge,False,6.666666666666667,8,-35.08485951,-38.831661,-0.03888,0.03888,8,001,0,0,1,Si,False,8,-42.60220066,-45.400925,-0.02864,0.02864,12,011,0,1,1,0.898734,0.138365,2.1,4.008624077,0.0,2.267128229,120,480,,,,,,4,,,,,,,,1,,,,,,True,True,False,False,,,,,False,,,,,False,,,,,
380_C308Si72_111_111_a0.159091_b0.136364_c2.072898_interface7shift7,7,7,7,C,False,2.1052631578947367,8,-69.80589084,-74.136955,0.19792,0.21875,28,111,1,1,1,Si,False,8,-42.60220066,-45.400925,0.29825,0.36841,12,111,1,1,1,0.159091,0.136364,2.072898,0.31893608,0.0,0.636863708,380,1520,,,,,,4,,,,,,,,1,,,,,,True,False,False,False,,,,,False,,,,,False,,,,,
380_C308Si72_111_111_a0.128788_b0.015152_c2.072898_interface11shift4,11,4,4,C,False,2.1052631578947367,8,-69.80589084,-74.136955,0.19792,0.21875,28,111,1,1,1,Si,False,8,-42.60220066,-45.400925,-0.03508,0.03508,12,111,1,1,1,0.128788,0.015152,2.072898,0.31893608,0.0,0.636863708,380,1520,,,,,,4,,,,,,,,1,,,,,,True,False,False,False,,,,,False,,,,,False,,,,,
264_Sn108Si156_001_001_a0.07732_b0.082474_c2.1_interface1shift3swap7,1,3,3,Sn,False,3.0303030303030303,8,-29.90800429,-34.349418,-0.0339,0.0339,18,001,0,0,1,Si,False,8,-42.60220066,-45.400925,-0.04051,0.04051,26,001,0,0,1,0.07732,0.082474,2.1,0.586363971,0.0,1.176154613,264,1056,-1124.70408712,,-4.531887809375,-3.985582887007575,,4,,25.818181818181817,-1305.312093,,-4.9843964375,-4.642279356060606,,1,,3.054924242424242,8.451332920024798,,"(0.4666666666666667, 0.058823529411764705, 0.9372549019607843)",True,True,True,True,45,114,69,"(0.6039215686274509, 0.39215686274509803, 0.0)",False,,,,,False,,,,,False
72_Ge48Si24_001_114_a0.329114_b0.314465_c1.495911_interface6shift3,6,3,3,Ge,False,11.11111111111111,8,-35.08485951,-38.831661,-0.03888,0.03888,8,001,0,0,1,Si,False,8,-42.60220066,-45.400925,-0.04167,0.04167,4,114,1,1,4,0.329114,0.314465,1.495911,4.008624077,0.0,2.267128229,72,288,-308.08479057,-341.706729,-4.855441260625,-3.199968477777778,-3.576029763888889,4,,5.986111111111111,-360.610226,,-5.264536625,-3.838578333333334,,1,,2.3125,2.588588588588588,,"(0.3843137254901961, 0.2196078431372549, 0.7764705882352941)",True,False,True,True,132,150,18,"(0.11764705882352941, 0.8784313725490196, 0.0)",True,55,55,0,"(0.0, 1.0, 0.0)",False,,,,,False
120_Ge48Si72_001_011_a0.898734_b0.138365_c2.1_interface7shift3swap4,7,3,3,Ge,False,6.666666666666667,8,-35.08485951,-38.831661,-0.03888,0.03888,8,001,0,0,1,Si,False,8,-42.60220066,-45.400925,-0.02864,0.02864,12,011,0,1,1,0.898734,0.138365,2.1,4.008624077,0.0,2.267128229,120,480,,,,,,4,,,,,,,,1,,,,,,True,True,False,False,,,,,False,,,,,False,,,,,
120_Ge48Si72_114_013_a0.163522_b0.04142_c1.486533_interface3shift6,3,6,6,Ge,False,6.666666666666667,8,-35.08485951,-38.831661,-0.04167,0.04167,8,114,1,1,4,Si,False,8,-42.60220066,-45.400925,0.125,0.20833,12,013,0,1,3,0.163522,0.04142,1.486533,1.814228892,0.0,3.019487858,120,480,,,,,,4,,,,,,,,1,,,,,,True,False,False,False,,,,,False,,,,,False,,,,,
72_Ge48Si24_001_114_a0.075949_b0.314465_c1.495911_interface6shift7,6,7,7,Ge,False,11.11111111111111,8,-35.08485951,-38.831661,-0.03888,0.03888,8,001,0,0,1,Si,False,8,-42.60220066,-45.400925,-0.04167,0.04167,4,114,1,1,4,0.075949,0.314465,1.495911,4.008624077,0.0,2.267128229,72,288,-308.07664388,-341.688452,-4.855441260625,-3.1998553293055556,-3.5757759166666667,4,,5.986111111111111,-360.610384,,-5.264536625,-3.8385805277777774,,1,,2.326388888888889,2.5731343283582087,,"(0.3843137254901961, 0.2196078431372549, 0.7764705882352941)",True,False,True,True,133,148,15,"(0.09803921568627451, 0.8980392156862745, 0.0)",True,56,56,0,"(0.0, 1.0, 0.0)",False,,,,,False
380_C308Si72_111_111_a0.022727_b0.030303_c2.188944_interface4shift1,4,1,1,C,False,2.1052631578947367,8,-69.80589084,-74.136955,0.15625,0.17708,28,111,1,1,1,Si,False,8,-42.60220066,-45.400925,0.29825,0.36841,12,111,1,1,1,0.022727,0.030303,2.188944,0.31893608,0.0,0.636863708,380,1520,,,,,,4,,,,,,,,1,,,,,,True,False,False,False,,,,,False,,,,,False,,,,,
380_C308Si72_111_111_a0.022727_b0.19697_c2.188944_interface4shift2,4,2,2,C,False,2.1052631578947367,8,-69.80589084,-74.136955,0.15625,0.17708,28,111,1,1,1,Si,False,8,-42.60220066,-45.400925,0.29825,0.36841,12,111,1,1,1,0.022727,0.19697,2.188944,0.31893608,0.0,0.636863708,380,1520,,,,,,4,,,,,,,,1,,,,,,True,False,False,False,,,,,False,,,,,False,,,,,
120_Ge48Si72_001_011_a0.898734_b0.138365_c2.1_interface7shift8swap7,7,8,8,Ge,False,6.666666666666667,8,-35.08485951,-38.831661,-0.03888,0.03888,8,001,0,0,1,Si,False,8,-42.60220066,-45.400925,-0.02864,0.02864,12,011,0,1,1,0.898734,0.138365,2.1,4.008624077,0.0,2.267128229,120,480,,,,,,4,,,,,,,,1,,,,,,True,True,False,False,,,,,False,,,,,False,,,,,
120_C84Si36_012_012_a0.0_b0.265432_c1.58124_interface1shift6,1,6,6,C,False,6.666666666666667,8,-69.80589084,-74.136955,0.29167,0.375,14,012,0,1,2,Si,False,8,-42.60220066,-45.400925,-0.04167,0.04167,6,012,0,1,2,0.0,0.265432,1.58124,0.318931341,0.0,0.636857748,120,480,,,,,,4,,,-931.964257,,-7.4711175,-6.770219808333333,,1,,,,,,True,False,False,False,,,,,False,,,,,False,,,,,False
120_Ge48Si72_114_013_a0.037736_b0.04142_c1.486533_interface3shift4,3,4,4,Ge,False,6.666666666666667,8,-35.08485951,-38.831661,-0.04167,0.04167,8,114,1,1,4,Si,False,8,-42.60220066,-45.400925,0.125,0.20833,12,013,0,1,3,0.037736,0.04142,1.486533,1.814228892,0.0,3.019487858,120,480,,,,,,4,,,,,,,,1,,,,,,True,False,False,False,,,,,False,,,,,False,,,,,
380_C308Si72_111_111_a0.143939_b0.121212_c2.072898_interface11shift8,11,8,8,C,False,2.1052631578947367,8,-69.80589084,-74.136955,0.19792,0.21875,28,111,1,1,1,Si,False,8,-42.60220066,-45.400925,-0.03508,0.03508,12,111,1,1,1,0.143939,0.121212,2.072898,0.31893608,0.0,0.636863708,380,1520,,,,,,4,,,,,,,,1,,,,,,True,False,False,False,,,,,False,,,,,False,,,,,
120_C84Si36_012_012_a0.376543_b0.123457_c1.680068_interface13shift6,13,6,6,C,False,6.666666666666667,8,-69.80589084,-74.136955,0.29167,0.375,14,012,0,1,2,Si,False,8,-42.60220066,-45.400925,-0.04167,0.04167,6,012,0,1,2,0.376543,0.123457,1.680068,0.318931341,6.83e-06,0.636857748,120,480,,,,,,4,,,,,,,,1,,,,,,True,False,False,False,,,,,False,,,,,False,,,,,
264_Sn108Si156_001_001_a0.07732_b0.082474_c2.1_interface1shift3swap8,1,3,3,Sn,False,3.0303030303030303,8,-29.90800429,-34.349418,-0.0339,0.0339,18,001,0,0,1,Si,False,8,-42.60220066,-45.400925,-0.04051,0.04051,26,001,0,0,1,0.07732,0.082474,2.1,0.586363971,0.0,1.176154613,264,1056,-1118.28579094,,-4.531887809375,-3.96127115905303,,4,,25.882575757575758,-1307.780166,,-4.9843964375,-4.651628117424242,,1,,3.3333333333333335,7.764772727272727,,"(0.4666666666666667, 0.058823529411764705, 0.9372549019607843)",True,True,True,True,104,66,38,"(0.36470588235294116, 0.6313725490196078, 0.0)",False,,,,,False,,,,,False
264_Sn108Si156_001_001_a0.07732_b0.082474_c2.1_interface2shift4swap1,2,4,4,Sn,False,3.0303030303030303,8,-29.90800429,-34.349418,-0.0339,0.0339,18,001,0,0,1,Si,False,8,-42.60220066,-45.400925,-0.04051,0.04051,26,001,0,0,1,0.07732,0.082474,2.1,0.586363971,0.0,1.176154613,264,1056,,,,,,4,,,-1305.857157,,-4.9843964375,-4.6443439924242425,,1,,3.6666666666666665,,,,True,True,False,False,,,,,False,,,,,False,,,,,False
120_Ge48Si72_001_011_a0.898734_b0.138365_c2.1_interface7shift5swap4,7,5,5,Ge,False,6.666666666666667,8,-35.08485951,-38.831661,-0.03888,0.03888,8,001,0,0,1,Si,False,8,-42.60220066,-45.400925,-0.02864,0.02864,12,011,0,1,1,0.898734,0.138365,2.1,4.008624077,0.0,2.267128229,120,480,,,,,,4,,,,,,,,1,,,,,,True,True,False,False,,,,,False,,,,,False,,,,,
72_Ge48Si24_001_114_a0.43038_b0.440252_c1.495911_interface8shift7,8,7,7,Ge,False,11.11111111111111,8,-35.08485951,-38.831661,-0.03888,0.03888,8,001,0,0,1,Si,False,8,-42.60220066,-45.400925,-0.04167,0.04167,4,114,1,1,4,0.43038,0.440252,1.495911,4.008624077,0.0,2.267128229,72,288,-316.80349636,-350.090808,-4.855441260625,-3.32106161375,-3.692475305555555,4,,6.319444444444445,-361.397467,,-5.264536625,-3.849512236111112,,1,,2.0277777777777777,3.116438356164384,,"(0.3843137254901961, 0.2196078431372549, 0.7764705882352941)",True,False,True,True,122,145,23,"(0.1568627450980392, 0.8392156862745098, 0.0)",True,45,45,0,"(0.0, 1.0, 0.0)",False,,,,,False
380_C308Si72_111_111_a0.287879_b0.090909_c2.188944_interface8shift2,8,2,2,C,False,2.1052631578947367,8,-69.80589084,-74.136955,0.15625,0.17708,28,111,1,1,1,Si,False,8,-42.60220066,-45.400925,-0.03508,0.03508,12,111,1,1,1,0.287879,0.090909,2.188944,0.31893608,0.0,0.636863708,380,1520,,,,,,4,,,,,,,,1,,,,,,True,False,False,False,,,,,False,,,,,False,,,,,
120_C84Si36_012_012_a0.0_b0.0_c0.0_interface15shift1,15,1,1,C,False,6.666666666666667,8,-69.80589084,-74.136955,-0.04167,0.04167,14,012,0,1,2,Si,False,8,-42.60220066,-45.400925,-0.04167,0.04167,6,012,0,1,2,0.0,0.0,0.0,0.318931341,6.83e-06,0.636857748,120,480,,,,,,4,,,-909.432836,,-7.4711175,-6.5824579666666665,,1,,,,,,False,False,False,False,,,,,False,,,,,False,,,,,False
120_C84Si36_012_012_a0.575758_b0.030864_c1.482413_interface14shift8,14,8,8,C,False,6.666666666666667,8,-69.80589084,-74.136955,0.29167,0.375,14,012,0,1,2,Si,False,8,-42.60220066,-45.400925,-0.04167,0.04167,6,012,0,1,2,0.575758,0.030864,1.482413,0.318931341,6.83e-06,0.636857748,120,480,,,,,,4,,,,,,,,1,,,,,,True,False,False,False,,,,,False,,,,,False,,,,,
264_Sn108Si156_001_001_a0.07732_b0.082474_c2.1_interface1shift5swap4,1,5,5,Sn,False,3.0303030303030303,8,-29.90800429,-34.349418,-0.0339,0.0339,18,001,0,0,1,Si,False,8,-42.60220066,-45.400925,-0.04051,0.04051,26,001,0,0,1,0.07732,0.082474,2.1,0.586363971,0.0,1.176154613,264,1056,-1119.28472573,,-4.531887809375,-3.965055002954545,,4,,24.897727272727273,-1305.862814,,-4.9843964375,-4.644365420454546,,1,,3.8125,6.5305514157973175,,"(0.4666666666666667, 0.058823529411764705, 0.9372549019607843)",True,True,True,True,101,101,0,"(0.0, 1.0, 0.0)",False,,,,,False,,,,,False
120_Ge48Si72_001_011_a0.898734_b0.138365_c2.1_interface7shift7swap5,7,7,7,Ge,False,6.666666666666667,8,-35.08485951,-38.831661,-0.03888,0.03888,8,001,0,0,1,Si,False,8,-42.60220066,-45.400925,-0.02864,0.02864,12,011,0,1,1,0.898734,0.138365,2.1,4.008624077,0.0,2.267128229,120,480,,,,,,4,,,,,,,,1,,,,,,True,True,False,False,,,,,False,,,,,False,,,,,
380_C308Si72_111_111_a0.075758_b0.022727_c2.188944_interface8shift1,8,1,1,C,False,2.1052631578947367,8,-69.80589084,-74.136955,0.15625,0.17708,28,111,1,1,1,Si,False,8,-42.60220066,-45.400925,-0.03508,0.03508,12,111,1,1,1,0.075758,0.022727,2.188944,0.31893608,0.0,0.636863708,380,1520,,,,,,4,,,,,,,,1,,,,,,True,False,False,False,,,,,False,,,,,False,,,,,
264_Sn108Si156_001_001_a0.07732_b0.082474_c2.1_interface1shift7swap8,1,7,7,Sn,False,3.0303030303030303,8,-29.90800429,-34.349418,-0.0339,0.0339,18,001,0,0,1,Si,False,8,-42.60220066,-45.400925,-0.04051,0.04051,26,001,0,0,1,0.07732,0.082474,2.1,0.586363971,0.0,1.176154613,264,1056,-1123.17664763,,-4.531887809375,-3.9797971313636356,,4,,25.791666666666668,-1309.333022,,-4.9843964375,-4.657510147727273,,1,,3.8106060606060606,6.768389662027833,,"(0.4666666666666667, 0.058823529411764705, 0.9372549019607843)",True,True,True,True,62,51,11,"(0.17647058823529413, 0.8196078431372549, 0.0)",False,,,,,False,,,,,False
264_Sn108Si156_001_001_a0.07732_b0.082474_c2.1_interface2shift1swap2,2,1,1,Sn,False,3.0303030303030303,8,-29.90800429,-34.349418,-0.0339,0.0339,18,001,0,0,1,Si,False,8,-42.60220066,-45.400925,-0.04051,0.04051,26,001,0,0,1,0.07732,0.082474,2.1,0.586363971,0.0,1.176154613,264,1056,-1118.94730945,,-4.531887809375,-3.9637769109848477,,4,,24.772727272727273,-1308.211368,,-4.9843964375,-4.653261458333334,,1,,6.239583333333333,3.9702534527242377,,"(0.4666666666666667, 0.058823529411764705, 0.9372549019607843)",True,True,True,True,102,60,42,"(0.4117647058823529, 0.5882352941176471, 0.0)",False,,,,,False,,,,,False
120_Ge48Si72_114_013_a0.0_b0.0_c0.0_interface3shift1,3,1,1,Ge,False,6.666666666666667,8,-35.08485951,-38.831661,-0.04167,0.04167,8,114,1,1,4,Si,False,8,-42.60220066,-45.400925,0.125,0.20833,12,013,0,1,3,0.0,0.0,0.0,1.814228892,0.0,3.019487858,120,480,,,,,,4,,,,,,,,1,,,,,,False,False,False,False,,,,,False,,,,,False,,,,,
264_Sn108Si156_001_001_a0.0_b0.0_c0.0_interface2shift1swap6,2,1,1,Sn,False,3.0303030303030303,8,-29.90800429,-34.349418,-0.0339,0.0339,18,001,0,0,1,Si,False,8,-42.60220066,-45.400925,-0.04051,0.04051,26,001,0,0,1,0.0,0.0,0.0,0.586363971,0.0,1.176154613,264,1056,395.4473157,,-4.531887809375,1.7725663660984847,,4,,81.0530303030303,-275.491623,,-4.9843964375,-0.7414442424242423,,1,,2.246212121212121,36.084317032040474,,"(0.4666666666666667, 0.058823529411764705, 0.9372549019607843)",False,True,False,True,,,,,False,,,,,False,,,,,True
120_Ge48Si72_001_011_a0.898734_b0.138365_c2.1_interface7shift4swap1,7,4,4,Ge,False,6.666666666666667,8,-35.08485951,-38.831661,-0.03888,0.03888,8,001,0,0,1,Si,False,8,-42.60220066,-45.400925,-0.02864,0.02864,12,011,0,1,1,0.898734,0.138365,2.1,4.008624077,0.0,2.267128229,120,480,,,,,,4,,,,,,,,1,,,,,,True,True,False,False,,,,,False,,,,,False,,,,,
380_C308Si72_111_111_a0.007576_b0.037879_c2.072898_interface11shift7,11,7,7,C,False,2.1052631578947367,8,-69.80589084,-74.136955,0.19792,0.21875,28,111,1,1,1,Si,False,8,-42.60220066,-45.400925,-0.03508,0.03508,12,111,1,1,1,0.007576,0.037879,2.072898,0.31893608,0.0,0.636863708,380,1520,,,,,,4,,,,,,,,1,,,,,,True,False,False,False,,,,,False,,,,,False,,,,,
216_Ge144Si72_011_013_a0.597484_b0.579882_c1.888632_interface4shift3,4,3,3,Ge,False,3.7037037037037033,8,-35.08485951,-38.831661,-0.0275,0.0275,24,011,0,1,1,Si,False,8,-42.60220066,-45.400925,0.125,0.20833,12,013,0,1,3,0.597484,0.579882,1.888632,1.814228892,0.0,3.019499779,216,864,-960.63808647,-1061.506795,-4.855441260625,-4.087736232870371,-4.524417634259259,4,,15.305555555555555,-1085.355397,,-5.264536625,-4.634827828703704,,1,,3.1481481481481484,4.8617647058823525,,"(0.4588235294117647, 0.07058823529411765, 0.9254901960784314)",True,False,True,True,35,129,94,"(0.7254901960784313, 0.27058823529411763, 0.0)",True,26,18,8,"(0.3058823529411765, 0.6901960784313725, 0.0)",False,,,,,False
120_C84Si36_012_012_a0.030303_b0.061728_c1.18593_interface12shift2,12,2,2,C,False,6.666666666666667,8,-69.80589084,-74.136955,0.29167,0.375,14,012,0,1,2,Si,False,8,-42.60220066,-45.400925,-0.04167,0.04167,6,012,0,1,2,0.030303,0.061728,1.18593,0.318931341,6.83e-06,0.636857748,120,480,,,,,,4,,,-930.274499,,-7.4711175,-6.756138491666666,,1,,,,,,True,False,False,False,,,,,False,,,,,False,,,,,False
300_C264Si36_011_012_a0.495726_b0.066265_c1.889863_interface16shift6,16,6,6,C,False,2.666666666666667,8,-69.80589084,-74.136955,-0.04167,0.04167,44,011,0,1,1,Si,False,8,-42.60220066,-45.400925,-0.04167,0.04167,6,012,0,1,2,0.495726,0.066265,1.889863,2.657271385,0.0,0.022858381,300,1200,,,,,,4,,,,,,,,1,,,,,,True,False,False,False,,,,,False,,,,,False,,,,,
264_Sn108Si156_001_001_a0.07732_b0.082474_c2.1_interface2shift5,2,5,5,Sn,False,3.0303030303030303,8,-29.90800429,-34.349418,-0.0339,0.0339,18,001,0,0,1,Si,False,8,-42.60220066,-45.400925,-0.04051,0.04051,26,001,0,0,1,0.07732,0.082474,2.1,0.586363971,0.0,1.176154613,264,1056,,,,,,4,,,-1321.395476,,-4.9843964375,-4.7032012613636365,,1,,2.933712121212121,,,,True,False,False,False,,,,,False,,,,,False,,,,,False
120_C84Si36_012_012_a0.160494_b0.092593_c1.680068_interface13shift7,13,7,7,C,False,6.666666666666667,8,-69.80589084,-74.136955,0.29167,0.375,14,012,0,1,2,Si,False,8,-42.60220066,-45.400925,-0.04167,0.04167,6,012,0,1,2,0.160494,0.092593,1.680068,0.318931341,6.83e-06,0.636857748,120,480,,,,,,4,,,,,,,,1,,,,,,True,False,False,False,,,,,False,,,,,False,,,,,
264_Sn108Si156_001_001_a0.07732_b0.082474_c2.1_interface1shift7swap6,1,7,7,Sn,False,3.0303030303030303,8,-29.90800429,-34.349418,-0.0339,0.0339,18,001,0,0,1,Si,False,8,-42.60220066,-45.400925,-0.04051,0.04051,26,001,0,0,1,0.07732,0.082474,2.1,0.586363971,0.0,1.176154613,264,1056,-1122.12148465,,-4.531887809375,-3.9758003018939387,,4,,26.041666666666668,-1306.63797,,-4.9843964375,-4.647301617424243,,1,,5.380681818181818,4.8398451249560015,,"(0.4666666666666667, 0.058823529411764705, 0.9372549019607843)",True,True,True,True,75,80,5,"(0.058823529411764705, 0.9372549019607843, 0.0)",False,,,,,False,,,,,False
380_C308Si72_111_111_a0.0_b0.0_c0.0_interface10shift1,10,1,1,C,False,2.1052631578947367,8,-69.80589084,-74.136955,0.15625,0.17708,28,111,1,1,1,Si,False,8,-42.60220066,-45.400925,-0.03508,0.03508,12,111,1,1,1,0.0,0.0,0.0,0.31893608,0.0,0.636863708,380,1520,,,,,,4,,,,,,,,1,,,,,,False,False,False,False,,,,,False,,,,,False,,,,,
120_Ge48Si72_001_011_a0.898734_b0.138365_c2.1_interface7shift7swap2,7,7,7,Ge,False,6.666666666666667,8,-35.08485951,-38.831661,-0.03888,0.03888,8,001,0,0,1,Si,False,8,-42.60220066,-45.400925,-0.02864,0.02864,12,011,0,1,1,0.898734,0.138365,2.1,4.008624077,0.0,2.267128229,120,480,,,,,,4,,,,,,,,1,,,,,,True,True,False,False,,,,,False,,,,,False,,,,,
192_Ge72Si120_013_001_a0.0_b0.0_c0.0_interface12shift1,12,1,1,Ge,False,4.166666666666666,8,-35.08485951,-38.831661,0.125,0.20833,12,013,0,1,3,Si,False,8,-42.60220066,-45.400925,-0.04051,0.04051,20,001,0,0,1,0.0,0.0,0.0,4.008617401,0.0,2.872276306,192,768,37.21840813,-233.794408,-4.855441260625,0.5984659807291667,-0.7789678229166667,4,,10.369791666666666,-1004.031129,,-5.264536625,-4.790617411458333,,1,,6.055989583333333,1.7123199311975918,,"(0.4549019607843137, 0.08235294117647059, 0.9137254901960784)",False,False,True,True,139,21,118,"(0.8470588235294118, 0.14901960784313725, 0.0)",True,62,59,3,"(0.047058823529411764, 0.9490196078431372, 0.0)",False,,,,,False
120_Ge48Si72_001_011_a0.898734_b0.138365_c2.1_interface7shift3swap8,7,3,3,Ge,False,6.666666666666667,8,-35.08485951,-38.831661,-0.03888,0.03888,8,001,0,0,1,Si,False,8,-42.60220066,-45.400925,-0.02864,0.02864,12,011,0,1,1,0.898734,0.138365,2.1,4.008624077,0.0,2.267128229,120,480,,,,,,4,,,,,,,,1,,,,,,True,True,False,False,,,,,False,,,,,False,,,,,
120_Ge48Si72_001_011_a0.898734_b0.138365_c2.1_interface7shift1,7,1,1,Ge,False,6.666666666666667,8,-35.08485951,-38.831661,-0.03888,0.03888,8,001,0,0,1,Si,False,8,-42.60220066,-45.400925,-0.02864,0.02864,12,011,0,1,1,0.898734,0.138365,2.1,4.008624077,0.0,2.267128229,120,480,,,,,,4,,,,,,,,1,,,,,,True,False,False,False,,,,,False,,,,,False,,,,,
380_C308Si72_111_111_a0.045455_b0.159091_c2.072899_interface5shift4,5,4,4,C,False,2.1052631578947367,8,-69.80589084,-74.136955,0.19792,0.21875,28,111,1,1,1,Si,False,8,-42.60220066,-45.400925,0.29825,0.36841,12,111,1,1,1,0.045455,0.159091,2.072899,0.31893608,0.0,0.636863708,380,1520,,,,,,4,,,,,,,,1,,,,,,True,False,False,False,,,,,False,,,,,False,,,,,
120_Ge48Si72_001_011_a0.898734_b0.138365_c2.1_interface7shift6swap4,7,6,6,Ge,False,6.666666666666667,8,-35.08485951,-38.831661,-0.03888,0.03888,8,001,0,0,1,Si,False,8,-42.60220066,-45.400925,-0.02864,0.02864,12,011,0,1,1,0.898734,0.138365,2.1,4.008624077,0.0,2.267128229,120,480,,,,,,4,,,,,,,,1,,,,,,True,True,False,False,,,,,False,,,,,False,,,,,
216_Ge144Si72_011_013_a0.842767_b0.242604_c1.888632_interface4shift7,4,7,7,Ge,False,3.7037037037037033,8,-35.08485951,-38.831661,-0.0275,0.0275,24,011,0,1,1,Si,False,8,-42.60220066,-45.400925,0.125,0.20833,12,013,0,1,3,0.842767,0.242604,1.888632,1.814228892,0.0,3.019499779,216,864,-960.60868019,-1061.486515,-4.855441260625,-4.087600092685185,-4.524323745370371,4,,14.953703703703704,-1085.403434,,-5.264536625,-4.6350502222222225,,1,,3.2025462962962963,4.669316949765089,,"(0.4588235294117647, 0.07058823529411765, 0.9254901960784314)",True,False,True,True,40,127,87,"(0.6823529411764706, 0.3137254901960784, 0.0)",True,31,21,10,"(0.3215686274509804, 0.6745098039215687, 0.0)",False,,,,,False
264_Sn108Si156_001_001_a0.07732_b0.082474_c2.1_interface1shift5swap5,1,5,5,Sn,False,3.0303030303030303,8,-29.90800429,-34.349418,-0.0339,0.0339,18,001,0,0,1,Si,False,8,-42.60220066,-45.400925,-0.04051,0.04051,26,001,0,0,1,0.07732,0.082474,2.1,0.586363971,0.0,1.176154613,264,1056,-1123.32785593,,-4.531887809375,-3.9803698900757567,,4,,25.583333333333332,-1306.630733,,-4.9843964375,-4.647274204545455,,1,,3.7613636363636362,6.801611278952668,,"(0.4666666666666667, 0.058823529411764705, 0.9372549019607843)",True,True,True,True,61,81,20,"(0.24313725490196078, 0.7529411764705882, 0.0)",False,,,,,False,,,,,False
120_Sn48Si72_011_011_a0.0_b0.0_c0.0_interface14shift1,14,1,1,Sn,False,6.666666666666667,8,-29.90800429,-34.349418,-0.02397,0.02397,8,011,0,1,1,Si,False,8,-42.60220066,-45.400925,-0.02864,0.02864,12,011,0,1,1,0.0,0.0,0.0,2.502466679,0.0,5.067539215,120,480,889.18041158,25912.838116,-4.531887809375,8.014088471083333,216.604903825,4,,13.75,-602.640197,,-4.9843964375,-4.3574154499999995,,1,,6.76875,2.0313942751615883,,"(0.43137254901960786, 0.13333333333333333, 0.8666666666666667)",False,False,False,True,166,139,27,"(0.1607843137254902, 0.8352941176470589, 0.0)",True,89,95,6,"(0.06274509803921569, 0.9333333333333333, 0.0)",False,,,,,False
120_Ge48Si72_001_011_a0.898734_b0.138365_c2.1_interface7shift1swap4,7,1,1,Ge,False,6.666666666666667,8,-35.08485951,-38.831661,-0.03888,0.03888,8,001,0,0,1,Si,False,8,-42.60220066,-45.400925,-0.02864,0.02864,12,011,0,1,1,0.898734,0.138365,2.1,4.008624077,0.0,2.267128229,120,480,,,,,,4,,,,,,,,1,,,,,,True,True,False,False,,,,,False,,,,,False,,,,,
264_Sn108Si156_001_001_a0.0_b0.0_c0.0_interface1shift1swap1,1,1,1,Sn,False,3.0303030303030303,8,-29.90800429,-34.349418,-0.0339,0.0339,18,001,0,0,1,Si,False,8,-42.60220066,-45.400925,-0.04051,0.04051,26,001,0,0,1,0.0,0.0,0.0,0.586363971,0.0,1.176154613,264,1056,-293.09631074,,-4.531887809375,-0.8355534310227272,,4,,81.70833333333333,-275.491623,,-4.9843964375,-0.7414442424242423,,1,,2.2386363636363638,36.499153976311334,,"(0.4666666666666667, 0.058823529411764705, 0.9372549019607843)",False,True,True,True,,,,,False,,,,,False,,,,,True
120_Sn48Si72_011_011_a0.0_b0.0_c0.0_interface12shift1,12,1,1,Sn,False,6.666666666666667,8,-29.90800429,-34.349418,-0.02397,0.02397,8,011,0,1,1,Si,False,8,-42.60220066,-45.400925,-0.02864,0.02864,12,011,0,1,1,0.0,0.0,0.0,2.502466679,0.0,5.067539215,120,480,302.56245369,65.968908,-4.531887809375,3.1256054886666664,1.2143270916666666,4,,12.083333333333334,-608.18421,,-4.9843964375,-4.403615558333333,,1,,9.14375,1.3214855320118477,,"(0.43137254901960786, 0.13333333333333333, 0.8666666666666667)",False,False,False,True,146,135,11,"(0.07450980392156863, 0.9215686274509803, 0.0)",True,69,69,0,"(0.0, 1.0, 0.0)",False,,,,,False
300_C264Si36_011_012_a0.410256_b0.072289_c1.889863_interface16shift5,16,5,5,C,False,2.666666666666667,8,-69.80589084,-74.136955,-0.04167,0.04167,44,011,0,1,1,Si,False,8,-42.60220066,-45.400925,-0.04167,0.04167,6,012,0,1,2,0.410256,0.072289,1.889863,2.657271385,0.0,0.022858381,300,1200,,,,,,4,,,,,,,,1,,,,,,True,False,False,False,,,,,False,,,,,False,,,,,
120_Ge48Si72_001_011_a0.898734_b0.138365_c2.1_interface7shift7swap8,7,7,7,Ge,False,6.666666666666667,8,-35.08485951,-38.831661,-0.03888,0.03888,8,001,0,0,1,Si,False,8,-42.60220066,-45.400925,-0.02864,0.02864,12,011,0,1,1,0.898734,0.138365,2.1,4.008624077,0.0,2.267128229,120,480,,,,,,4,,,,,,,,1,,,,,,True,True,False,False,,,,,False,,,,,False,,,,,
156_Ge48Si108_114_001_a0.037736_b0.224852_c1.585635_interface5shift6,5,6,6,Ge,False,5.128205128205128,8,-35.08485951,-38.831661,-0.04167,0.04167,8,114,1,1,4,Si,False,8,-42.60220066,-45.400925,-0.04051,0.04051,18,001,0,0,1,0.037736,0.224852,1.585635,4.008629799,0.0,2.267122269,156,624,-717.27271661,-783.638376,-4.855441260625,-4.099908054102564,-4.483370448717948,4,,8.884615384615385,-824.836836,,-5.264536625,-4.747463141025641,,1,,3.407051282051282,2.6077140169332083,,"(0.44313725490196076, 0.10196078431372549, 0.8941176470588236)",True,False,True,True,31,31,0,"(0.0, 1.0, 0.0)",True,22,29,7,"(0.23921568627450981, 0.7568627450980392, 0.0)",False,,,,,False
380_C308Si72_111_111_a0.068182_b0.015152_c2.188944_interface8shift3,8,3,3,C,False,2.1052631578947367,8,-69.80589084,-74.136955,0.15625,0.17708,28,111,1,1,1,Si,False,8,-42.60220066,-45.400925,-0.03508,0.03508,12,111,1,1,1,0.068182,0.015152,2.188944,0.31893608,0.0,0.636863708,380,1520,,,,,,4,,,,,,,,1,,,,,,True,False,False,False,,,,,False,,,,,False,,,,,
288_Si288_011_011_a0.0_b0.0_c0.0_interface15shift1swap1,15,1,1,Si,False,2.7777777777777777,8,-42.60220066,-45.400925,-0.02864,0.02864,24,011,0,1,1,Si,False,8,-42.60220066,-45.400925,-0.02864,0.02864,24,011,0,1,1,0.0,0.0,0.0,0.0,0.0,0.0,288,1152,,,,,,4,,,,,,,,1,,,,,,False,True,False,False,,,,,False,,,,,False,,,,,
264_Sn108Si156_001_001_a0.07732_b0.082474_c2.1_interface2shift3swap4,2,3,3,Sn,False,3.0303030303030303,8,-29.90800429,-34.349418,-0.0339,0.0339,18,001,0,0,1,Si,False,8,-42.60220066,-45.400925,-0.04051,0.04051,26,001,0,0,1,0.07732,0.082474,2.1,0.586363971,0.0,1.176154613,264,1056,,,,,,4,,,-1305.44386,,-4.9843964375,-4.642778473484849,,1,,4.233901515151516,,,,True,True,False,False,,,,,False,,,,,False,,,,,False
120_Ge48Si72_114_013_a0.289308_b0.04142_c1.486533_interface3shift5,3,5,5,Ge,False,6.666666666666667,8,-35.08485951,-38.831661,-0.04167,0.04167,8,114,1,1,4,Si,False,8,-42.60220066,-45.400925,0.125,0.20833,12,013,0,1,3,0.289308,0.04142,1.486533,1.814228892,0.0,3.019487858,120,480,,,,,,4,,,,,,,,1,,,,,,True,False,False,False,,,,,False,,,,,False,,,,,
120_C84Si36_012_012_a0.074074_b0.919753_c1.58124_interface1shift4,1,4,4,C,False,6.666666666666667,8,-69.80589084,-74.136955,0.29167,0.375,14,012,0,1,2,Si,False,8,-42.60220066,-45.400925,-0.04167,0.04167,6,012,0,1,2,0.074074,0.919753,1.58124,0.318931341,0.0,0.636857748,120,480,,,,,,4,,,-925.151416,,-7.4711175,-6.713446133333333,,1,,,,,,True,False,False,False,,,,,False,,,,,False,,,,,False
264_Sn108Si156_001_001_a0.07732_b0.082474_c2.1_interface2shift7swap8,2,7,7,Sn,False,3.0303030303030303,8,-29.90800429,-34.349418,-0.0339,0.0339,18,001,0,0,1,Si,False,8,-42.60220066,-45.400925,-0.04051,0.04051,26,001,0,0,1,0.07732,0.082474,2.1,0.586363971,0.0,1.176154613,264,1056,,,,,,4,,,-1307.347729,,-4.9843964375,-4.6499900984848495,,1,,4.140151515151516,,,,True,True,False,False,,,,,False,,,,,False,,,,,False
48_Si48_001_122_a0.0_b0.0_c0.0_interface11shift1,11,1,1,Si,False,16.666666666666664,8,-42.60220066,-45.400925,-0.04051,0.04051,6,001,0,0,1,Si,False,8,-42.60220066,-45.400925,-0.04167,0.04167,2,122,1,2,2,0.0,0.0,0.0,0.0,0.0,0.0,48,192,-45.18609114,-103.589947,-5.3252750825,0.8337147954166667,-0.26641868749999986,4,,7.020833333333333,-263.207055,,-5.675115625,-3.591775104166667,,1,,2.5260416666666665,2.779381443298969,,"(0.32941176470588235, 0.32941176470588235, 0.6666666666666666)",False,False,True,True,141,171,30,"(0.17254901960784313, 0.8235294117647058, 0.0)",True,64,64,0,"(0.0, 1.0, 0.0)",False,,,,,False
380_C308Si72_111_111_a0.045455_b0.166667_c2.072899_interface5shift2,5,2,2,C,False,2.1052631578947367,8,-69.80589084,-74.136955,0.19792,0.21875,28,111,1,1,1,Si,False,8,-42.60220066,-45.400925,0.29825,0.36841,12,111,1,1,1,0.045455,0.166667,2.072899,0.31893608,0.0,0.636863708,380,1520,,,,,,4,,,,,,,,1,,,,,,True,False,False,False,,,,,False,,,,,False,,,,,
264_Sn108Si156_001_001_a0.07732_b0.082474_c2.1_interface2shift1swap3,2,1,1,Sn,False,3.0303030303030303,8,-29.90800429,-34.349418,-0.0339,0.0339,18,001,0,0,1,Si,False,8,-42.60220066,-45.400925,-0.04051,0.04051,26,001,0,0,1,0.07732,0.082474,2.1,0.586363971,0.0,1.176154613,264,1056,-1113.30010803,,-4.531887809375,-3.942385996515151,,4,,25.71969696969697,-1306.887037,,-4.9843964375,-4.648245053030303,,1,,4.136363636363637,6.217948717948717,,"(0.4666666666666667, 0.058823529411764705, 0.9372549019607843)",True,True,True,True,119,76,43,"(0.3607843137254902, 0.6352941176470588, 0.0)",False,,,,,False,,,,,False
120_C84Si36_012_012_a0.055556_b0.987654_c1.482413_interface3shift4,3,4,4,C,False,6.666666666666667,8,-69.80589084,-74.136955,-0.04167,0.04167,14,012,0,1,2,Si,False,8,-42.60220066,-45.400925,-0.04167,0.04167,6,012,0,1,2,0.055556,0.987654,1.482413,0.318931341,0.0,0.636857748,120,480,,,,,,4,,,-932.422239,,-7.4711175,-6.774036325,,1,,,,,,True,False,False,False,,,,,False,,,,,False,,,,,False
264_Sn108Si156_001_001_a0.07732_b0.082474_c2.1_interface1shift4swap1,1,4,4,Sn,False,3.0303030303030303,8,-29.90800429,-34.349418,-0.0339,0.0339,18,001,0,0,1,Si,False,8,-42.60220066,-45.400925,-0.04051,0.04051,26,001,0,0,1,0.07732,0.082474,2.1,0.586363971,0.0,1.176154613,264,1056,-1121.27981732,,-4.531887809375,-3.972612168068181,,4,,24.83712121212121,-1306.200402,,-4.9843964375,-4.645644162878788,,1,,5.0625,4.906098017209128,,"(0.4666666666666667, 0.058823529411764705, 0.9372549019607843)",True,True,True,True,88,91,3,"(0.03137254901960784, 0.9647058823529412, 0.0)",False,,,,,False,,,,,False
264_Sn108Si156_001_001_a0.07732_b0.082474_c2.1_interface1shift1swap3,1,1,1,Sn,False,3.0303030303030303,8,-29.90800429,-34.349418,-0.0339,0.0339,18,001,0,0,1,Si,False,8,-42.60220066,-45.400925,-0.04051,0.04051,26,001,0,0,1,0.07732,0.082474,2.1,0.586363971,0.0,1.176154613,264,1056,-1113.97592951,-1226.527456,-4.531887809375,-3.944945926363636,-4.3438527007575765,4,,25.12121212121212,-1309.505916,,-4.9843964375,-4.658165049242425,,1,,3.631628787878788,6.917340286831812,,"(0.4666666666666667, 0.058823529411764705, 0.9372549019607843)",True,True,True,True,118,49,69,"(0.5843137254901961, 0.4117647058823529, 0.0)",True,42,42,0,"(0.0, 1.0, 0.0)",False,,,,,False
120_C84Si36_012_012_a0.0_b0.0_c0.0_interface13shift1,13,1,1,C,False,6.666666666666667,8,-69.80589084,-74.136955,0.29167,0.375,14,012,0,1,2,Si,False,8,-42.60220066,-45.400925,-0.04167,0.04167,6,012,0,1,2,0.0,0.0,0.0,0.318931341,6.83e-06,0.636857748,120,480,,,,,,4,,,-905.797343,,-7.4711175,-6.552162191666667,,1,,,,,,False,False,False,False,,,,,False,,,,,False,,,,,False
120_Ge48Si72_001_011_a0.898734_b0.138365_c2.1_interface7shift1swap1,7,1,1,Ge,False,6.666666666666667,8,-35.08485951,-38.831661,-0.03888,0.03888,8,001,0,0,1,Si,False,8,-42.60220066,-45.400925,-0.02864,0.02864,12,011,0,1,1,0.898734,0.138365,2.1,4.008624077,0.0,2.267128229,120,480,,,,,,4,,,,,,,,1,,,,,,True,True,False,False,,,,,False,,,,,False,,,,,
48_Si48_001_122_a0.0_b0.0_c0.0_interface5shift1,5,1,1,Si,False,16.666666666666664,8,-42.60220066,-45.400925,-0.04051,0.04051,6,001,0,0,1,Si,False,8,-42.60220066,-45.400925,-0.04167,0.04167,2,122,1,2,2,0.0,0.0,0.0,0.0,0.0,0.0,48,192,-78.32780648,-127.883198,-5.3252750825,0.14326239249999992,-0.7725280833333331,4,,6.75,-263.205561,,-5.675115625,-3.5917439791666665,,1,,2.4375,2.769230769230769,,"(0.32941176470588235, 0.32941176470588235, 0.6666666666666666)",False,False,True,True,138,172,34,"(0.19607843137254902, 0.8, 0.0)",True,61,60,1,"(0.01568627450980392, 0.9803921568627451, 0.0)",False,,,,,False
120_Ge48Si72_001_011_a0.898734_b0.138365_c2.1_interface7shift4swap5,7,4,4,Ge,False,6.666666666666667,8,-35.08485951,-38.831661,-0.03888,0.03888,8,001,0,0,1,Si,False,8,-42.60220066,-45.400925,-0.02864,0.02864,12,011,0,1,1,0.898734,0.138365,2.1,4.008624077,0.0,2.267128229,120,480,,,,,,4,,,,,,,,1,,,,,,True,True,False,False,,,,,False,,,,,False,,,,,
264_Sn108Si156_001_001_a0.07732_b0.082474_c2.1_interface2shift7swap7,2,7,7,Sn,False,3.0303030303030303,8,-29.90800429,-34.349418,-0.0339,0.0339,18,001,0,0,1,Si,False,8,-42.60220066,-45.400925,-0.04051,0.04051,26,001,0,0,1,0.07732,0.082474,2.1,0.586363971,0.0,1.176154613,264,1056,,,,,,4,,,-1305.7409,,-4.9843964375,-4.643903625,,1,,3.728219696969697,,,,True,True,False,False,,,,,False,,,,,False,,,,,False
120_C84Si36_012_012_a0.0_b0.0_c0.0_interface14shift1,14,1,1,C,False,6.666666666666667,8,-69.80589084,-74.136955,0.29167,0.375,14,012,0,1,2,Si,False,8,-42.60220066,-45.400925,-0.04167,0.04167,6,012,0,1,2,0.0,0.0,0.0,0.318931341,6.83e-06,0.636857748,120,480,,,,,,4,,,-915.686874,,-7.4711175,-6.63457495,,1,,,,,,False,False,False,False,,,,,False,,,,,False,,,,,False
216_Sn72Si144_001_011_a0.0_b0.0_c0.0_interface6shift1,6,1,1,Sn,False,3.7037037037037033,8,-29.90800429,-34.349418,-0.0339,0.0339,12,001,0,0,1,Si,False,8,-42.60220066,-45.400925,-0.02864,0.02864,24,011,0,1,1,0.0,0.0,0.0,3.359757662,0.0,0.941377878,216,864,2572.06728008,319735.268211,-4.531887809375,12.243414282546295,1480.6250858981484,4,,38.416666666666664,-1106.189647,,-4.9843964375,-4.752033814814815,,1,,7.09837962962963,5.412033262677319,,"(0.4588235294117647, 0.07058823529411765, 0.9254901960784314)",False,False,False,True,170,28,142,"(0.8352941176470589, 0.1607843137254902, 0.0)",True,93,100,7,"(0.06666666666666667, 0.9294117647058824, 0.0)",False,,,,,False
264_Sn108Si156_001_001_a0.07732_b0.082474_c2.1_interface2shift4swap8,2,4,4,Sn,False,3.0303030303030303,8,-29.90800429,-34.349418,-0.0339,0.0339,18,001,0,0,1,Si,False,8,-42.60220066,-45.400925,-0.04051,0.04051,26,001,0,0,1,0.07732,0.082474,2.1,0.586363971,0.0,1.176154613,264,1056,,,,,,4,,,-1309.350318,,-4.9843964375,-4.657575662878788,,1,,4.082386363636363,,,,True,True,False,False,,,,,False,,,,,False,,,,,False
264_Sn108Si156_001_001_a0.07732_b0.082474_c2.1_interface2shift6swap3,2,6,6,Sn,False,3.0303030303030303,8,-29.90800429,-34.349418,-0.0339,0.0339,18,001,0,0,1,Si,False,8,-42.60220066,-45.400925,-0.04051,0.04051,26,001,0,0,1,0.07732,0.082474,2.1,0.586363971,0.0,1.176154613,264,1056,,,,,,4,,,-1309.19678,,-4.9843964375,-4.656994079545455,,1,,3.912878787878788,,,,True,True,False,False,,,,,False,,,,,False,,,,,False
120_C96Si24_011_112_a0.0_b0.0_c0.0_interface17shift1,17,1,1,C,False,6.666666666666667,8,-69.80589084,-74.136955,-0.04167,0.04167,16,011,0,1,1,Si,False,8,-42.60220066,-45.400925,-0.04167,0.04167,4,112,1,1,2,0.0,0.0,0.0,3.084123611,0.184879556,0.392830372,120,480,,,,,,4,,,,,,,,1,,,,,,False,False,False,False,,,,,False,,,,,False,,,,,
120_C84Si36_012_012_a0.121212_b0.067901_c1.680068_interface15shift7,15,7,7,C,False,6.666666666666667,8,-69.80589084,-74.136955,-0.04167,0.04167,14,012,0,1,2,Si,False,8,-42.60220066,-45.400925,-0.04167,0.04167,6,012,0,1,2,0.121212,0.067901,1.680068,0.318931341,6.83e-06,0.636857748,120,480,,,,,,4,,,-924.727929,,-7.4711175,-6.709917074999999,,1,,,,,,True,False,False,False,,,,,False,,,,,False,,,,,False
120_Ge48Si72_001_011_a0.898734_b0.138365_c2.1_interface7shift5swap6,7,5,5,Ge,False,6.666666666666667,8,-35.08485951,-38.831661,-0.03888,0.03888,8,001,0,0,1,Si,False,8,-42.60220066,-45.400925,-0.02864,0.02864,12,011,0,1,1,0.898734,0.138365,2.1,4.008624077,0.0,2.267128229,120,480,,,,,,4,,,,,,,,1,,,,,,True,True,False,False,,,,,False,,,,,False,,,,,
264_Sn108Si156_001_001_a0.07732_b0.082474_c2.1_interface2shift3swap2,2,3,3,Sn,False,3.0303030303030303,8,-29.90800429,-34.349418,-0.0339,0.0339,18,001,0,0,1,Si,False,8,-42.60220066,-45.400925,-0.04051,0.04051,26,001,0,0,1,0.07732,0.082474,2.1,0.586363971,0.0,1.176154613,264,1056,-1123.76383669,,-4.531887809375,-3.9820213323484848,,4,,,-1306.459033,,-4.9843964375,-4.646623825757576,,1,,3.328598484848485,,,,True,True,False,True,56,88,32,"(0.3607843137254902, 0.6352941176470588, 0.0)",False,,,,,False,,,,,False
264_Sn108Si156_001_001_a0.07732_b0.082474_c2.1_interface2shift6,2,6,6,Sn,False,3.0303030303030303,8,-29.90800429,-34.349418,-0.0339,0.0339,18,001,0,0,1,Si,False,8,-42.60220066,-45.400925,-0.04051,0.04051,26,001,0,0,1,0.07732,0.082474,2.1,0.586363971,0.0,1.176154613,264,1056,,,,,,4,,,-1322.129282,,-4.9843964375,-4.705980829545455,,1,,2.6079545454545454,,,,True,False,False,False,,,,,False,,,,,False,,,,,False
380_C308Si72_111_111_a0.143939_b0.037879_c2.072898_interface7shift4,7,4,4,C,False,2.1052631578947367,8,-69.80589084,-74.136955,0.19792,0.21875,28,111,1,1,1,Si,False,8,-42.60220066,-45.400925,0.29825,0.36841,12,111,1,1,1,0.143939,0.037879,2.072898,0.31893608,0.0,0.636863708,380,1520,,,,,,4,,,,,,,,1,,,,,,True,False,False,False,,,,,False,,,,,False,,,,,
72_Ge48Si24_001_114_a0.936709_b0.943396_c1.495911_interface8shift2,8,2,2,Ge,False,11.11111111111111,8,-35.08485951,-38.831661,-0.03888,0.03888,8,001,0,0,1,Si,False,8,-42.60220066,-45.400925,-0.04167,0.04167,4,114,1,1,4,0.936709,0.943396,1.495911,4.008624077,0.0,2.267128229,72,288,-316.59413001,-349.857732,-4.855441260625,-3.318153747777778,-3.6892381388888884,4,,6.652777777777778,-359.328133,,-5.264536625,-3.820771486111111,,1,,2.0,3.326388888888889,,"(0.3843137254901961, 0.2196078431372549, 0.7764705882352941)",True,False,True,True,127,159,32,"(0.2, 0.796078431372549, 0.0)",True,50,50,0,"(0.0, 1.0, 0.0)",False,,,,,False
156_Ge48Si108_114_001_a0.163522_b0.810651_c1.585635_interface5shift7,5,7,7,Ge,False,5.128205128205128,8,-35.08485951,-38.831661,-0.04167,0.04167,8,114,1,1,4,Si,False,8,-42.60220066,-45.400925,-0.04051,0.04051,18,001,0,0,1,0.163522,0.810651,1.585635,4.008629799,0.0,2.267122269,156,624,-717.61116952,-783.770958,-4.855441260625,-4.102077624038461,-4.484220333333332,4,,9.083333333333334,-824.553166,,-5.264536625,-4.745644743589743,,1,,3.953525641025641,2.29752736116741,,"(0.44313725490196076, 0.10196078431372549, 0.8941176470588236)",True,False,True,True,29,33,4,"(0.11764705882352941, 0.8784313725490196, 0.0)",True,20,28,8,"(0.2823529411764706, 0.7137254901960784, 0.0)",False,,,,,False
380_C308Si72_111_111_a0.0_b0.0_c0.0_interface6shift1,6,1,1,C,False,2.1052631578947367,8,-69.80589084,-74.136955,0.15625,0.17708,28,111,1,1,1,Si,False,8,-42.60220066,-45.400925,0.29825,0.36841,12,111,1,1,1,0.0,0.0,0.0,0.31893608,0.0,0.636863708,380,1520,,,,,,4,,,,,,,,1,,,,,,False,False,False,False,,,,,False,,,,,False,,,,,
264_Sn108Si156_001_001_a0.07732_b0.082474_c2.1_interface2shift4swap7,2,4,4,Sn,False,3.0303030303030303,8,-29.90800429,-34.349418,-0.0339,0.0339,18,001,0,0,1,Si,False,8,-42.60220066,-45.400925,-0.04051,0.04051,26,001,0,0,1,0.07732,0.082474,2.1,0.586363971,0.0,1.176154613,264,1056,,,,,,4,,,-1305.478369,,-4.9843964375,-4.642909189393939,,1,,6.175189393939394,,,,True,True,False,False,,,,,False,,,,,False,,,,,False
264_Sn108Si156_001_001_a0.07732_b0.082474_c2.1_interface2shift2swap1,2,2,2,Sn,False,3.0303030303030303,8,-29.90800429,-34.349418,-0.0339,0.0339,18,001,0,0,1,Si,False,8,-42.60220066,-45.400925,-0.04051,0.04051,26,001,0,0,1,0.07732,0.082474,2.1,0.586363971,0.0,1.176154613,264,1056,-1124.61069905,,-4.531887809375,-3.9852291443181813,,4,,25.71212121212121,-1306.213568,,-4.9843964375,-4.6456940340909085,,1,,3.7765151515151514,6.808425275827482,,"(0.4666666666666667, 0.058823529411764705, 0.9372549019607843)",True,True,True,True,48,90,42,"(0.4666666666666667, 0.5333333333333333, 0.0)",False,,,,,False,,,,,False
120_Ge48Si72_001_011_a0.898734_b0.138365_c2.1_interface7shift6swap1,7,6,6,Ge,False,6.666666666666667,8,-35.08485951,-38.831661,-0.03888,0.03888,8,001,0,0,1,Si,False,8,-42.60220066,-45.400925,-0.02864,0.02864,12,011,0,1,1,0.898734,0.138365,2.1,4.008624077,0.0,2.267128229,120,480,,,,,,4,,,,,,,,1,,,,,,True,True,False,False,,,,,False,,,,,False,,,,,
264_Sn108Si156_001_001_a0.07732_b0.082474_c2.1_interface1shift3swap6,1,3,3,Sn,False,3.0303030303030303,8,-29.90800429,-34.349418,-0.0339,0.0339,18,001,0,0,1,Si,False,8,-42.60220066,-45.400925,-0.04051,0.04051,26,001,0,0,1,0.07732,0.082474,2.1,0.586363971,0.0,1.176154613,264,1056,-1121.88731451,,-4.531887809375,-3.974913293787878,,4,,25.03409090909091,-1306.47846,,-4.9843964375,-4.646697412878789,,1,,3.8863636363636362,6.441520467836257,,"(0.4666666666666667, 0.058823529411764705, 0.9372549019607843)",True,True,True,True,76,87,11,"(0.12549019607843137, 0.8705882352941177, 0.0)",False,,,,,False,,,,,False
144_Sn72Si72_011_001_a0.0_b0.0_c0.0_interface5shift1,5,1,1,Sn,False,5.555555555555555,8,-29.90800429,-34.349418,-0.02397,0.02397,12,011,0,1,1,Si,False,8,-42.60220066,-45.400925,-0.04051,0.04051,12,001,0,0,1,0.0,0.0,0.0,3.359752417,0.0,0.941371918,144,576,371.76729161,176.934584,-4.531887809375,3.0852603927777777,1.782534215277778,4,,18.57638888888889,-706.655493,,-4.9843964375,-4.353507986111111,,1,,9.164930555555555,2.026899033907937,,"(0.4392156862745098, 0.10980392156862745, 0.8862745098039215)",False,False,False,True,145,140,5,"(0.03137254901960784, 0.9647058823529412, 0.0)",True,68,72,4,"(0.054901960784313725, 0.9411764705882353, 0.0)",False,,,,,False
264_Sn108Si156_001_001_a0.07732_b0.082474_c2.1_interface2shift8,2,8,8,Sn,False,3.0303030303030303,8,-29.90800429,-34.349418,-0.0339,0.0339,18,001,0,0,1,Si,False,8,-42.60220066,-45.400925,-0.04051,0.04051,26,001,0,0,1,0.07732,0.082474,2.1,0.586363971,0.0,1.176154613,264,1056,,,,,,4,,,-1321.395038,,-4.9843964375,-4.703199602272728,,1,,2.8295454545454546,,,,True,False,False,False,,,,,False,,,,,False,,,,,False
264_Sn108Si156_001_001_a0.07732_b0.082474_c2.1_interface2shift2swap3,2,2,2,Sn,False,3.0303030303030303,8,-29.90800429,-34.349418,-0.0339,0.0339,18,001,0,0,1,Si,False,8,-42.60220066,-45.400925,-0.04051,0.04051,26,001,0,0,1,0.07732,0.082474,2.1,0.586363971,0.0,1.176154613,264,1056,-1123.53664079,,-4.531887809375,-3.9811607418181816,,4,,26.265151515151516,-1307.074231,,-4.9843964375,-4.648954121212122,,1,,6.201704545454546,4.23515040464193,,"(0.4666666666666667, 0.058823529411764705, 0.9372549019607843)",True,True,True,True,60,75,15,"(0.2, 0.8, 0.0)",False,,,,,False,,,,,False
264_Sn108Si156_001_001_a0.07732_b0.082474_c2.1_interface1shift1swap1,1,1,1,Sn,False,3.0303030303030303,8,-29.90800429,-34.349418,-0.0339,0.0339,18,001,0,0,1,Si,False,8,-42.60220066,-45.400925,-0.04051,0.04051,26,001,0,0,1,0.07732,0.082474,2.1,0.586363971,0.0,1.176154613,264,1056,-1117.06177008,-1230.260448,-4.531887809375,-3.956634716401515,-4.357992821969697,4,,25.62878787878788,-1307.785113,,-4.9843964375,-4.651646856060606,,1,,3.086174242424242,8.304387849033446,,"(0.4666666666666667, 0.058823529411764705, 0.9372549019607843)",True,True,True,True,111,65,46,"(0.4117647058823529, 0.5843137254901961, 0.0)",True,39,37,2,"(0.050980392156862744, 0.9450980392156862, 0.0)",False,,,,,False
264_Sn108Si156_001_001_a0.07732_b0.082474_c2.1_interface1shift8swap4,1,8,8,Sn,False,3.0303030303030303,8,-29.90800429,-34.349418,-0.0339,0.0339,18,001,0,0,1,Si,False,8,-42.60220066,-45.400925,-0.04051,0.04051,26,001,0,0,1,0.07732,0.082474,2.1,0.586363971,0.0,1.176154613,264,1056,-1124.29756246,,-4.531887809375,-3.984043020871212,,4,,25.166666666666668,-1306.110235,,-4.9843964375,-4.645302621212122,,1,,3.3267045454545454,7.565044121833192,,"(0.4666666666666667, 0.058823529411764705, 0.9372549019607843)",True,True,True,True,53,92,39,"(0.4235294117647059, 0.5725490196078431, 0.0)",False,,,,,False,,,,,False
72_Ge48Si24_001_114_a0.936709_b0.440252_c1.495911_interface8shift8,8,8,8,Ge,False,11.11111111111111,8,-35.08485951,-38.831661,-0.03888,0.03888,8,001,0,0,1,Si,False,8,-42.60220066,-45.400925,-0.04167,0.04167,4,114,1,1,4,0.936709,0.440252,1.495911,4.008624077,0.0,2.267128229,72,288,-316.7595538,-350.070403,-4.855441260625,-3.3204513004166665,-3.692191902777777,4,,6.263888888888889,-359.328691,,-5.264536625,-3.8207792361111106,,1,,1.9930555555555556,3.1428571428571432,,"(0.3843137254901961, 0.2196078431372549, 0.7764705882352941)",True,False,True,True,123,157,34,"(0.21568627450980393, 0.7803921568627451, 0.0)",True,46,46,0,"(0.0, 1.0, 0.0)",False,,,,,False
264_Sn108Si156_001_001_a0.07732_b0.082474_c2.1_interface2shift6swap2,2,6,6,Sn,False,3.0303030303030303,8,-29.90800429,-34.349418,-0.0339,0.0339,18,001,0,0,1,Si,False,8,-42.60220066,-45.400925,-0.04051,0.04051,26,001,0,0,1,0.07732,0.082474,2.1,0.586363971,0.0,1.176154613,264,1056,,,,,,4,,,-1307.277724,,-4.9843964375,-4.649724928030303,,1,,3.615530303030303,,,,True,True,False,False,,,,,False,,,,,False,,,,,False
380_C308Si72_111_111_a0.037879_b0.022727_c2.188944_interface6shift6,6,6,6,C,False,2.1052631578947367,8,-69.80589084,-74.136955,0.15625,0.17708,28,111,1,1,1,Si,False,8,-42.60220066,-45.400925,0.29825,0.36841,12,111,1,1,1,0.037879,0.022727,2.188944,0.31893608,0.0,0.636863708,380,1520,,,,,,4,,,,,,,,1,,,,,,True,False,False,False,,,,,False,,,,,False,,,,,
380_C308Si72_111_111_a0.037879_b0.166667_c2.072899_interface5shift3,5,3,3,C,False,2.1052631578947367,8,-69.80589084,-74.136955,0.19792,0.21875,28,111,1,1,1,Si,False,8,-42.60220066,-45.400925,0.29825,0.36841,12,111,1,1,1,0.037879,0.166667,2.072899,0.31893608,0.0,0.636863708,380,1520,,,,,,4,,,,,,,,1,,,,,,True,False,False,False,,,,,False,,,,,False,,,,,
120_C84Si36_012_012_a0.0_b0.0_c0.0_interface1shift1,1,1,1,C,False,6.666666666666667,8,-69.80589084,-74.136955,0.29167,0.375,14,012,0,1,2,Si,False,8,-42.60220066,-45.400925,-0.04167,0.04167,6,012,0,1,2,0.0,0.0,0.0,0.318931341,0.0,0.636857748,120,480,,,,,,4,,,-910.916983,,-7.4711175,-6.594825858333333,,1,,,,,,False,False,False,False,,,,,False,,,,,False,,,,,False