name,interface_number,shift_number,swap_number,material_lower,material_lower_primitive_cell,material_lower_percent,material_lower_bulk_n,material_lower_bulk_E_dft,material_lower_bulk_E_mlp,material_lower_termination_min_layer_loc,material_lower_termination_max_layer_loc,material_lower_termination_n_atoms,material_lower_miller_hkl,material_lower_miller_h,material_lower_miller_k,material_lower_miller_l,material_upper,material_upper_primitive_cell,material_upper_bulk_n,material_upper_bulk_E_dft,material_upper_bulk_E_mlp,material_upper_termination_min_layer_loc,material_upper_termination_max_layer_loc,material_upper_termination_n_atoms,material_upper_miller_hkl,material_upper_miller_h,material_upper_miller_k,material_upper_miller_l,material_shift_a,material_shift_b,material_shift_c,material_vector_mismatch_%,material_angle_mismatch_°,material_area_mismatch_%,interface_atoms_n,interface_electron_n,interface_E_dft@dft,interface_E_dft@mlp,interface_E_bulk_form_dft,interface_E_form_delta_dft@dft,interface_E_form_delta_dft@mlp,interface_compute_nodes_dft,interface_compute_time_seconds,interface_compute_time_per_electron_dft,interface_E_mlp@mlp,interface_E_mlp@dft,interface_E_bulk_form_mlp,interface_E_form_delta_mlp@mlp,interface_E_form_delta_mlp@dft,interface_compute_nodes_mlp,interface_compute_time_seconds_mlp,interface_compute_time_per_electron_mlp,mlp_n_times_faster,dft_mlp_rank_distance,fill_colour,is_shift,is_swap,is_valid,is_comparable_dft@dft_mlp@mlp,dft@dft_vs_mlp@mlp_rank_dft,dft@dft_vs_mlp@mlp_rank_mlp,dft@dft_vs_mlp@mlp_rank_distance,dft@dft_vs_mlp@mlp_line_colour,is_comparable_dft@dft_dft@mlp,dft@dft_vs_dft@mlp_rank_dft,dft@dft_vs_dft@mlp_rank_mlp,dft@dft_vs_dft@mlp_rank_distance,dft@dft_vs_dft@mlp_line_colour,is_comparable_mlp@dft_mlp@mlp,mlp@dft_vs_mlp@mlp_rank_dft,mlp@dft_vs_mlp@mlp_rank_mlp,mlp@dft_vs_mlp@mlp_rank_distance,mlp@dft_vs_mlp@mlp_line_colour,is_broken
264_Sn108Si156_001_001_a0.07732_b0.082474_c2.1_interface1shift1swap2,1,1,1,Sn,False,3.0303030303030303,8,-29.90800429,-34.349418,-0.0339,0.0339,18,001,0,0,1,Si,False,8,-42.60220066,-45.400925,-0.04051,0.04051,26,001,0,0,1,0.07732,0.082474,2.1,0.586363971,0.0,1.176154613,264,1056,-1121.52272796,-1232.882036,-4.531887809375,-3.9735322841287877,-4.367923079545455,4,,24.625,-1306.495405,,-4.9843964375,-4.646761598484848,,1,,3.247159090909091,7.583552055993001,,"(0.4666666666666667, 0.058823529411764705, 0.9372549019607843)",True,True,True,True,53,52,1,"(0.01568627450980392, 0.9803921568627451, 0.0)",True,3,3,0,"(0.0, 1.0, 0.0)",False,,,,,False
168_Sn72Ge96_011_011_a0.126126_b0.537975_c2.163935_interface4shift8,4,8,8,Sn,False,4.761904761904762,8,-29.90800429,-34.349418,-0.02397,0.02397,12,011,0,1,1,Ge,False,8,-35.08485951,-38.831661,-0.0275,0.0275,16,011,0,1,1,0.126126,0.537975,2.163935,0.675974071,0.0,1.356506348,168,672,-675.23362422,-755.095887,-4.062053987500001,-3.6323854786904763,-4.059016714285714,4,,7.845238095238095,-767.893843,,-4.5738174375,-4.135195023809523,,1,,6.168154761904762,1.2718938480096502,,"(0.4470588235294118, 0.09411764705882353, 0.9019607843137255)",True,False,True,True,113,127,14,"(0.10980392156862745, 0.8862745098039215, 0.0)",True,36,36,0,"(0.0, 1.0, 0.0)",False,,,,,False
108_Sn48Ge60_001_001_a0.930233_b0.224806_c2.2_interface10shift5,10,5,5,Sn,False,7.4074074074074066,8,-29.90800429,-34.349418,-0.0339,0.0339,8,001,0,0,1,Ge,False,8,-35.08485951,-38.831661,-0.03888,0.03888,10,001,0,0,1,0.930233,0.224806,2.2,2.520913124,0.0,4.978269577,108,432,,,,,,4,,,-488.449032,,-4.5738174375,-3.8450736388888886,,1,,,,,,True,False,False,False,,,,,False,,,,,False,,,,,False
168_Sn72Ge96_011_011_a0.126126_b0.531646_c2.163935_interface4shift1,4,1,1,Sn,False,4.761904761904762,8,-29.90800429,-34.349418,-0.02397,0.02397,12,011,0,1,1,Ge,False,8,-35.08485951,-38.831661,-0.0275,0.0275,16,011,0,1,1,0.126126,0.531646,2.163935,0.675974071,0.0,1.356506348,168,672,-674.98914004,-755.027413,-4.062053987500001,-3.6309302157142858,-4.058609130952381,4,,7.958333333333333,-767.893854,,-4.5738174375,-4.135195089285714,,1,,6.230654761904762,1.2772868402197277,,"(0.4470588235294118, 0.09411764705882353, 0.9019607843137255)",True,False,True,True,117,126,9,"(0.07058823529411765, 0.9254901960784314, 0.0)",True,40,39,1,"(0.023529411764705882, 0.9725490196078431, 0.0)",False,,,,,False
264_Sn108Si156_001_001_a0.07732_b0.082474_c2.1_interface1shift8,1,8,8,Sn,False,3.0303030303030303,8,-29.90800429,-34.349418,-0.0339,0.0339,18,001,0,0,1,Si,False,8,-42.60220066,-45.400925,-0.04051,0.04051,26,001,0,0,1,0.07732,0.082474,2.1,0.586363971,0.0,1.176154613,264,1056,-1173.58131284,,-4.531887809375,-4.170723893522727,,4,,21.992424242424242,-1321.971092,,-4.9843964375,-4.705381625,,1,,3.492424242424242,6.297180043383948,,"(0.4666666666666667, 0.058823529411764705, 0.9372549019607843)",True,False,True,True,6,6,0,"(0.0, 1.0, 0.0)",False,,,,,False,,,,,False
48_Sn48_114_114_a0.0_b0.0_c0.0_interface1shift1swap1,1,1,1,Sn,False,16.666666666666664,8,-29.90800429,-34.349418,-0.04167,0.04167,4,114,1,1,4,Sn,False,8,-29.90800429,-34.349418,-0.04167,0.04167,4,114,1,1,4,0.0,0.0,0.0,0.0,0.0,0.0,48,192,-544.16757393,,-3.73850053625,-10.090657611458333,,4,,5.854166666666667,-34.801001,,-4.29367725,0.7062048958333333,,1,,4.557291666666667,1.2845714285714285,,"(0.32941176470588235, 0.32941176470588235, 0.6666666666666666)",False,True,True,True,,,,,False,,,,,False,,,,,True
48_Sn24Ge24_012_125_a0.077519_b0.93299_c1.589553_interface13shift1,13,1,1,Sn,False,16.666666666666664,8,-29.90800429,-34.349418,-0.04167,0.04167,4,012,0,1,2,Ge,False,8,-35.08485951,-38.831661,-0.04167,0.04167,4,125,1,2,5,0.077519,0.93299,1.589553,3.610095024,0.581727207,6.898111343,48,192,-157.26312799,-186.268811,-4.062053987500001,-1.9222971706249996,-2.355994416666667,4,,5.583333333333333,-209.575432,,-4.5738174375,-2.841549020833334,,1,,3.5989583333333335,1.5513748191027494,,"(0.32941176470588235, 0.32941176470588235, 0.6666666666666666)",True,False,True,True,135,158,23,"(0.1450980392156863, 0.8509803921568627, 0.0)",True,58,61,3,"(0.047058823529411764, 0.9490196078431372, 0.0)",False,,,,,False
264_Sn108Si156_001_001_a0.07732_b0.082474_c2.1_interface2shift7swap1,2,7,7,Sn,False,3.0303030303030303,8,-29.90800429,-34.349418,-0.0339,0.0339,18,001,0,0,1,Si,False,8,-42.60220066,-45.400925,-0.04051,0.04051,26,001,0,0,1,0.07732,0.082474,2.1,0.586363971,0.0,1.176154613,264,1056,,,,,,4,,,-1305.1122,,-4.9843964375,-4.641522185606061,,1,,4.235795454545454,,,,True,True,False,False,,,,,False,,,,,False,,,,,False
264_Sn108Si156_001_001_a0.07732_b0.082474_c2.1_interface2shift5swap1,2,5,5,Sn,False,3.0303030303030303,8,-29.90800429,-34.349418,-0.0339,0.0339,18,001,0,0,1,Si,False,8,-42.60220066,-45.400925,-0.04051,0.04051,26,001,0,0,1,0.07732,0.082474,2.1,0.586363971,0.0,1.176154613,264,1056,,,,,,4,,,-1307.706024,,-4.9843964375,-4.6513472765151525,,1,,5.901515151515151,,,,True,True,False,False,,,,,False,,,,,False,,,,,False
264_Sn108Si156_001_001_a0.07732_b0.082474_c2.1_interface1shift4swap4,1,4,4,Sn,False,3.0303030303030303,8,-29.90800429,-34.349418,-0.0339,0.0339,18,001,0,0,1,Si,False,8,-42.60220066,-45.400925,-0.04051,0.04051,26,001,0,0,1,0.07732,0.082474,2.1,0.586363971,0.0,1.176154613,264,1056,-1122.28074717,,-4.531887809375,-3.9764035690151514,,4,,24.613636363636363,,,,,,1,,,,,,True,True,False,False,,,,,False,,,,,False,,,,,
264_Sn108Si156_001_001_a0.07732_b0.082474_c2.1_interface2shift3swap3,2,3,3,Sn,False,3.0303030303030303,8,-29.90800429,-34.349418,-0.0339,0.0339,18,001,0,0,1,Si,False,8,-42.60220066,-45.400925,-0.04051,0.04051,26,001,0,0,1,0.07732,0.082474,2.1,0.586363971,0.0,1.176154613,264,1056,,,,,,4,,,-1307.343893,,-4.9843964375,-4.6499755681818185,,1,,3.596590909090909,,,,True,True,False,False,,,,,False,,,,,False,,,,,False
264_Sn108Si156_001_001_a0.07732_b0.082474_c2.1_interface1shift6,1,6,6,Sn,False,3.0303030303030303,8,-29.90800429,-34.349418,-0.0339,0.0339,18,001,0,0,1,Si,False,8,-42.60220066,-45.400925,-0.04051,0.04051,26,001,0,0,1,0.07732,0.082474,2.1,0.586363971,0.0,1.176154613,264,1056,-1173.58759817,,-4.531887809375,-4.170747701590909,,4,,21.939393939393938,-1321.404471,,-4.9843964375,-4.703235333333334,,1,,2.554924242424242,8.587101556708673,,"(0.4666666666666667, 0.058823529411764705, 0.9372549019607843)",True,False,True,True,1,9,8,"(0.8862745098039215, 0.10980392156862745, 0.0)",False,,,,,False,,,,,False
264_Sn108Si156_001_001_a0.07732_b0.082474_c2.1_interface1shift7swap7,1,7,7,Sn,False,3.0303030303030303,8,-29.90800429,-34.349418,-0.0339,0.0339,18,001,0,0,1,Si,False,8,-42.60220066,-45.400925,-0.04051,0.04051,26,001,0,0,1,0.07732,0.082474,2.1,0.586363971,0.0,1.176154613,264,1056,-1123.55294081,,-4.531887809375,-3.981222484318182,,4,,25.166666666666668,-1306.07299,,-4.9843964375,-4.645161541666667,,1,,4.731060606060606,5.3194555644515615,,"(0.4666666666666667, 0.058823529411764705, 0.9372549019607843)",True,True,True,True,28,59,31,"(0.5215686274509804, 0.4745098039215686, 0.0)",False,,,,,False,,,,,False
168_Sn72Ge96_111_111_a0.512658_b0.183544_c2.262295_interface5shift3,5,3,3,Sn,False,4.761904761904762,8,-29.90800429,-34.349418,-0.02936,0.02936,12,111,1,1,1,Ge,False,8,-35.08485951,-38.831661,-0.03367,0.03367,16,111,1,1,1,0.512658,0.183544,2.262295,0.675974071,0.0,1.356506348,168,672,-681.67780979,-766.223451,-4.062053987500001,-3.670743726130952,-4.125252214285713,4,,13.761904761904763,-768.484889,,-4.5738174375,-4.138713154761904,,1,,0.8214285714285714,16.7536231884058,,"(0.4470588235294118, 0.09411764705882353, 0.9019607843137255)",True,False,True,True,105,116,11,"(0.09411764705882353, 0.9019607843137255, 0.0)",True,28,28,0,"(0.0, 1.0, 0.0)",False,,,,,False
264_Sn108Si156_001_001_a0.07732_b0.082474_c2.1_interface2shift3swap7,2,3,3,Sn,False,3.0303030303030303,8,-29.90800429,-34.349418,-0.0339,0.0339,18,001,0,0,1,Si,False,8,-42.60220066,-45.400925,-0.04051,0.04051,26,001,0,0,1,0.07732,0.082474,2.1,0.586363971,0.0,1.176154613,264,1056,,,,,,4,,,-1307.394156,,-4.9843964375,-4.650165958333334,,1,,4.028409090909091,,,,True,True,False,False,,,,,False,,,,,False,,,,,False
48_Sn48_114_114_a0.0_b0.0_c0.0_interface1shift1swap2,1,1,1,Sn,False,16.666666666666664,8,-29.90800429,-34.349418,-0.04167,0.04167,4,114,1,1,4,Sn,False,8,-29.90800429,-34.349418,-0.04167,0.04167,4,114,1,1,4,0.0,0.0,0.0,0.0,0.0,0.0,48,192,-495.69822693,,-3.73850053625,-9.080879548958332,,4,,6.5625,-34.801001,,-4.29367725,0.7062048958333333,,1,,4.552083333333333,1.4416475972540046,,"(0.32941176470588235, 0.32941176470588235, 0.6666666666666666)",False,True,True,True,,,,,False,,,,,False,,,,,True
264_Sn108Si156_001_001_a0.0_b0.0_c0.0_interface1shift1,1,1,1,Sn,False,3.0303030303030303,8,-29.90800429,-34.349418,-0.0339,0.0339,18,001,0,0,1,Si,False,8,-42.60220066,-45.400925,-0.04051,0.04051,26,001,0,0,1,0.0,0.0,0.0,0.586363971,0.0,1.176154613,264,1056,1387.27676333,28444.095388,-4.531887809375,5.529496091969698,,4,,50.40909090909091,,,,,,1,,,,,,False,False,False,False,,,,,False,,,,,False,,,,,
264_Sn108Si156_001_001_a0.07732_b0.082474_c2.1_interface1shift3swap3,1,3,3,Sn,False,3.0303030303030303,8,-29.90800429,-34.349418,-0.0339,0.0339,18,001,0,0,1,Si,False,8,-42.60220066,-45.400925,-0.04051,0.04051,26,001,0,0,1,0.07732,0.082474,2.1,0.586363971,0.0,1.176154613,264,1056,-1119.96028865,,-4.531887809375,-3.9676139534090904,,4,,25.49621212121212,-1307.159033,,-4.9843964375,-4.649275340909091,,1,,3.983901515151515,6.3998098407416215,,"(0.4666666666666667, 0.058823529411764705, 0.9372549019607843)",True,True,True,True,65,39,26,"(0.4, 0.6, 0.0)",False,,,,,False,,,,,False
180_Sn36Ge144_012_011_a0.506944_b0.134021_c1.887594_interface7shift1,7,1,1,Sn,False,4.444444444444445,8,-29.90800429,-34.349418,-0.04167,0.04167,6,012,0,1,2,Ge,False,8,-35.08485951,-38.831661,-0.0275,0.0275,24,011,0,1,1,0.506944,0.134021,1.887594,4.490381241,0.0,3.84477973,180,720,-733.42145312,-819.813385,-4.062053987500001,-3.713492162888889,-4.147957255555555,4,,12.794444444444444,-837.987933,,-4.5738174375,-4.248926966666667,,1,,2.370833333333333,5.39660222612771,,"(0.45098039215686275, 0.08627450980392157, 0.9098039215686274)",True,False,True,True,99,110,11,"(0.09803921568627451, 0.8980392156862745, 0.0)",True,22,14,8,"(0.3607843137254902, 0.6352941176470588, 0.0)",False,,,,,False
264_Sn108Si156_001_001_a0.07732_b0.082474_c2.1_interface2shift3swap6,2,3,3,Sn,False,3.0303030303030303,8,-29.90800429,-34.349418,-0.0339,0.0339,18,001,0,0,1,Si,False,8,-42.60220066,-45.400925,-0.04051,0.04051,26,001,0,0,1,0.07732,0.082474,2.1,0.586363971,0.0,1.176154613,264,1056,,,,,,4,,,-1305.908447,,-4.9843964375,-4.6445382727272735,,1,,3.2196969696969697,,,,True,True,False,False,,,,,False,,,,,False,,,,,False
336_Sn144Ge192_011_011_a0.948454_b0.185567_c2.163935_interface1shift4,1,4,4,Sn,False,2.380952380952381,8,-29.90800429,-34.349418,-0.02397,0.02397,24,011,0,1,1,Ge,False,8,-35.08485951,-38.831661,-0.0275,0.0275,32,011,0,1,1,0.948454,0.185567,2.163935,0.675972462,0.0,1.356506348,336,1344,,,,,,4,,,,,,,,1,,,,,,True,False,False,False,,,,,False,,,,,False,,,,,
60_Sn24Si36_012_012_a0.0_b0.0_c0.0_interface16shift1,16,1,1,Sn,False,13.333333333333334,8,-29.90800429,-34.349418,-0.04167,0.04167,4,012,0,1,2,Si,False,8,-42.60220066,-45.400925,-0.04167,0.04167,6,012,0,1,2,0.0,0.0,0.0,2.502466679,0.0,5.067539215,60,240,342.5227942,660.165879,-4.531887809375,6.9172166525000005,12.331937033333334,4,,13.9,-298.905563,,-4.9843964375,-3.652586999999999,,1,,3.004166666666667,4.626907073509015,,"(0.36470588235294116, 0.26666666666666666, 0.7333333333333333)",False,False,False,True,164,142,22,"(0.13333333333333333, 0.8627450980392157, 0.0)",True,87,92,5,"(0.050980392156862744, 0.9450980392156862, 0.0)",False,,,,,False
264_Sn108Si156_001_001_a0.07732_b0.082474_c2.1_interface1shift2,1,2,2,Sn,False,3.0303030303030303,8,-29.90800429,-34.349418,-0.0339,0.0339,18,001,0,0,1,Si,False,8,-42.60220066,-45.400925,-0.04051,0.04051,26,001,0,0,1,0.07732,0.082474,2.1,0.586363971,0.0,1.176154613,264,1056,-1172.08886989,,-4.531887809375,-4.165070700530303,,4,,22.62121212121212,-1319.008105,,-4.9843964375,-4.6941581893939395,,1,,1.8816287878787878,12.022143935581278,,"(0.4666666666666667, 0.058823529411764705, 0.9372549019607843)",True,False,True,True,9,12,3,"(0.24705882352941178, 0.7490196078431373, 0.0)",False,,,,,False,,,,,False
264_Sn108Si156_001_001_a0.07732_b0.082474_c2.1_interface2shift1swap8,2,1,1,Sn,False,3.0303030303030303,8,-29.90800429,-34.349418,-0.0339,0.0339,18,001,0,0,1,Si,False,8,-42.60220066,-45.400925,-0.04051,0.04051,26,001,0,0,1,0.07732,0.082474,2.1,0.586363971,0.0,1.176154613,264,1056,-1117.44393869,,-4.531887809375,-3.958082324772727,,4,,24.03030303030303,-1309.868335,,-4.9843964375,-4.659537848484848,,1,,5.540719696969697,4.3370364040334985,,"(0.4666666666666667, 0.058823529411764705, 0.9372549019607843)",True,True,True,True,78,13,65,"(0.8313725490196079, 0.16470588235294117, 0.0)",False,,,,,False,,,,,False
264_Sn108Si156_001_001_a0.0_b0.0_c0.0_interface2shift1swap5,2,1,1,Sn,False,3.0303030303030303,8,-29.90800429,-34.349418,-0.0339,0.0339,18,001,0,0,1,Si,False,8,-42.60220066,-45.400925,-0.04051,0.04051,26,001,0,0,1,0.0,0.0,0.0,0.586363971,0.0,1.176154613,264,1056,1271.03747948,,-4.531887809375,5.089195774356061,,4,,79.29545454545455,,,,,,1,,,,,,False,True,False,False,,,,,False,,,,,False,,,,,
264_Sn108Si156_001_001_a0.07732_b0.082474_c2.1_interface1shift8swap5,1,8,8,Sn,False,3.0303030303030303,8,-29.90800429,-34.349418,-0.0339,0.0339,18,001,0,0,1,Si,False,8,-42.60220066,-45.400925,-0.04051,0.04051,26,001,0,0,1,0.07732,0.082474,2.1,0.586363971,0.0,1.176154613,264,1056,-1119.80494573,,-4.531887809375,-3.967025533257576,,4,,25.882575757575758,-1304.015694,,-4.9843964375,-4.637368753787879,,1,,3.899621212121212,6.637202525497814,,"(0.4666666666666667, 0.058823529411764705, 0.9372549019607843)",True,True,True,True,66,89,23,"(0.2549019607843137, 0.7411764705882353, 0.0)",False,,,,,False,,,,,False
264_Sn108Si156_001_001_a0.07732_b0.082474_c2.1_interface2shift5swap2,2,5,5,Sn,False,3.0303030303030303,8,-29.90800429,-34.349418,-0.0339,0.0339,18,001,0,0,1,Si,False,8,-42.60220066,-45.400925,-0.04051,0.04051,26,001,0,0,1,0.07732,0.082474,2.1,0.586363971,0.0,1.176154613,264,1056,,,,,,4,,,-1304.958762,,-4.9843964375,-4.640940981060607,,1,,3.6297348484848486,,,,True,True,False,False,,,,,False,,,,,False,,,,,False
264_Sn108Si156_001_001_a0.07732_b0.082474_c2.1_interface1shift4swap6,1,4,4,Sn,False,3.0303030303030303,8,-29.90800429,-34.349418,-0.0339,0.0339,18,001,0,0,1,Si,False,8,-42.60220066,-45.400925,-0.04051,0.04051,26,001,0,0,1,0.07732,0.082474,2.1,0.586363971,0.0,1.176154613,264,1056,-1122.73236963,,-4.531887809375,-3.9781142601515147,,4,,24.829545454545453,-1305.598781,,-4.9843964375,-4.6433652954545455,,1,,3.2054924242424243,7.745937961595272,,"(0.4666666666666667, 0.058823529411764705, 0.9372549019607843)",True,True,True,True,39,77,38,"(0.49019607843137253, 0.5058823529411764, 0.0)",False,,,,,False,,,,,False
48_Sn24Ge24_012_125_a0.100775_b0.948454_c1.490206_interface12shift7,12,7,7,Sn,False,16.666666666666664,8,-29.90800429,-34.349418,-0.04167,0.04167,4,012,0,1,2,Ge,False,8,-35.08485951,-38.831661,-0.04167,0.04167,4,125,1,2,5,0.100775,0.948454,1.490206,3.610095024,0.581727207,6.898111343,48,192,-158.21044123,-187.477797,-4.062053987500001,-1.9420328631249995,-2.381181625,4,,5.416666666666667,-209.100549,,-4.5738174375,-2.831655625,,1,,2.828125,1.9152854511970534,,"(0.32941176470588235, 0.32941176470588235, 0.6666666666666666)",True,False,True,True,132,165,33,"(0.2, 0.8, 0.0)",True,55,53,2,"(0.03529411764705882, 0.9607843137254902, 0.0)",False,,,,,False
264_Sn108Si156_001_001_a0.07732_b0.082474_c2.1_interface1shift8swap8,1,8,8,Sn,False,3.0303030303030303,8,-29.90800429,-34.349418,-0.0339,0.0339,18,001,0,0,1,Si,False,8,-42.60220066,-45.400925,-0.04051,0.04051,26,001,0,0,1,0.07732,0.082474,2.1,0.586363971,0.0,1.176154613,264,1056,-1122.90653027,,-4.531887809375,-3.9787739595454545,,4,,25.928030303030305,-1309.214585,,-4.9843964375,-4.657061522727273,,1,,3.972537878787879,6.526817640047676,,"(0.4666666666666667, 0.058823529411764705, 0.9372549019607843)",True,True,True,True,35,19,16,"(0.4549019607843137, 0.5411764705882353, 0.0)",False,,,,,False,,,,,False
264_Sn108Si156_001_001_a0.0_b0.0_c0.0_interface1shift1swap6,1,1,1,Sn,False,3.0303030303030303,8,-29.90800429,-34.349418,-0.0339,0.0339,18,001,0,0,1,Si,False,8,-42.60220066,-45.400925,-0.04051,0.04051,26,001,0,0,1,0.0,0.0,0.0,0.586363971,0.0,1.176154613,264,1056,377.44644686,,-4.531887809375,1.7043812568560606,,4,,82.20454545454545,-275.491623,,-4.9843964375,-0.7414442424242423,,1,,2.2045454545454546,37.28865979381443,,"(0.4666666666666667, 0.058823529411764705, 0.9372549019607843)",False,True,False,True,,,,,False,,,,,False,,,,,True
264_Sn108Si156_001_001_a0.07732_b0.082474_c2.1_interface1shift4swap7,1,4,4,Sn,False,3.0303030303030303,8,-29.90800429,-34.349418,-0.0339,0.0339,18,001,0,0,1,Si,False,8,-42.60220066,-45.400925,-0.04051,0.04051,26,001,0,0,1,0.07732,0.082474,2.1,0.586363971,0.0,1.176154613,264,1056,-1123.17520836,,-4.531887809375,-3.979791679583333,,4,,24.856060606060606,-1305.914823,,-4.9843964375,-4.644562424242425,,1,,4.267992424242424,5.823829598402486,,"(0.4666666666666667, 0.058823529411764705, 0.9372549019607843)",True,True,True,True,32,65,33,"(0.5058823529411764, 0.49019607843137253, 0.0)",False,,,,,False,,,,,False
264_Sn108Si156_001_001_a0.07732_b0.082474_c2.1_interface2shift1,2,1,1,Sn,False,3.0303030303030303,8,-29.90800429,-34.349418,-0.0339,0.0339,18,001,0,0,1,Si,False,8,-42.60220066,-45.400925,-0.04051,0.04051,26,001,0,0,1,0.07732,0.082474,2.1,0.586363971,0.0,1.176154613,264,1056,-1172.08460375,,-4.531887809375,-4.16505454090909,,4,,22.420454545454547,-1322.779073,,-4.9843964375,-4.708442159090909,,1,,3.222537878787879,6.9573905377608,,"(0.4666666666666667, 0.058823529411764705, 0.9372549019607843)",True,False,True,True,10,3,7,"(0.6980392156862745, 0.2980392156862745, 0.0)",False,,,,,False,,,,,False
168_Sn72Ge96_011_011_a0.664557_b0.061856_c2.163935_interface3shift2,3,2,2,Sn,False,4.761904761904762,8,-29.90800429,-34.349418,-0.02397,0.02397,12,011,0,1,1,Ge,False,8,-35.08485951,-38.831661,-0.0275,0.0275,16,011,0,1,1,0.664557,0.061856,2.163935,0.675974071,0.0,1.356506348,168,672,-674.77334903,-754.954455,-4.062053987500001,-3.629645745416666,-4.058174857142857,4,,11.958333333333334,-767.872434,,-4.5738174375,-4.135067589285714,,1,,6.688988095238095,1.7877641824249169,,"(0.4470588235294118, 0.09411764705882353, 0.9019607843137255)",True,False,True,True,121,131,10,"(0.07450980392156863, 0.9215686274509803, 0.0)",True,44,46,2,"(0.043137254901960784, 0.9529411764705882, 0.0)",False,,,,,False
120_Sn48Si72_011_011_a0.0_b0.0_c0.0_interface8shift1,8,1,1,Sn,False,6.666666666666667,8,-29.90800429,-34.349418,-0.02397,0.02397,8,011,0,1,1,Si,False,8,-42.60220066,-45.400925,-0.02864,0.02864,12,011,0,1,1,0.0,0.0,0.0,2.50246191,0.0,5.067539215,120,480,554.21432521,2056.053968,-4.531887809375,5.222704418,17.79836925833333,4,,7.708333333333333,-606.355122,,-4.9843964375,-4.388373158333334,,1,,6.227083333333334,1.2378721980595515,,"(0.43137254901960786, 0.13333333333333333, 0.8666666666666667)",False,False,False,True,159,94,65,"(0.40784313725490196, 0.5882352941176471, 0.0)",True,82,94,12,"(0.12549019607843137, 0.8705882352941177, 0.0)",False,,,,,False
288_Sn288_011_011_a0.0_b0.0_c0.0_interface15shift1swap1,15,1,1,Sn,False,2.7777777777777777,8,-29.90800429,-34.349418,-0.02397,0.02397,24,011,0,1,1,Sn,False,8,-29.90800429,-34.349418,-0.02397,0.02397,24,011,0,1,1,0.0,0.0,0.0,0.0,0.0,0.0,288,1152,,,,,,4,,,,,,,,1,,,,,,False,True,False,False,,,,,False,,,,,False,,,,,
264_Sn108Si156_001_001_a0.07732_b0.082474_c2.1_interface1shift5swap2,1,5,5,Sn,False,3.0303030303030303,8,-29.90800429,-34.349418,-0.0339,0.0339,18,001,0,0,1,Si,False,8,-42.60220066,-45.400925,-0.04051,0.04051,26,001,0,0,1,0.07732,0.082474,2.1,0.586363971,0.0,1.176154613,264,1056,-1124.77691949,,-4.531887809375,-3.985858767196969,,4,,25.571969696969695,,,,,,1,,,,,,True,True,False,False,,,,,False,,,,,False,,,,,
264_Sn108Si156_001_001_a0.07732_b0.082474_c2.1_interface1shift3swap4,1,3,3,Sn,False,3.0303030303030303,8,-29.90800429,-34.349418,-0.0339,0.0339,18,001,0,0,1,Si,False,8,-42.60220066,-45.400925,-0.04051,0.04051,26,001,0,0,1,0.07732,0.082474,2.1,0.586363971,0.0,1.176154613,264,1056,-1124.22357316,,-4.531887809375,-3.983762758371211,,4,,23.916666666666668,-1303.700471,,-4.9843964375,-4.636174727272728,,1,,2.2234848484848486,10.756388415672912,,"(0.4666666666666667, 0.058823529411764705, 0.9372549019607843)",True,True,True,True,23,90,67,"(0.7411764705882353, 0.2549019607843137, 0.0)",False,,,,,False,,,,,False
264_Sn108Si156_001_001_a0.07732_b0.082474_c2.1_interface1shift8swap1,1,8,8,Sn,False,3.0303030303030303,8,-29.90800429,-34.349418,-0.0339,0.0339,18,001,0,0,1,Si,False,8,-42.60220066,-45.400925,-0.04051,0.04051,26,001,0,0,1,0.07732,0.082474,2.1,0.586363971,0.0,1.176154613,264,1056,-1121.45716027,,-4.531887809375,-3.9732839216666664,,4,,25.5,-1306.500736,,-4.9843964375,-4.646781791666667,,1,,4.5606060606060606,5.591362126245847,,"(0.4666666666666667, 0.058823529411764705, 0.9372549019607843)",True,True,True,True,54,50,4,"(0.07058823529411765, 0.9254901960784314, 0.0)",False,,,,,False,,,,,False
264_Sn108Si156_001_001_a0.07732_b0.082474_c2.1_interface1shift3,1,3,3,Sn,False,3.0303030303030303,8,-29.90800429,-34.349418,-0.0339,0.0339,18,001,0,0,1,Si,False,8,-42.60220066,-45.400925,-0.04051,0.04051,26,001,0,0,1,0.07732,0.082474,2.1,0.586363971,0.0,1.176154613,264,1056,-1173.57749799,,-4.531887809375,-4.170709443333333,,4,,22.08712121212121,-1321.972634,,-4.9843964375,-4.705387465909091,,1,,2.9744318181818183,7.4256606176376945,,"(0.4666666666666667, 0.058823529411764705, 0.9372549019607843)",True,False,True,True,7,5,2,"(0.2823529411764706, 0.7137254901960784, 0.0)",False,,,,,False,,,,,False
48_Sn48_114_114_a0.0_b0.0_c0.0_interface1shift1swap6,1,1,1,Sn,False,16.666666666666664,8,-29.90800429,-34.349418,-0.04167,0.04167,4,114,1,1,4,Sn,False,8,-29.90800429,-34.349418,-0.04167,0.04167,4,114,1,1,4,0.0,0.0,0.0,0.0,0.0,0.0,48,192,-542.86991493,,-3.73850053625,-10.063623048958334,,4,,7.375,-34.801001,,-4.29367725,0.7062048958333333,,1,,5.723958333333333,1.2884440400363968,,"(0.32941176470588235, 0.32941176470588235, 0.6666666666666666)",False,True,True,True,,,,,False,,,,,False,,,,,True
264_Sn108Si156_001_001_a0.07732_b0.082474_c2.1_interface1shift4swap2,1,4,4,Sn,False,3.0303030303030303,8,-29.90800429,-34.349418,-0.0339,0.0339,18,001,0,0,1,Si,False,8,-42.60220066,-45.400925,-0.04051,0.04051,26,001,0,0,1,0.07732,0.082474,2.1,0.586363971,0.0,1.176154613,264,1056,-1124.80166824,,-4.531887809375,-3.985952512462121,,4,,25.647727272727273,-1305.234623,,-4.9843964375,-4.641985909090909,,1,,2.8731060606060606,8.926829268292684,,"(0.4666666666666667, 0.058823529411764705, 0.9372549019607843)",True,True,True,True,13,81,68,"(0.8392156862745098, 0.1568627450980392, 0.0)",False,,,,,False,,,,,False
108_Sn48Ge60_001_001_a0.426357_b0.224806_c2.2_interface10shift6,10,6,6,Sn,False,7.4074074074074066,8,-29.90800429,-34.349418,-0.0339,0.0339,8,001,0,0,1,Ge,False,8,-35.08485951,-38.831661,-0.03888,0.03888,10,001,0,0,1,0.426357,0.224806,2.2,2.520913124,0.0,4.978269577,108,432,,,,,,4,,,-488.449885,,-4.5738174375,-3.845081537037037,,1,,1.2569444444444444,,,,True,False,False,False,,,,,False,,,,,False,,,,,False
264_Sn108Si156_001_001_a0.07732_b0.082474_c2.1_interface1shift7swap3,1,7,7,Sn,False,3.0303030303030303,8,-29.90800429,-34.349418,-0.0339,0.0339,18,001,0,0,1,Si,False,8,-42.60220066,-45.400925,-0.04051,0.04051,26,001,0,0,1,0.07732,0.082474,2.1,0.586363971,0.0,1.176154613,264,1056,-1121.70291875,,-4.531887809375,-3.9742148249999993,,4,,25.59090909090909,-1307.906614,,-4.9843964375,-4.6521070871212125,,1,,3.819128787878788,6.700719067691544,,"(0.4666666666666667, 0.058823529411764705, 0.9372549019607843)",True,True,True,True,50,29,21,"(0.4196078431372549, 0.5764705882352941, 0.0)",False,,,,,False,,,,,False
264_Sn108Si156_001_001_a0.07732_b0.082474_c2.1_interface1shift2swap6,1,2,2,Sn,False,3.0303030303030303,8,-29.90800429,-34.349418,-0.0339,0.0339,18,001,0,0,1,Si,False,8,-42.60220066,-45.400925,-0.04051,0.04051,26,001,0,0,1,0.07732,0.082474,2.1,0.586363971,0.0,1.176154613,264,1056,-1117.82477009,,-4.531887809375,-3.9595248679545447,,4,,24.96969696969697,-1308.760623,,-4.9843964375,-4.65534196969697,,1,,6.296401515151516,3.9657091291923594,,"(0.4666666666666667, 0.058823529411764705, 0.9372549019607843)",True,True,True,True,77,23,54,"(0.6980392156862745, 0.2980392156862745, 0.0)",False,,,,,False,,,,,False
288_Sn288_011_011_a0.0_b0.0_c0.0_interface14shift1swap1,14,1,1,Sn,False,2.7777777777777777,8,-29.90800429,-34.349418,-0.02397,0.02397,24,011,0,1,1,Sn,False,8,-29.90800429,-34.349418,-0.02397,0.02397,24,011,0,1,1,0.0,0.0,0.0,0.0,0.0,0.0,288,1152,,,,,,4,,,,,,,,1,,,,,,False,True,False,False,,,,,False,,,,,False,,,,,
264_Sn108Si156_001_001_a0.07732_b0.082474_c2.1_interface2shift3swap1,2,3,3,Sn,False,3.0303030303030303,8,-29.90800429,-34.349418,-0.0339,0.0339,18,001,0,0,1,Si,False,8,-42.60220066,-45.400925,-0.04051,0.04051,26,001,0,0,1,0.07732,0.082474,2.1,0.586363971,0.0,1.176154613,264,1056,-1118.59169598,,-4.531887809375,-3.9624298902651507,,4,,24.852272727272727,,,,,,1,,,,,,True,True,False,False,,,,,False,,,,,False,,,,,
108_Sn48Ge60_001_001_a0.728682_b0.325581_c2.2_interface10shift2,10,2,2,Sn,False,7.4074074074074066,8,-29.90800429,-34.349418,-0.0339,0.0339,8,001,0,0,1,Ge,False,8,-35.08485951,-38.831661,-0.03888,0.03888,10,001,0,0,1,0.728682,0.325581,2.2,2.520913124,0.0,4.978269577,108,432,,,,,,4,,,-488.449438,,-4.5738174375,-3.845077398148148,,1,,1.2083333333333333,,,,True,False,False,False,,,,,False,,,,,False,,,,,False
180_Sn36Ge144_012_011_a0.506944_b0.134021_c1.887594_interface8shift1,8,1,1,Sn,False,4.444444444444445,8,-29.90800429,-34.349418,-0.04167,0.04167,6,012,0,1,2,Ge,False,8,-35.08485951,-38.831661,-0.0275,0.0275,24,011,0,1,1,0.506944,0.134021,1.887594,4.490381241,0.0,3.84477973,180,720,-733.74131213,-819.042496,-4.062053987500001,-3.7152691573888887,-4.143674538888889,4,,12.916666666666666,-838.654653,,-4.5738174375,-4.2526309666666675,,1,,1.6861111111111111,7.660626029654036,,"(0.45098039215686275, 0.08627450980392157, 0.9098039215686274)",True,False,True,True,95,107,12,"(0.10980392156862745, 0.8862745098039215, 0.0)",True,18,23,5,"(0.21568627450980393, 0.7803921568627451, 0.0)",False,,,,,False
48_Sn48_114_114_a0.0_b0.0_c0.0_interface1shift1,1,1,1,Sn,False,16.666666666666664,8,-29.90800429,-34.349418,-0.04167,0.04167,4,114,1,1,4,Sn,False,8,-29.90800429,-34.349418,-0.04167,0.04167,4,114,1,1,4,0.0,0.0,0.0,0.0,0.0,0.0,48,192,30.29612977,-46.591111,-3.73850053625,1.8773362156250002,0.4605776041666667,4,,7.416666666666667,-206.006977,,-4.29367725,-2.8605862708333327,,1,,2.046875,3.623409669211196,,"(0.32941176470588235, 0.32941176470588235, 0.6666666666666666)",False,False,False,True,147,155,8,"(0.050980392156862744, 0.9450980392156862, 0.0)",True,70,70,0,"(0.0, 1.0, 0.0)",False,,,,,False
264_Sn108Si156_001_001_a0.07732_b0.082474_c2.1_interface2shift1swap7,2,1,1,Sn,False,3.0303030303030303,8,-29.90800429,-34.349418,-0.0339,0.0339,18,001,0,0,1,Si,False,8,-42.60220066,-45.400925,-0.04051,0.04051,26,001,0,0,1,0.07732,0.082474,2.1,0.586363971,0.0,1.176154613,264,1056,-1120.64079304,,-4.531887809375,-3.97019162155303,,4,,25.681818181818183,-1304.182184,,-4.9843964375,-4.637999397727273,,1,,3.4981060606060606,7.34163508391987,,"(0.4666666666666667, 0.058823529411764705, 0.9372549019607843)",True,True,True,True,61,87,26,"(0.2980392156862745, 0.6980392156862745, 0.0)",False,,,,,False,,,,,False
264_Sn108Si156_001_001_a0.07732_b0.082474_c2.1_interface1shift8swap2,1,8,8,Sn,False,3.0303030303030303,8,-29.90800429,-34.349418,-0.0339,0.0339,18,001,0,0,1,Si,False,8,-42.60220066,-45.400925,-0.04051,0.04051,26,001,0,0,1,0.07732,0.082474,2.1,0.586363971,0.0,1.176154613,264,1056,-1121.87288309,,-4.531887809375,-3.9748586293181813,,4,,25.818181818181817,-1305.956552,,-4.9843964375,-4.644720488636365,,1,,3.227272727272727,8.0,,"(0.4666666666666667, 0.058823529411764705, 0.9372549019607843)",True,True,True,True,46,62,16,"(0.2549019607843137, 0.7411764705882353, 0.0)",False,,,,,False,,,,,False
48_Sn24Ge24_012_125_a0.0_b0.0_c0.0_interface13shift1,13,1,1,Sn,False,16.666666666666664,8,-29.90800429,-34.349418,-0.04167,0.04167,4,012,0,1,2,Ge,False,8,-35.08485951,-38.831661,-0.04167,0.04167,4,125,1,2,5,0.0,0.0,0.0,3.610095024,0.581727207,6.898111343,48,192,109.53410978,18.723367,-4.062053987500001,3.63597861625,1.9146759583333333,4,,5.708333333333333,-216.515443,,-4.5738174375,-2.986132583333333,,1,,3.5208333333333335,1.6213017751479288,,"(0.32941176470588235, 0.32941176470588235, 0.6666666666666666)",False,False,False,True,157,145,12,"(0.07450980392156863, 0.9215686274509803, 0.0)",True,80,80,0,"(0.0, 1.0, 0.0)",False,,,,,False
264_Sn108Si156_001_001_a0.0_b0.0_c0.0_interface2shift1swap7,2,1,1,Sn,False,3.0303030303030303,8,-29.90800429,-34.349418,-0.0339,0.0339,18,001,0,0,1,Si,False,8,-42.60220066,-45.400925,-0.04051,0.04051,26,001,0,0,1,0.0,0.0,0.0,0.586363971,0.0,1.176154613,264,1056,768.17379857,,-4.531887809375,3.1844091042424245,,4,,75.875,,,,,,1,,,,,,False,True,False,False,,,,,False,,,,,False,,,,,
264_Sn108Si156_001_001_a0.07732_b0.082474_c2.1_interface1shift5swap7,1,5,5,Sn,False,3.0303030303030303,8,-29.90800429,-34.349418,-0.0339,0.0339,18,001,0,0,1,Si,False,8,-42.60220066,-45.400925,-0.04051,0.04051,26,001,0,0,1,0.07732,0.082474,2.1,0.586363971,0.0,1.176154613,264,1056,-1123.67277554,,-4.531887809375,-3.9816764037499994,,4,,25.74621212121212,-1305.704389,,-4.9843964375,-4.643765325757576,,1,,4.211174242424242,6.113784573870025,,"(0.4666666666666667, 0.058823529411764705, 0.9372549019607843)",True,True,True,True,27,73,46,"(0.6274509803921569, 0.3686274509803922, 0.0)",False,,,,,False,,,,,False
336_Sn144Ge192_011_011_a0.943299_b0.185567_c2.163935_interface1shift7,1,7,7,Sn,False,2.380952380952381,8,-29.90800429,-34.349418,-0.02397,0.02397,24,011,0,1,1,Ge,False,8,-35.08485951,-38.831661,-0.0275,0.0275,32,011,0,1,1,0.943299,0.185567,2.163935,0.675972462,0.0,1.356506348,336,1344,,,,,,4,,,,,,,,1,,,,,,True,False,False,False,,,,,False,,,,,False,,,,,
96_Sn48Ge48_112_013_a0.333333_b0.15847_c1.286755_interface6shift3,6,3,3,Sn,False,8.333333333333332,8,-29.90800429,-34.349418,-0.04152,0.04152,8,112,1,1,2,Ge,False,8,-35.08485951,-38.831661,-0.04167,0.04167,8,013,0,1,3,0.333333,0.15847,1.286755,2.520913124,0.0,1.861989498,96,384,,,,,,4,,,-429.956781,,-4.5738174375,-3.7164135624999997,,1,,3.2864583333333335,,,,True,False,False,False,,,,,False,,,,,False,,,,,False
264_Sn108Si156_001_001_a0.07732_b0.082474_c2.1_interface2shift7swap5,2,7,7,Sn,False,3.0303030303030303,8,-29.90800429,-34.349418,-0.0339,0.0339,18,001,0,0,1,Si,False,8,-42.60220066,-45.400925,-0.04051,0.04051,26,001,0,0,1,0.07732,0.082474,2.1,0.586363971,0.0,1.176154613,264,1056,,,,,,4,,,-1304.03588,,-4.9843964375,-4.637445215909091,,1,,3.6136363636363638,,,,True,True,False,False,,,,,False,,,,,False,,,,,False
108_Sn48Ge60_001_001_a0.317829_b0.193798_c2.2_interface9shift1,9,1,1,Sn,False,7.4074074074074066,8,-29.90800429,-34.349418,-0.0339,0.0339,8,001,0,0,1,Ge,False,8,-35.08485951,-38.831661,-0.03888,0.03888,10,001,0,0,1,0.317829,0.193798,2.2,2.520913124,0.0,4.978269577,108,432,,,,,,4,,,-488.450055,,-4.5738174375,-3.8450831111111112,,1,,1.2453703703703705,,,,True,False,False,False,,,,,False,,,,,False,,,,,False
264_Sn108Si156_001_001_a0.07732_b0.082474_c2.1_interface1shift4swap8,1,4,4,Sn,False,3.0303030303030303,8,-29.90800429,-34.349418,-0.0339,0.0339,18,001,0,0,1,Si,False,8,-42.60220066,-45.400925,-0.04051,0.04051,26,001,0,0,1,0.07732,0.082474,2.1,0.586363971,0.0,1.176154613,264,1056,-1118.26036771,,-4.531887809375,-3.961174858939394,,4,,25.791666666666668,-1308.816697,,-4.9843964375,-4.655554371212121,,1,,5.453598484848484,4.729293280083349,,"(0.4666666666666667, 0.058823529411764705, 0.9372549019607843)",True,True,True,True,74,22,52,"(0.7019607843137254, 0.29411764705882354, 0.0)",False,,,,,False,,,,,False
48_Sn24Ge24_012_125_a0.356589_b0.448454_c1.390859_interface12shift8,12,8,8,Sn,False,16.666666666666664,8,-29.90800429,-34.349418,-0.04167,0.04167,4,012,0,1,2,Ge,False,8,-35.08485951,-38.831661,-0.04167,0.04167,4,125,1,2,5,0.356589,0.448454,1.390859,3.610095024,0.581727207,6.898111343,48,192,-151.01587872,-181.554232,-4.062053987500001,-1.7921461441666662,-2.2577740208333332,4,,5.75,-209.96231,,-4.5738174375,-2.8496089791666663,,1,,5.322916666666667,1.0802348336594911,,"(0.32941176470588235, 0.32941176470588235, 0.6666666666666666)",True,False,True,True,144,156,12,"(0.07450980392156863, 0.9215686274509803, 0.0)",True,67,67,0,"(0.0, 1.0, 0.0)",False,,,,,False
264_Sn108Si156_001_001_a0.07732_b0.082474_c2.1_interface1shift7,1,7,7,Sn,False,3.0303030303030303,8,-29.90800429,-34.349418,-0.0339,0.0339,18,001,0,0,1,Si,False,8,-42.60220066,-45.400925,-0.04051,0.04051,26,001,0,0,1,0.07732,0.082474,2.1,0.586363971,0.0,1.176154613,264,1056,-1173.58681754,,-4.531887809375,-4.170744744659091,,4,,21.939393939393938,-1321.404629,,-4.9843964375,-4.703235931818183,,1,,2.6856060606060606,8.169252468265162,,"(0.4666666666666667, 0.058823529411764705, 0.9372549019607843)",True,False,True,True,3,7,4,"(0.5686274509803921, 0.42745098039215684, 0.0)",False,,,,,False,,,,,False
96_Sn48Ge48_112_013_a0.333333_b0.409836_c1.286755_interface6shift4,6,4,4,Sn,False,8.333333333333332,8,-29.90800429,-34.349418,-0.04152,0.04152,8,112,1,1,2,Ge,False,8,-35.08485951,-38.831661,-0.04167,0.04167,8,013,0,1,3,0.333333,0.409836,1.286755,2.520913124,0.0,1.861989498,96,384,,,,,,4,,,-429.962634,,-4.5738174375,-3.71647453125,,1,,3.3854166666666665,,,,True,False,False,False,,,,,False,,,,,False,,,,,False
264_Sn108Si156_001_001_a0.07732_b0.082474_c2.1_interface2shift7swap2,2,7,7,Sn,False,3.0303030303030303,8,-29.90800429,-34.349418,-0.0339,0.0339,18,001,0,0,1,Si,False,8,-42.60220066,-45.400925,-0.04051,0.04051,26,001,0,0,1,0.07732,0.082474,2.1,0.586363971,0.0,1.176154613,264,1056,,,,,,4,,,-1304.801856,,-4.9843964375,-4.640346640151516,,1,,3.1041666666666665,,,,True,True,False,False,,,,,False,,,,,False,,,,,False
60_Sn24Si36_012_012_a0.0_b0.0_c0.0_interface11shift1,11,1,1,Sn,False,13.333333333333334,8,-29.90800429,-34.349418,-0.04167,0.04167,4,012,0,1,2,Si,False,8,-42.60220066,-45.400925,-0.04167,0.04167,6,012,0,1,2,0.0,0.0,0.0,2.502466679,0.0,5.067539215,60,240,66.16720101,-7.396505,-4.531887809375,2.311290099333333,1.2058973,4,,11.383333333333333,-297.97888,,-4.9843964375,-3.637142283333333,,1,,3.3666666666666667,3.381188118811881,,"(0.36470588235294116, 0.26666666666666666, 0.7333333333333333)",False,False,False,True,150,144,6,"(0.0392156862745098, 0.9568627450980393, 0.0)",True,73,74,1,"(0.011764705882352941, 0.984313725490196, 0.0)",False,,,,,False
264_Sn108Si156_001_001_a0.07732_b0.082474_c2.1_interface2shift2swap7,2,2,2,Sn,False,3.0303030303030303,8,-29.90800429,-34.349418,-0.0339,0.0339,18,001,0,0,1,Si,False,8,-42.60220066,-45.400925,-0.04051,0.04051,26,001,0,0,1,0.07732,0.082474,2.1,0.586363971,0.0,1.176154613,264,1056,-1124.6094149,,-4.531887809375,-3.985224280113636,,4,,26.553030303030305,-1304.904236,,-4.9843964375,-4.6407344431818185,,1,,4.53030303030303,5.861204013377927,,"(0.4666666666666667, 0.058823529411764705, 0.9372549019607843)",True,True,True,True,18,85,67,"(0.788235294117647, 0.21176470588235294, 0.0)",False,,,,,False,,,,,False
264_Sn108Si156_001_001_a0.07732_b0.082474_c2.1_interface2shift6swap5,2,6,6,Sn,False,3.0303030303030303,8,-29.90800429,-34.349418,-0.0339,0.0339,18,001,0,0,1,Si,False,8,-42.60220066,-45.400925,-0.04051,0.04051,26,001,0,0,1,0.07732,0.082474,2.1,0.586363971,0.0,1.176154613,264,1056,,,,,,4,,,-1306.952803,,-4.9843964375,-4.648494166666667,,1,,4.026515151515151,,,,True,True,False,False,,,,,False,,,,,False,,,,,False
264_Sn108Si156_001_001_a0.0_b0.0_c0.0_interface2shift1swap3,2,1,1,Sn,False,3.0303030303030303,8,-29.90800429,-34.349418,-0.0339,0.0339,18,001,0,0,1,Si,False,8,-42.60220066,-45.400925,-0.04051,0.04051,26,001,0,0,1,0.0,0.0,0.0,0.586363971,0.0,1.176154613,264,1056,345.70395738,,-4.531887809375,1.5841445542803032,,4,,82.0719696969697,,,,,,1,,,,,,False,True,False,False,,,,,False,,,,,False,,,,,
264_Sn108Si156_001_001_a0.07732_b0.082474_c2.1_interface1shift2swap5,1,2,2,Sn,False,3.0303030303030303,8,-29.90800429,-34.349418,-0.0339,0.0339,18,001,0,0,1,Si,False,8,-42.60220066,-45.400925,-0.04051,0.04051,26,001,0,0,1,0.07732,0.082474,2.1,0.586363971,0.0,1.176154613,264,1056,-1117.87498704,,-4.531887809375,-3.959715083674242,,4,,25.640151515151516,-1309.298248,,-4.9843964375,-4.657378428030303,,1,,6.300189393939394,4.0697429730948445,,"(0.4666666666666667, 0.058823529411764705, 0.9372549019607843)",True,True,True,True,76,18,58,"(0.7607843137254902, 0.23529411764705882, 0.0)",False,,,,,False,,,,,False
264_Sn108Si156_001_001_a0.07732_b0.082474_c2.1_interface1shift4swap3,1,4,4,Sn,False,3.0303030303030303,8,-29.90800429,-34.349418,-0.0339,0.0339,18,001,0,0,1,Si,False,8,-42.60220066,-45.400925,-0.04051,0.04051,26,001,0,0,1,0.07732,0.082474,2.1,0.586363971,0.0,1.176154613,264,1056,-1121.34469751,,-4.531887809375,-3.9728579263636363,,4,,24.791666666666668,-1305.600823,,-4.9843964375,-4.643373030303031,,1,,4.025568181818182,6.158550929193131,,"(0.4666666666666667, 0.058823529411764705, 0.9372549019607843)",True,True,True,True,56,76,20,"(0.2627450980392157, 0.7333333333333333, 0.0)",False,,,,,False,,,,,False
264_Sn108Si156_001_001_a0.0_b0.0_c0.0_interface1shift1swap5,1,1,1,Sn,False,3.0303030303030303,8,-29.90800429,-34.349418,-0.0339,0.0339,18,001,0,0,1,Si,False,8,-42.60220066,-45.400925,-0.04051,0.04051,26,001,0,0,1,0.0,0.0,0.0,0.586363971,0.0,1.176154613,264,1056,1145.44006734,,-4.531887809375,4.613448001098486,,4,,80.19318181818181,,,,,,1,,,,,,False,True,False,False,,,,,False,,,,,False,,,,,
336_Sn144Ge192_011_011_a0.57732_b0.103093_c2.163935_interface2shift1,2,1,1,Sn,False,2.380952380952381,8,-29.90800429,-34.349418,-0.02397,0.02397,24,011,0,1,1,Ge,False,8,-35.08485951,-38.831661,-0.0275,0.0275,32,011,0,1,1,0.57732,0.103093,2.163935,0.675972462,0.0,1.356506348,336,1344,,,,,,4,,,,,,,,1,,,,,,True,False,False,False,,,,,False,,,,,False,,,,,
336_Sn144Ge192_011_011_a0.948454_b0.190722_c2.163935_interface1shift5,1,5,5,Sn,False,2.380952380952381,8,-29.90800429,-34.349418,-0.02397,0.02397,24,011,0,1,1,Ge,False,8,-35.08485951,-38.831661,-0.0275,0.0275,32,011,0,1,1,0.948454,0.190722,2.163935,0.675972462,0.0,1.356506348,336,1344,,,,,,4,,,,,,,,1,,,,,,True,False,False,False,,,,,False,,,,,False,,,,,
264_Sn108Si156_001_001_a0.0_b0.0_c0.0_interface1shift1swap8,1,1,1,Sn,False,3.0303030303030303,8,-29.90800429,-34.349418,-0.0339,0.0339,18,001,0,0,1,Si,False,8,-42.60220066,-45.400925,-0.04051,0.04051,26,001,0,0,1,0.0,0.0,0.0,0.586363971,0.0,1.176154613,264,1056,1106.09623291,,-4.531887809375,4.464418325227273,,4,,74.5719696969697,,,,,,1,,,,,,False,True,False,False,,,,,False,,,,,False,,,,,
264_Sn108Si156_001_001_a0.07732_b0.082474_c2.1_interface1shift2swap3,1,2,2,Sn,False,3.0303030303030303,8,-29.90800429,-34.349418,-0.0339,0.0339,18,001,0,0,1,Si,False,8,-42.60220066,-45.400925,-0.04051,0.04051,26,001,0,0,1,0.07732,0.082474,2.1,0.586363971,0.0,1.176154613,264,1056,-1114.13728298,-1226.680025,-4.531887809375,-3.9455571137499996,-4.344430613636363,4,,25.397727272727273,-1309.492639,,-4.9843964375,-4.658114757575758,,1,,4.043560606060606,6.281030444964871,,"(0.4666666666666667, 0.058823529411764705, 0.9372549019607843)",True,True,True,True,86,16,70,"(0.8117647058823529, 0.1843137254901961, 0.0)",True,10,10,0,"(0.0, 1.0, 0.0)",False,,,,,False
264_Sn108Si156_001_001_a0.07732_b0.082474_c2.1_interface1shift6swap8,1,6,6,Sn,False,3.0303030303030303,8,-29.90800429,-34.349418,-0.0339,0.0339,18,001,0,0,1,Si,False,8,-42.60220066,-45.400925,-0.04051,0.04051,26,001,0,0,1,0.07732,0.082474,2.1,0.586363971,0.0,1.176154613,264,1056,-1118.41437207,,-4.531887809375,-3.9617582087878778,,4,,26.113636363636363,-1307.757931,,-4.9843964375,-4.651543893939395,,1,,3.4393939393939394,7.592511013215859,,"(0.4666666666666667, 0.058823529411764705, 0.9372549019607843)",True,True,True,True,72,33,39,"(0.5411764705882353, 0.4549019607843137, 0.0)",False,,,,,False,,,,,False
264_Sn108Si156_001_001_a0.07732_b0.082474_c2.1_interface1shift7swap2,1,7,7,Sn,False,3.0303030303030303,8,-29.90800429,-34.349418,-0.0339,0.0339,18,001,0,0,1,Si,False,8,-42.60220066,-45.400925,-0.04051,0.04051,26,001,0,0,1,0.07732,0.082474,2.1,0.586363971,0.0,1.176154613,264,1056,-1122.87814928,,-4.531887809375,-3.978666455795454,,4,,25.973484848484848,-1305.799627,,-4.9843964375,-4.644126075757576,,1,,3.0738636363636362,8.449784349969192,,"(0.4666666666666667, 0.058823529411764705, 0.9372549019607843)",True,True,True,True,36,70,34,"(0.4823529411764706, 0.5137254901960784, 0.0)",False,,,,,False,,,,,False
180_Sn36Ge144_012_011_a0.340278_b0.128866_c1.887594_interface8shift4,8,4,4,Sn,False,4.444444444444445,8,-29.90800429,-34.349418,-0.04167,0.04167,6,012,0,1,2,Ge,False,8,-35.08485951,-38.831661,-0.0275,0.0275,24,011,0,1,1,0.340278,0.128866,1.887594,4.490381241,0.0,3.84477973,180,720,-734.38527382,-819.278528,-4.062053987500001,-3.718846722333333,-4.144985827777778,4,,12.683333333333334,-838.81561,,-4.5738174375,-4.253525172222222,,1,,2.486111111111111,5.101675977653631,,"(0.45098039215686275, 0.08627450980392157, 0.9098039215686274)",True,False,True,True,90,102,12,"(0.11764705882352941, 0.8823529411764706, 0.0)",True,13,21,8,"(0.3803921568627451, 0.615686274509804, 0.0)",False,,,,,False
24_Sn24_001_001_a0.0_b0.0_c0.0_interface9shift1,9,1,1,Sn,False,33.33333333333333,8,-29.90800429,-34.349418,-0.0339,0.0339,2,001,0,0,1,Sn,False,8,-29.90800429,-34.349418,-0.0339,0.0339,2,001,0,0,1,0.0,0.0,0.0,0.0,0.0,0.0,24,96,136.64447858,56.594064,-3.73850053625,8.185853631666667,5.2205375,4,,3.4583333333333335,-87.099019,,-4.29367725,-0.7666742916666666,,1,,0.8020833333333334,4.311688311688312,,"(0.16470588235294117, 0.6627450980392157, 0.3333333333333333)",False,False,False,True,171,174,3,"(0.01568627450980392, 0.9803921568627451, 0.0)",True,94,87,7,"(0.07058823529411765, 0.9254901960784314, 0.0)",False,,,,,False
96_Sn48Ge48_112_013_a0.333333_b0.661202_c1.286755_interface6shift1,6,1,1,Sn,False,8.333333333333332,8,-29.90800429,-34.349418,-0.04152,0.04152,8,112,1,1,2,Ge,False,8,-35.08485951,-38.831661,-0.04167,0.04167,8,013,0,1,3,0.333333,0.661202,1.286755,2.520913124,0.0,1.861989498,96,384,,,,,,4,,,-429.439544,,-4.5738174375,-3.711025677083333,,1,,2.3177083333333335,,,,True,False,False,False,,,,,False,,,,,False,,,,,False
48_Sn48_114_114_a0.0_b0.0_c0.0_interface1shift1swap5,1,1,1,Sn,False,16.666666666666664,8,-29.90800429,-34.349418,-0.04167,0.04167,4,114,1,1,4,Sn,False,8,-29.90800429,-34.349418,-0.04167,0.04167,4,114,1,1,4,0.0,0.0,0.0,0.0,0.0,0.0,48,192,-544.69373776,,-3.73850053625,-10.101619357916666,,4,,5.708333333333333,-34.801001,,-4.29367725,0.7062048958333333,,1,,4.78125,1.193899782135076,,"(0.32941176470588235, 0.32941176470588235, 0.6666666666666666)",False,True,True,True,,,,,False,,,,,False,,,,,True
180_Sn36Ge144_012_011_a0.0_b0.128866_c1.887594_interface7shift2,7,2,2,Sn,False,4.444444444444445,8,-29.90800429,-34.349418,-0.04167,0.04167,6,012,0,1,2,Ge,False,8,-35.08485951,-38.831661,-0.0275,0.0275,24,011,0,1,1,0.0,0.128866,1.887594,4.490381241,0.0,3.84477973,180,720,-733.98644332,-819.993895,-4.062053987500001,-3.7166309973333336,-4.148960088888888,4,,12.783333333333333,-838.947825,,-4.5738174375,-4.2542597,,1,,3.984722222222222,3.2080864412687347,,"(0.45098039215686275, 0.08627450980392157, 0.9098039215686274)",True,False,True,True,93,101,8,"(0.0784313725490196, 0.9176470588235294, 0.0)",True,16,13,3,"(0.1843137254901961, 0.8117647058823529, 0.0)",False,,,,,False
180_Sn36Ge144_012_011_a0.006944_b0.128866_c1.887594_interface8shift6,8,6,6,Sn,False,4.444444444444445,8,-29.90800429,-34.349418,-0.04167,0.04167,6,012,0,1,2,Ge,False,8,-35.08485951,-38.831661,-0.0275,0.0275,24,011,0,1,1,0.006944,0.128866,1.887594,4.490381241,0.0,3.84477973,180,720,-734.38526204,-819.278519,-4.062053987500001,-3.718846656888889,-4.144985777777777,4,,12.661111111111111,-838.81561,,-4.5738174375,-4.253525172222222,,1,,2.3680555555555554,5.346627565982406,,"(0.45098039215686275, 0.08627450980392157, 0.9098039215686274)",True,False,True,True,91,103,12,"(0.11372549019607843, 0.8823529411764706, 0.0)",True,14,22,8,"(0.3607843137254902, 0.6352941176470588, 0.0)",False,,,,,False
144_Sn144_011_011_a0.0_b0.0_c0.0_interface3shift1,3,1,1,Sn,False,5.555555555555555,8,-29.90800429,-34.349418,-0.02397,0.02397,12,011,0,1,1,Sn,False,8,-29.90800429,-34.349418,-0.02397,0.02397,12,011,0,1,1,0.0,0.0,0.0,0.0,0.0,0.0,144,576,876.85909802,582.343594,-3.73850053625,6.504688240277778,4.521127986111112,4,,6.569444444444445,-619.992272,,-4.29367725,-3.8284266388888883,,1,,6.034722222222222,1.0886075949367089,,"(0.4392156862745098, 0.10980392156862745, 0.8862745098039215)",False,False,False,True,160,140,20,"(0.12156862745098039, 0.8745098039215686, 0.0)",True,83,83,0,"(0.0, 1.0, 0.0)",False,,,,,False
264_Sn108Si156_001_001_a0.07732_b0.082474_c2.1_interface2shift4swap3,2,4,4,Sn,False,3.0303030303030303,8,-29.90800429,-34.349418,-0.0339,0.0339,18,001,0,0,1,Si,False,8,-42.60220066,-45.400925,-0.04051,0.04051,26,001,0,0,1,0.07732,0.082474,2.1,0.586363971,0.0,1.176154613,264,1056,,,,,,4,,,-1306.50603,,-4.9843964375,-4.64680184469697,,1,,4.262310606060606,,,,True,True,False,False,,,,,False,,,,,False,,,,,False
264_Sn108Si156_001_001_a0.07732_b0.082474_c2.1_interface1shift2swap7,1,2,2,Sn,False,3.0303030303030303,8,-29.90800429,-34.349418,-0.0339,0.0339,18,001,0,0,1,Si,False,8,-42.60220066,-45.400925,-0.04051,0.04051,26,001,0,0,1,0.07732,0.082474,2.1,0.586363971,0.0,1.176154613,264,1056,-1122.76759195,,-4.531887809375,-3.9782476780303027,,4,,24.666666666666668,-1305.101116,,-4.9843964375,-4.641480200757576,,1,,4.540719696969697,5.432325338894682,,"(0.4666666666666667, 0.058823529411764705, 0.9372549019607843)",True,True,True,True,38,83,45,"(0.5411764705882353, 0.4549019607843137, 0.0)",False,,,,,False,,,,,False
48_Sn24Ge24_012_125_a0.100775_b0.943299_c1.490206_interface12shift6,12,6,6,Sn,False,16.666666666666664,8,-29.90800429,-34.349418,-0.04167,0.04167,4,012,0,1,2,Ge,False,8,-35.08485951,-38.831661,-0.04167,0.04167,4,125,1,2,5,0.100775,0.943299,1.490206,3.610095024,0.581727207,6.898111343,48,192,-155.94469253,-185.735376,-4.062053987500001,-1.894829765208333,-2.3448811875000004,4,,5.4375,-209.503014,,-4.5738174375,-2.8400403124999998,,1,,2.9375,1.851063829787234,,"(0.32941176470588235, 0.32941176470588235, 0.6666666666666666)",True,False,True,True,141,160,19,"(0.11764705882352941, 0.8784313725490196, 0.0)",True,64,63,1,"(0.011764705882352941, 0.984313725490196, 0.0)",False,,,,,False
48_Sn48_001_001_a0.0_b0.0_c0.0_interface8shift1swap1,8,1,1,Sn,False,16.666666666666664,8,-29.90800429,-34.349418,-0.0339,0.0339,4,001,0,0,1,Sn,False,8,-29.90800429,-34.349418,-0.0339,0.0339,4,001,0,0,1,0.0,0.0,0.0,0.0,0.0,0.0,48,192,273.23328648,113.188127,-3.73850053625,6.938526980416667,3.7893117291666663,4,,4.854166666666667,-174.198016,,-4.29367725,-2.197899583333333,,1,,0.6770833333333334,7.1692307692307695,,"(0.32941176470588235, 0.32941176470588235, 0.6666666666666666)",False,True,False,True,165,172,7,"(0.0392156862745098, 0.9568627450980393, 0.0)",True,88,81,7,"(0.0784313725490196, 0.9176470588235294, 0.0)",False,,,,,False
264_Sn108Si156_001_001_a0.07732_b0.082474_c2.1_interface2shift2,2,2,2,Sn,False,3.0303030303030303,8,-29.90800429,-34.349418,-0.0339,0.0339,18,001,0,0,1,Si,False,8,-42.60220066,-45.400925,-0.04051,0.04051,26,001,0,0,1,0.07732,0.082474,2.1,0.586363971,0.0,1.176154613,264,1056,-1173.5870752,,-4.531887809375,-4.170745720643939,,4,,22.143939393939394,-1321.399218,,-4.9843964375,-4.703215435606061,,1,,2.4952651515151514,8.87438330170778,,"(0.4666666666666667, 0.058823529411764705, 0.9372549019607843)",True,False,True,True,2,10,8,"(0.8, 0.19607843137254902, 0.0)",False,,,,,False,,,,,False
48_Sn48_001_122_a0.0_b0.0_c0.0_interface5shift1,5,1,1,Sn,False,16.666666666666664,8,-29.90800429,-34.349418,-0.0339,0.0339,6,001,0,0,1,Sn,False,8,-29.90800429,-34.349418,-0.04167,0.04167,2,122,1,2,2,0.0,0.0,0.0,0.0,0.0,0.0,48,192,254.6481695,150.168352,-3.73850053625,6.5513370433333336,4.559733083333334,4,,5.5625,-206.951068,,-4.29367725,-2.8802548333333333,,1,,4.276041666666667,1.3008526187576126,,"(0.32941176470588235, 0.32941176470588235, 0.6666666666666666)",False,False,False,True,163,147,16,"(0.09803921568627451, 0.8980392156862745, 0.0)",True,86,85,1,"(0.00784313725490196, 0.9882352941176471, 0.0)",False,,,,,False
336_Sn144Ge192_011_011_a0.443299_b0.020619_c2.163935_interface1shift1,1,1,1,Sn,False,2.380952380952381,8,-29.90800429,-34.349418,-0.02397,0.02397,24,011,0,1,1,Ge,False,8,-35.08485951,-38.831661,-0.0275,0.0275,32,011,0,1,1,0.443299,0.020619,2.163935,0.675972462,0.0,1.356506348,336,1344,,,,,,4,,,,,,,,1,,,,,,True,False,False,False,,,,,False,,,,,False,,,,,
264_Sn108Si156_001_001_a0.07732_b0.082474_c2.1_interface1shift1swap8,1,1,1,Sn,False,3.0303030303030303,8,-29.90800429,-34.349418,-0.0339,0.0339,18,001,0,0,1,Si,False,8,-42.60220066,-45.400925,-0.04051,0.04051,26,001,0,0,1,0.07732,0.082474,2.1,0.586363971,0.0,1.176154613,264,1056,-1116.06267132,,-4.531887809375,-3.9528502514015145,,4,,25.647727272727273,-1308.504305,,-4.9843964375,-4.654371068181818,,1,,5.273674242424242,4.863350691326989,,"(0.4666666666666667, 0.058823529411764705, 0.9372549019607843)",True,True,True,True,84,25,59,"(0.7019607843137254, 0.29411764705882354, 0.0)",False,,,,,False,,,,,False
48_Sn24Ge24_012_125_a0.069767_b0.927835_c1.589553_interface13shift8,13,8,8,Sn,False,16.666666666666664,8,-29.90800429,-34.349418,-0.04167,0.04167,4,012,0,1,2,Ge,False,8,-35.08485951,-38.831661,-0.04167,0.04167,4,125,1,2,5,0.069767,0.927835,1.589553,3.610095024,0.581727207,6.898111343,48,192,-158.09834602,-186.852799,-4.062053987500001,-1.93969754625,-2.368160833333333,4,,5.645833333333333,-208.507582,,-4.5738174375,-2.8193021458333334,,1,,2.765625,2.041431261770245,,"(0.32941176470588235, 0.32941176470588235, 0.6666666666666666)",True,False,True,True,133,171,38,"(0.2196078431372549, 0.7764705882352941, 0.0)",True,56,57,1,"(0.01568627450980392, 0.9803921568627451, 0.0)",False,,,,,False
336_Sn144Ge192_011_011_a0.0_b0.0_c0.0_interface2shift1,2,1,1,Sn,False,2.380952380952381,8,-29.90800429,-34.349418,-0.02397,0.02397,24,011,0,1,1,Ge,False,8,-35.08485951,-38.831661,-0.0275,0.0275,32,011,0,1,1,0.0,0.0,0.0,0.675972462,0.0,1.356506348,336,1344,,,,,,4,,,,,,,,1,,,,,,False,False,False,False,,,,,False,,,,,False,,,,,
168_Sn72Ge96_011_011_a0.696203_b0.07732_c2.065575_interface3shift8,3,8,8,Sn,False,4.761904761904762,8,-29.90800429,-34.349418,-0.02397,0.02397,12,011,0,1,1,Ge,False,8,-35.08485951,-38.831661,-0.0275,0.0275,16,011,0,1,1,0.696203,0.07732,2.065575,0.675974071,0.0,1.356506348,168,672,-668.57959969,-749.434169,-4.062053987500001,-3.5927781898214284,-4.025316011904762,4,,14.458333333333334,-767.646575,,-4.5738174375,-4.133723190476191,,1,,3.8541666666666665,3.7513513513513517,,"(0.4470588235294118, 0.09411764705882353, 0.9019607843137255)",True,False,True,True,128,136,8,"(0.058823529411764705, 0.9411764705882353, 0.0)",True,51,51,0,"(0.0, 1.0, 0.0)",False,,,,,False
180_Sn36Ge144_012_011_a0.506944_b0.128866_c1.887594_interface7shift3,7,3,3,Sn,False,4.444444444444445,8,-29.90800429,-34.349418,-0.04167,0.04167,6,012,0,1,2,Ge,False,8,-35.08485951,-38.831661,-0.0275,0.0275,24,011,0,1,1,0.506944,0.128866,1.887594,4.490381241,0.0,3.84477973,180,720,-733.96696225,-820.027779,-4.062053987500001,-3.7165227691666667,-4.149148333333334,4,,13.11111111111111,-837.986939,,-4.5738174375,-4.248921444444444,,1,,2.3833333333333333,5.501165501165501,,"(0.45098039215686275, 0.08627450980392157, 0.9098039215686274)",True,False,True,True,94,114,20,"(0.17254901960784313, 0.8235294117647058, 0.0)",True,17,12,5,"(0.29411764705882354, 0.7019607843137254, 0.0)",False,,,,,False
108_Sn48Ge60_001_001_a0.124031_b0.124031_c2.2_interface10shift4,10,4,4,Sn,False,7.4074074074074066,8,-29.90800429,-34.349418,-0.0339,0.0339,8,001,0,0,1,Ge,False,8,-35.08485951,-38.831661,-0.03888,0.03888,10,001,0,0,1,0.124031,0.124031,2.2,2.520913124,0.0,4.978269577,108,432,,,,,,4,,,-488.448853,,-4.5738174375,-3.8450719814814813,,1,,1.1319444444444444,,,,True,False,False,False,,,,,False,,,,,False,,,,,False
264_Sn108Si156_001_001_a0.07732_b0.082474_c2.1_interface1shift2swap8,1,2,2,Sn,False,3.0303030303030303,8,-29.90800429,-34.349418,-0.0339,0.0339,18,001,0,0,1,Si,False,8,-42.60220066,-45.400925,-0.04051,0.04051,26,001,0,0,1,0.07732,0.082474,2.1,0.586363971,0.0,1.176154613,264,1056,-1116.23407156,,-4.531887809375,-3.9534994947348485,,4,,25.810606060606062,-1308.074062,,-4.9843964375,-4.652741359848485,,1,,4.601325757575758,5.609384647046718,,"(0.4666666666666667, 0.058823529411764705, 0.9372549019607843)",True,True,True,True,83,28,55,"(0.6588235294117647, 0.33725490196078434, 0.0)",False,,,,,False,,,,,False
264_Sn108Si156_001_001_a0.07732_b0.082474_c2.1_interface1shift5swap1,1,5,5,Sn,False,3.0303030303030303,8,-29.90800429,-34.349418,-0.0339,0.0339,18,001,0,0,1,Si,False,8,-42.60220066,-45.400925,-0.04051,0.04051,26,001,0,0,1,0.07732,0.082474,2.1,0.586363971,0.0,1.176154613,264,1056,-1125.66453465,,-4.531887809375,-3.9892209458333325,,4,,24.78787878787879,-1305.511812,,-4.9843964375,-4.643035867424243,,1,,3.1704545454545454,7.8183990442054965,,"(0.4666666666666667, 0.058823529411764705, 0.9372549019607843)",True,True,True,True,12,78,66,"(0.8431372549019608, 0.15294117647058825, 0.0)",False,,,,,False,,,,,False
336_Sn144Ge192_011_011_a0.695876_b0.103093_c2.163935_interface1shift3,1,3,3,Sn,False,2.380952380952381,8,-29.90800429,-34.349418,-0.02397,0.02397,24,011,0,1,1,Ge,False,8,-35.08485951,-38.831661,-0.0275,0.0275,32,011,0,1,1,0.695876,0.103093,2.163935,0.675972462,0.0,1.356506348,336,1344,,,,,,4,,,,,,,,1,,,,,,True,False,False,False,,,,,False,,,,,False,,,,,
264_Sn108Si156_001_001_a0.07732_b0.082474_c2.1_interface2shift5swap5,2,5,5,Sn,False,3.0303030303030303,8,-29.90800429,-34.349418,-0.0339,0.0339,18,001,0,0,1,Si,False,8,-42.60220066,-45.400925,-0.04051,0.04051,26,001,0,0,1,0.07732,0.082474,2.1,0.586363971,0.0,1.176154613,264,1056,,,,,,4,,,-1304.845818,,-4.9843964375,-4.640513162878788,,1,,3.7556818181818183,,,,True,True,False,False,,,,,False,,,,,False,,,,,False
264_Sn108Si156_001_001_a0.07732_b0.082474_c2.1_interface2shift7swap4,2,7,7,Sn,False,3.0303030303030303,8,-29.90800429,-34.349418,-0.0339,0.0339,18,001,0,0,1,Si,False,8,-42.60220066,-45.400925,-0.04051,0.04051,26,001,0,0,1,0.07732,0.082474,2.1,0.586363971,0.0,1.176154613,264,1056,,,,,,4,,,-1304.745259,,-4.9843964375,-4.6401322575757575,,1,,5.78219696969697,,,,True,True,False,False,,,,,False,,,,,False,,,,,False
336_Sn144Ge192_011_011_a0.701031_b0.103093_c2.163935_interface1shift8,1,8,8,Sn,False,2.380952380952381,8,-29.90800429,-34.349418,-0.02397,0.02397,24,011,0,1,1,Ge,False,8,-35.08485951,-38.831661,-0.0275,0.0275,32,011,0,1,1,0.701031,0.103093,2.163935,0.675972462,0.0,1.356506348,336,1344,,,,,,4,,,,,,,,1,,,,,,True,False,False,False,,,,,False,,,,,False,,,,,
120_Sn48Si72_011_011_a0.0_b0.0_c0.0_interface9shift1,9,1,1,Sn,False,6.666666666666667,8,-29.90800429,-34.349418,-0.02397,0.02397,8,011,0,1,1,Si,False,8,-42.60220066,-45.400925,-0.02864,0.02864,12,011,0,1,1,0.0,0.0,0.0,2.50246191,0.0,5.067539215,120,480,302.57792754,65.970285,-4.531887809375,3.125734437416667,1.2143385666666666,4,,5.033333333333333,-608.184162,,-4.9843964375,-4.403615158333333,,1,,8.489583333333334,0.5928834355828221,,"(0.43137254901960786, 0.13333333333333333, 0.8666666666666667)",False,False,False,True,156,93,63,"(0.4, 0.596078431372549, 0.0)",True,79,76,3,"(0.03529411764705882, 0.9607843137254902, 0.0)",False,,,,,False
168_Sn72Ge96_111_111_a0.525316_b0.189873_c2.262295_interface5shift5,5,5,5,Sn,False,4.761904761904762,8,-29.90800429,-34.349418,-0.02936,0.02936,12,111,1,1,1,Ge,False,8,-35.08485951,-38.831661,-0.03367,0.03367,16,111,1,1,1,0.525316,0.189873,2.262295,0.675974071,0.0,1.356506348,168,672,-681.53158873,-766.128496,-4.062053987500001,-3.669873362678571,-4.1246870059523815,4,,13.797619047619047,-768.472943,,-4.5738174375,-4.138642047619048,,1,,0.7693452380952381,17.934235976789168,,"(0.4470588235294118, 0.09411764705882353, 0.9019607843137255)",True,False,True,True,112,123,11,"(0.08627450980392157, 0.9098039215686274, 0.0)",True,35,35,0,"(0.0, 1.0, 0.0)",False,,,,,False
264_Sn108Si156_001_001_a0.07732_b0.082474_c2.1_interface1shift5,1,5,5,Sn,False,3.0303030303030303,8,-29.90800429,-34.349418,-0.0339,0.0339,18,001,0,0,1,Si,False,8,-42.60220066,-45.400925,-0.04051,0.04051,26,001,0,0,1,0.07732,0.082474,2.1,0.586363971,0.0,1.176154613,264,1056,-1173.58306223,,-4.531887809375,-4.170730519999999,,4,,21.984848484848484,-1321.404501,,-4.9843964375,-4.703235446969697,,1,,3.090909090909091,7.112745098039216,,"(0.4666666666666667, 0.058823529411764705, 0.9372549019607843)",True,False,True,True,5,8,3,"(0.37254901960784315, 0.6235294117647059, 0.0)",False,,,,,False,,,,,False
48_Sn24Ge24_012_125_a0.356589_b0.5_c1.490206_interface13shift3,13,3,3,Sn,False,16.666666666666664,8,-29.90800429,-34.349418,-0.04167,0.04167,4,012,0,1,2,Ge,False,8,-35.08485951,-38.831661,-0.04167,0.04167,4,125,1,2,5,0.356589,0.5,1.490206,3.610095024,0.581727207,6.898111343,48,192,-155.53910405,-185.698251,-4.062053987500001,-1.886380005208333,-2.3441077500000005,4,,5.479166666666667,-208.947187,,-4.5738174375,-2.828460583333334,,1,,2.328125,2.353467561521253,,"(0.32941176470588235, 0.32941176470588235, 0.6666666666666666)",True,False,True,True,142,167,25,"(0.14901960784313725, 0.8470588235294118, 0.0)",True,65,64,1,"(0.011764705882352941, 0.984313725490196, 0.0)",False,,,,,False
48_Sn48_114_114_a0.0_b0.0_c0.0_interface1shift1swap7,1,1,1,Sn,False,16.666666666666664,8,-29.90800429,-34.349418,-0.04167,0.04167,4,114,1,1,4,Sn,False,8,-29.90800429,-34.349418,-0.04167,0.04167,4,114,1,1,4,0.0,0.0,0.0,0.0,0.0,0.0,48,192,-543.01060968,,-3.73850053625,-10.066554189583334,,4,,7.291666666666667,-34.801001,,-4.29367725,0.7062048958333333,,1,,6.854166666666667,1.0638297872340425,,"(0.32941176470588235, 0.32941176470588235, 0.6666666666666666)",False,True,True,True,,,,,False,,,,,False,,,,,True
288_Sn288_011_011_a0.0_b0.0_c0.0_interface14shift1,14,1,1,Sn,False,2.7777777777777777,8,-29.90800429,-34.349418,-0.02397,0.02397,24,011,0,1,1,Sn,False,8,-29.90800429,-34.349418,-0.02397,0.02397,24,011,0,1,1,0.0,0.0,0.0,0.0,0.0,0.0,288,1152,,,,,,4,,,,,,,,1,,,,,,False,False,False,False,,,,,False,,,,,False,,,,,
168_Sn72Ge96_011_011_a0.0_b0.0_c0.0_interface4shift1,4,1,1,Sn,False,4.761904761904762,8,-29.90800429,-34.349418,-0.02397,0.02397,12,011,0,1,1,Ge,False,8,-35.08485951,-38.831661,-0.0275,0.0275,16,011,0,1,1,0.0,0.0,0.0,0.675974071,0.0,1.356506348,168,672,1782.48685715,462.583556,-4.062053987500001,10.996903100892858,,4,,6.7023809523809526,,,,,,1,,,,,,False,False,False,False,,,,,False,,,,,False,,,,,
264_Sn108Si156_001_001_a0.07732_b0.082474_c2.1_interface2shift5swap6,2,5,5,Sn,False,3.0303030303030303,8,-29.90800429,-34.349418,-0.0339,0.0339,18,001,0,0,1,Si,False,8,-42.60220066,-45.400925,-0.04051,0.04051,26,001,0,0,1,0.07732,0.082474,2.1,0.586363971,0.0,1.176154613,264,1056,,,,,,4,,,-1305.252298,,-4.9843964375,-4.642052859848485,,1,,3.953598484848485,,,,True,True,False,False,,,,,False,,,,,False,,,,,False
264_Sn108Si156_001_001_a0.07732_b0.082474_c2.1_interface1shift6swap1,1,6,6,Sn,False,3.0303030303030303,8,-29.90800429,-34.349418,-0.0339,0.0339,18,001,0,0,1,Si,False,8,-42.60220066,-45.400925,-0.04051,0.04051,26,001,0,0,1,0.07732,0.082474,2.1,0.586363971,0.0,1.176154613,264,1056,-1122.42389025,,-4.531887809375,-3.9769457776515154,,4,,24.772727272727273,-1305.942144,,-4.9843964375,-4.644665912878788,,1,,4.62405303030303,5.357362277288552,,"(0.4666666666666667, 0.058823529411764705, 0.9372549019607843)",True,True,True,True,41,63,22,"(0.34901960784313724, 0.6470588235294118, 0.0)",False,,,,,False,,,,,False
108_Sn48Ge60_001_001_a0.976744_b0.147287_c2.2_interface9shift3,9,3,3,Sn,False,7.4074074074074066,8,-29.90800429,-34.349418,-0.0339,0.0339,8,001,0,0,1,Ge,False,8,-35.08485951,-38.831661,-0.03888,0.03888,10,001,0,0,1,0.976744,0.147287,2.2,2.520913124,0.0,4.978269577,108,432,,,,,,4,,,-488.445312,,-4.5738174375,-3.8450391944444444,,1,,,,,,True,False,False,False,,,,,False,,,,,False,,,,,False
48_Sn48_001_122_a0.0_b0.0_c0.0_interface11shift1,11,1,1,Sn,False,16.666666666666664,8,-29.90800429,-34.349418,-0.0339,0.0339,6,001,0,0,1,Sn,False,8,-29.90800429,-34.349418,-0.04167,0.04167,2,122,1,2,2,0.0,0.0,0.0,0.0,0.0,0.0,48,192,50.55240709,-27.183417,-3.73850053625,2.2993419931250005,0.8649045625,4,,11.604166666666666,-206.668884,,-4.29367725,-2.8743759999999994,,1,,3.1510416666666665,3.6826446280991734,,"(0.32941176470588235, 0.32941176470588235, 0.6666666666666666)",False,False,False,True,148,151,3,"(0.0196078431372549, 0.9764705882352941, 0.0)",True,71,72,1,"(0.011764705882352941, 0.984313725490196, 0.0)",False,,,,,False
264_Sn108Si156_001_001_a0.07732_b0.082474_c2.1_interface2shift1swap4,2,1,1,Sn,False,3.0303030303030303,8,-29.90800429,-34.349418,-0.0339,0.0339,18,001,0,0,1,Si,False,8,-42.60220066,-45.400925,-0.04051,0.04051,26,001,0,0,1,0.07732,0.082474,2.1,0.586363971,0.0,1.176154613,264,1056,-1121.5896325,,-4.531887809375,-3.9737857104166667,,4,,23.473484848484848,-1308.942447,,-4.9843964375,-4.6560306969696965,,1,,4.857007575757576,4.832910898810684,,"(0.4666666666666667, 0.058823529411764705, 0.9372549019607843)",True,True,True,True,52,21,31,"(0.596078431372549, 0.4, 0.0)",False,,,,,False,,,,,False
264_Sn108Si156_001_001_a0.07732_b0.082474_c2.1_interface2shift2swap6,2,2,2,Sn,False,3.0303030303030303,8,-29.90800429,-34.349418,-0.0339,0.0339,18,001,0,0,1,Si,False,8,-42.60220066,-45.400925,-0.04051,0.04051,26,001,0,0,1,0.07732,0.082474,2.1,0.586363971,0.0,1.176154613,264,1056,-1121.8585767,,-4.531887809375,-3.974804438446969,,4,,25.765151515151516,-1306.337386,,-4.9843964375,-4.646163041666667,,1,,5.232954545454546,4.9236337314513205,,"(0.4666666666666667, 0.058823529411764705, 0.9372549019607843)",True,True,True,True,47,55,8,"(0.1450980392156863, 0.8509803921568627, 0.0)",False,,,,,False,,,,,False
264_Sn108Si156_001_001_a0.07732_b0.082474_c2.1_interface2shift4swap5,2,4,4,Sn,False,3.0303030303030303,8,-29.90800429,-34.349418,-0.0339,0.0339,18,001,0,0,1,Si,False,8,-42.60220066,-45.400925,-0.04051,0.04051,26,001,0,0,1,0.07732,0.082474,2.1,0.586363971,0.0,1.176154613,264,1056,,,,,,4,,,-1303.541512,,-4.9843964375,-4.635572609848485,,1,,3.362689393939394,,,,True,True,False,False,,,,,False,,,,,False,,,,,False
264_Sn108Si156_001_001_a0.07732_b0.082474_c2.1_interface1shift1swap6,1,1,1,Sn,False,3.0303030303030303,8,-29.90800429,-34.349418,-0.0339,0.0339,18,001,0,0,1,Si,False,8,-42.60220066,-45.400925,-0.04051,0.04051,26,001,0,0,1,0.07732,0.082474,2.1,0.586363971,0.0,1.176154613,264,1056,-1118.05682201,-1229.607021,-4.531887809375,-3.9604038524999994,-4.35551771969697,4,,25.170454545454547,-1308.525532,,-4.9843964375,-4.6544514734848494,,1,,4.971590909090909,5.062857142857143,,"(0.4666666666666667, 0.058823529411764705, 0.9372549019607843)",True,True,True,True,75,24,51,"(0.6784313725490196, 0.3176470588235294, 0.0)",True,6,8,2,"(0.24705882352941178, 0.7490196078431373, 0.0)",False,,,,,False
108_Sn48Ge60_001_001_a0.883721_b0.379845_c2.2_interface10shift7,10,7,7,Sn,False,7.4074074074074066,8,-29.90800429,-34.349418,-0.0339,0.0339,8,001,0,0,1,Ge,False,8,-35.08485951,-38.831661,-0.03888,0.03888,10,001,0,0,1,0.883721,0.379845,2.2,2.520913124,0.0,4.978269577,108,432,,,,,,4,,,-488.448849,,-4.5738174375,-3.8450719444444443,,1,,,,,,True,False,False,False,,,,,False,,,,,False,,,,,False
264_Sn108Si156_001_001_a0.07732_b0.082474_c2.1_interface1shift2swap2,1,2,2,Sn,False,3.0303030303030303,8,-29.90800429,-34.349418,-0.0339,0.0339,18,001,0,0,1,Si,False,8,-42.60220066,-45.400925,-0.04051,0.04051,26,001,0,0,1,0.07732,0.082474,2.1,0.586363971,0.0,1.176154613,264,1056,-1121.65773268,-1233.0037,-4.531887809375,-3.974043665643939,-4.368383928030303,4,,24.62878787878788,-1306.498802,,-4.9843964375,-4.6467744659090915,,1,,3.5577651515151514,6.922544583444238,,"(0.4666666666666667, 0.058823529411764705, 0.9372549019607843)",True,True,True,True,51,51,0,"(0.0, 1.0, 0.0)",True,2,2,0,"(0.0, 1.0, 0.0)",False,,,,,False
264_Sn108Si156_001_001_a0.07732_b0.082474_c2.1_interface1shift1,1,1,1,Sn,False,3.0303030303030303,8,-29.90800429,-34.349418,-0.0339,0.0339,18,001,0,0,1,Si,False,8,-42.60220066,-45.400925,-0.04051,0.04051,26,001,0,0,1,0.07732,0.082474,2.1,0.586363971,0.0,1.176154613,264,1056,-1172.09618178,-1283.998197,-4.531887809375,-4.165098397083333,-4.561544901515151,4,,22.685606060606062,-1322.769552,,-4.9843964375,-4.7084060946969695,,1,,3.430871212121212,6.612199834391389,,"(0.4666666666666667, 0.058823529411764705, 0.9372549019607843)",True,False,True,True,8,4,4,"(0.4980392156862745, 0.4980392156862745, 0.0)",True,1,1,0,"(0.0, 1.0, 0.0)",False,,,,,False
96_Sn48Si48_111_112_a0.0_b0.0_c0.0_interface4shift1,4,1,1,Sn,False,8.333333333333332,8,-29.90800429,-34.349418,-0.02936,0.02936,8,111,1,1,1,Si,False,8,-42.60220066,-45.400925,-0.04167,0.04167,8,112,1,1,2,0.0,0.0,0.0,3.35974741,0.0,0.941371918,96,384,,,,,,4,,,-467.444434,,-4.9843964375,-4.038480114583333,,1,,7.1171875,,,,False,False,False,False,,,,,False,,,,,False,,,,,False
96_Sn96_114_011_a0.0_b0.0_c0.0_interface16shift1,16,1,1,Sn,False,8.333333333333332,8,-29.90800429,-34.349418,-0.04167,0.04167,4,114,1,1,4,Sn,False,8,-29.90800429,-34.349418,-0.02397,0.02397,12,011,0,1,1,0.0,0.0,0.0,0.0,0.0,0.0,96,384,,,,,,4,,,-414.272149,,-4.29367725,-3.5997220104166665,,1,,5.1015625,,,,False,False,False,False,,,,,False,,,,,False,,,,,False
264_Sn108Si156_001_001_a0.07732_b0.082474_c2.1_interface2shift6swap6,2,6,6,Sn,False,3.0303030303030303,8,-29.90800429,-34.349418,-0.0339,0.0339,18,001,0,0,1,Si,False,8,-42.60220066,-45.400925,-0.04051,0.04051,26,001,0,0,1,0.07732,0.082474,2.1,0.586363971,0.0,1.176154613,264,1056,,,,,,4,,,-1306.968735,,-4.9843964375,-4.648554515151515,,1,,4.975378787878788,,,,True,True,False,False,,,,,False,,,,,False,,,,,False
264_Sn108Si156_001_001_a0.0_b0.0_c0.0_interface1shift1swap4,1,1,1,Sn,False,3.0303030303030303,8,-29.90800429,-34.349418,-0.0339,0.0339,18,001,0,0,1,Si,False,8,-42.60220066,-45.400925,-0.04051,0.04051,26,001,0,0,1,0.0,0.0,0.0,0.586363971,0.0,1.176154613,264,1056,1213.68427473,,-4.531887809375,4.871948786666667,,4,,79.99621212121212,,,,,,1,,,,,,False,True,False,False,,,,,False,,,,,False,,,,,
168_Sn72Ge96_111_111_a0.512658_b0.189873_c2.262295_interface5shift8,5,8,8,Sn,False,4.761904761904762,8,-29.90800429,-34.349418,-0.02936,0.02936,12,111,1,1,1,Ge,False,8,-35.08485951,-38.831661,-0.03367,0.03367,16,111,1,1,1,0.512658,0.189873,2.262295,0.675974071,0.0,1.356506348,168,672,-681.65312979,-766.206393,-4.062053987500001,-3.6705968213690476,-4.125150678571428,4,,13.68452380952381,-768.482651,,-4.5738174375,-4.138699833333334,,1,,0.8303571428571429,16.480286738351253,,"(0.4470588235294118, 0.09411764705882353, 0.9019607843137255)",True,False,True,True,110,121,11,"(0.09019607843137255, 0.9058823529411765, 0.0)",True,33,33,0,"(0.0, 1.0, 0.0)",False,,,,,False
48_Sn24Ge24_012_125_a0.077519_b0.938144_c1.589553_interface13shift5,13,5,5,Sn,False,16.666666666666664,8,-29.90800429,-34.349418,-0.04167,0.04167,4,012,0,1,2,Ge,False,8,-35.08485951,-38.831661,-0.04167,0.04167,4,125,1,2,5,0.077519,0.938144,1.589553,3.610095024,0.581727207,6.898111343,48,192,-156.10648846,-185.526332,-4.062053987500001,-1.89820051375,-2.340526104166667,4,,5.958333333333333,-209.519896,,-4.5738174375,-2.8403920208333333,,1,,5.739583333333333,1.0381125226860255,,"(0.32941176470588235, 0.32941176470588235, 0.6666666666666666)",True,False,True,True,139,159,20,"(0.12549019607843137, 0.8705882352941177, 0.0)",True,62,65,3,"(0.043137254901960784, 0.9529411764705882, 0.0)",False,,,,,False
48_Sn24Ge24_012_125_a0.077519_b0.0_c1.490206_interface13shift6,13,6,6,Sn,False,16.666666666666664,8,-29.90800429,-34.349418,-0.04167,0.04167,4,012,0,1,2,Ge,False,8,-35.08485951,-38.831661,-0.04167,0.04167,4,125,1,2,5,0.077519,0.0,1.490206,3.610095024,0.581727207,6.898111343,48,192,-161.75970214,-190.493187,-4.062053987500001,-2.01597579875,-2.4440022500000005,4,,5.9375,-209.601858,,-4.5738174375,-2.8420995624999996,,1,,3.5833333333333335,1.6569767441860463,,"(0.32941176470588235, 0.32941176470588235, 0.6666666666666666)",True,False,True,True,129,157,28,"(0.17647058823529413, 0.8196078431372549, 0.0)",True,52,52,0,"(0.0, 1.0, 0.0)",False,,,,,False
264_Sn108Si156_001_001_a0.07732_b0.082474_c2.1_interface2shift4swap6,2,4,4,Sn,False,3.0303030303030303,8,-29.90800429,-34.349418,-0.0339,0.0339,18,001,0,0,1,Si,False,8,-42.60220066,-45.400925,-0.04051,0.04051,26,001,0,0,1,0.07732,0.082474,2.1,0.586363971,0.0,1.176154613,264,1056,,,,,,4,,,-1305.968619,,-4.9843964375,-4.644766196969697,,1,,4.09469696969697,,,,True,True,False,False,,,,,False,,,,,False,,,,,False
264_Sn108Si156_001_001_a0.07732_b0.082474_c2.1_interface2shift1swap6,2,1,1,Sn,False,3.0303030303030303,8,-29.90800429,-34.349418,-0.0339,0.0339,18,001,0,0,1,Si,False,8,-42.60220066,-45.400925,-0.04051,0.04051,26,001,0,0,1,0.07732,0.082474,2.1,0.586363971,0.0,1.176154613,264,1056,-1114.78109824,,-4.531887809375,-3.9479958079166657,,4,,25.015151515151516,-1306.548555,,-4.9843964375,-4.646962924242425,,1,,3.7604166666666665,6.652228657768824,,"(0.4666666666666667, 0.058823529411764705, 0.9372549019607843)",True,True,True,True,85,49,36,"(0.4235294117647059, 0.5764705882352941, 0.0)",False,,,,,False,,,,,False
336_Sn144Ge192_011_011_a0.582474_b0.097938_c2.163935_interface2shift2,2,2,2,Sn,False,2.380952380952381,8,-29.90800429,-34.349418,-0.02397,0.02397,24,011,0,1,1,Ge,False,8,-35.08485951,-38.831661,-0.0275,0.0275,32,011,0,1,1,0.582474,0.097938,2.163935,0.675972462,0.0,1.356506348,336,1344,,,,,,4,,,,,,,,1,,,,,,True,False,False,False,,,,,False,,,,,False,,,,,
168_Sn72Ge96_111_111_a0.183544_b0.018987_c2.262295_interface5shift4,5,4,4,Sn,False,4.761904761904762,8,-29.90800429,-34.349418,-0.02936,0.02936,12,111,1,1,1,Ge,False,8,-35.08485951,-38.831661,-0.03367,0.03367,16,111,1,1,1,0.183544,0.018987,2.262295,0.675974071,0.0,1.356506348,168,672,-681.67735338,-766.219868,-4.062053987500001,-3.670741009404762,-4.125230886904761,4,,13.779761904761905,-768.484441,,-4.5738174375,-4.138710488095238,,1,,0.8229166666666666,16.745027124773962,,"(0.4470588235294118, 0.09411764705882353, 0.9019607843137255)",True,False,True,True,107,118,11,"(0.09019607843137255, 0.9058823529411765, 0.0)",True,30,30,0,"(0.0, 1.0, 0.0)",False,,,,,False
264_Sn108Si156_001_001_a0.07732_b0.082474_c2.1_interface1shift3swap2,1,3,3,Sn,False,3.0303030303030303,8,-29.90800429,-34.349418,-0.0339,0.0339,18,001,0,0,1,Si,False,8,-42.60220066,-45.400925,-0.04051,0.04051,26,001,0,0,1,0.07732,0.082474,2.1,0.586363971,0.0,1.176154613,264,1056,-1124.37797175,,-4.531887809375,-3.9843476015151507,,4,,26.431818181818183,-1305.733245,,-4.9843964375,-4.643874628787879,,1,,3.0681818181818183,8.614814814814816,,"(0.4666666666666667, 0.058823529411764705, 0.9372549019607843)",True,True,True,True,21,71,50,"(0.7019607843137254, 0.29411764705882354, 0.0)",False,,,,,False,,,,,False
264_Sn108Si156_001_001_a0.07732_b0.082474_c2.1_interface1shift6swap6,1,6,6,Sn,False,3.0303030303030303,8,-29.90800429,-34.349418,-0.0339,0.0339,18,001,0,0,1,Si,False,8,-42.60220066,-45.400925,-0.04051,0.04051,26,001,0,0,1,0.07732,0.082474,2.1,0.586363971,0.0,1.176154613,264,1056,-1121.85066555,,-4.531887809375,-3.9747744719696967,,4,,24.791666666666668,-1306.762167,,-4.9843964375,-4.647772060606061,,1,,3.4071969696969697,7.276264591439689,,"(0.4666666666666667, 0.058823529411764705, 0.9372549019607843)",True,True,True,True,48,44,4,"(0.08235294117647059, 0.9137254901960784, 0.0)",False,,,,,False,,,,,False
264_Sn108Si156_001_001_a0.07732_b0.082474_c2.1_interface1shift1swap5,1,1,1,Sn,False,3.0303030303030303,8,-29.90800429,-34.349418,-0.0339,0.0339,18,001,0,0,1,Si,False,8,-42.60220066,-45.400925,-0.04051,0.04051,26,001,0,0,1,0.07732,0.082474,2.1,0.586363971,0.0,1.176154613,264,1056,-1117.42187116,-1228.984505,-4.531887809375,-3.9579987356439386,-4.353159704545455,4,,25.526515151515152,-1309.59022,,-4.9843964375,-4.658484382575758,,1,,4.746212121212121,5.378292098962491,,"(0.4666666666666667, 0.058823529411764705, 0.9372549019607843)",True,True,True,True,79,14,65,"(0.8196078431372549, 0.17647058823529413, 0.0)",True,7,9,2,"(0.2196078431372549, 0.7764705882352941, 0.0)",False,,,,,False
288_Sn288_011_011_a0.0_b0.0_c0.0_interface2shift1,2,1,1,Sn,False,2.7777777777777777,8,-29.90800429,-34.349418,-0.02397,0.02397,24,011,0,1,1,Sn,False,8,-29.90800429,-34.349418,-0.02397,0.02397,24,011,0,1,1,0.0,0.0,0.0,0.0,0.0,0.0,288,1152,,,,,,4,,,,,,,,1,,,,,,False,False,False,False,,,,,False,,,,,False,,,,,
48_Sn48_001_122_a0.0_b0.0_c0.0_interface12shift1,12,1,1,Sn,False,16.666666666666664,8,-29.90800429,-34.349418,-0.0339,0.0339,6,001,0,0,1,Sn,False,8,-29.90800429,-34.349418,-0.04167,0.04167,2,122,1,2,2,0.0,0.0,0.0,0.0,0.0,0.0,48,192,332.47761005,211.01911,-3.73850053625,8.172783721458334,5.8274572083333345,4,,7.75,-206.568796,,-4.29367725,-2.872290833333333,,1,,2.9947916666666665,2.5878260869565217,,"(0.32941176470588235, 0.32941176470588235, 0.6666666666666666)",False,False,False,True,170,154,16,"(0.09411764705882353, 0.9058823529411765, 0.0)",True,93,90,3,"(0.03137254901960784, 0.9647058823529412, 0.0)",False,,,,,False
264_Sn108Si156_001_001_a0.07732_b0.082474_c2.1_interface2shift5swap4,2,5,5,Sn,False,3.0303030303030303,8,-29.90800429,-34.349418,-0.0339,0.0339,18,001,0,0,1,Si,False,8,-42.60220066,-45.400925,-0.04051,0.04051,26,001,0,0,1,0.07732,0.082474,2.1,0.586363971,0.0,1.176154613,264,1056,,,,,,4,,,,,,,,1,,,,,,True,True,False,False,,,,,False,,,,,False,,,,,
264_Sn108Si156_001_001_a0.07732_b0.082474_c2.1_interface2shift2swap2,2,2,2,Sn,False,3.0303030303030303,8,-29.90800429,-34.349418,-0.0339,0.0339,18,001,0,0,1,Si,False,8,-42.60220066,-45.400925,-0.04051,0.04051,26,001,0,0,1,0.07732,0.082474,2.1,0.586363971,0.0,1.176154613,264,1056,-1122.80603047,,-4.531887809375,-3.978393278484848,,4,,25.958333333333332,-1305.829124,,-4.9843964375,-4.644237806818182,,1,,3.058712121212121,8.486687306501548,,"(0.4666666666666667, 0.058823529411764705, 0.9372549019607843)",True,True,True,True,37,69,32,"(0.4627450980392157, 0.5333333333333333, 0.0)",False,,,,,False,,,,,False
336_Sn144Ge192_011_011_a0.082474_b0.268041_c2.163935_interface2shift4,2,4,4,Sn,False,2.380952380952381,8,-29.90800429,-34.349418,-0.02397,0.02397,24,011,0,1,1,Ge,False,8,-35.08485951,-38.831661,-0.0275,0.0275,32,011,0,1,1,0.082474,0.268041,2.163935,0.675972462,0.0,1.356506348,336,1344,,,,,,4,,,,,,,,1,,,,,,True,False,False,False,,,,,False,,,,,False,,,,,
180_Sn36Ge144_012_011_a0.847222_b0.134021_c1.887594_interface7shift4,7,4,4,Sn,False,4.444444444444445,8,-29.90800429,-34.349418,-0.04167,0.04167,6,012,0,1,2,Ge,False,8,-35.08485951,-38.831661,-0.0275,0.0275,24,011,0,1,1,0.847222,0.134021,1.887594,4.490381241,0.0,3.84477973,180,720,-732.96940043,-819.403475,-4.062053987500001,-3.710980759055555,-4.145679977777777,4,,12.805555555555555,-837.928507,,-4.5738174375,-4.248596822222222,,1,,2.2125,5.78782172002511,,"(0.45098039215686275, 0.08627450980392157, 0.9098039215686274)",True,False,True,True,104,115,11,"(0.09411764705882353, 0.9019607843137255, 0.0)",True,27,19,8,"(0.29411764705882354, 0.7019607843137254, 0.0)",False,,,,,False
336_Sn144Ge192_011_011_a0.835052_b0.015464_c2.163935_interface2shift6,2,6,6,Sn,False,2.380952380952381,8,-29.90800429,-34.349418,-0.02397,0.02397,24,011,0,1,1,Ge,False,8,-35.08485951,-38.831661,-0.0275,0.0275,32,011,0,1,1,0.835052,0.015464,2.163935,0.675972462,0.0,1.356506348,336,1344,,,,,,4,,,,,,,,1,,,,,,True,False,False,False,,,,,False,,,,,False,,,,,
264_Sn108Si156_001_001_a0.07732_b0.082474_c2.1_interface1shift6swap5,1,6,6,Sn,False,3.0303030303030303,8,-29.90800429,-34.349418,-0.0339,0.0339,18,001,0,0,1,Si,False,8,-42.60220066,-45.400925,-0.04051,0.04051,26,001,0,0,1,0.07732,0.082474,2.1,0.586363971,0.0,1.176154613,264,1056,-1120.92364824,,-4.531887809375,-3.971263042765151,,4,,25.678030303030305,-1306.821754,,-4.9843964375,-4.647997768939394,,1,,3.902462121212121,6.579956321281243,,"(0.4666666666666667, 0.058823529411764705, 0.9372549019607843)",True,True,True,True,59,43,16,"(0.27058823529411763, 0.7254901960784313, 0.0)",False,,,,,False,,,,,False
48_Sn48_001_122_a0.0_b0.0_c0.0_interface6shift1,6,1,1,Sn,False,16.666666666666664,8,-29.90800429,-34.349418,-0.0339,0.0339,6,001,0,0,1,Sn,False,8,-29.90800429,-34.349418,-0.04167,0.04167,2,122,1,2,2,0.0,0.0,0.0,0.0,0.0,0.0,48,192,81.77124049,-2.930098,-3.73850053625,2.9497343556250004,1.3701820416666666,4,,11.854166666666666,-206.859252,,-4.29367725,-2.878342,,1,,3.328125,3.5618153364632237,,"(0.32941176470588235, 0.32941176470588235, 0.6666666666666666)",False,False,False,True,152,149,3,"(0.0196078431372549, 0.9764705882352941, 0.0)",True,75,78,3,"(0.03529411764705882, 0.9607843137254902, 0.0)",False,,,,,False
108_Sn48Ge60_001_001_a0.139535_b0.213115_c2.2_interface11shift6,11,6,6,Sn,False,7.4074074074074066,8,-29.90800429,-34.349418,-0.0339,0.0339,8,001,0,0,1,Ge,False,8,-35.08485951,-38.831661,-0.03888,0.03888,10,001,0,0,1,0.139535,0.213115,2.2,2.520913124,0.0,4.978281021,108,432,,,,,,4,,,-488.44955,,-4.5738174375,-3.8450784351851848,,1,,1.2037037037037037,,,,True,False,False,False,,,,,False,,,,,False,,,,,False
264_Sn108Si156_001_001_a0.07732_b0.082474_c2.1_interface1shift8swap3,1,8,8,Sn,False,3.0303030303030303,8,-29.90800429,-34.349418,-0.0339,0.0339,18,001,0,0,1,Si,False,8,-42.60220066,-45.400925,-0.04051,0.04051,26,001,0,0,1,0.07732,0.082474,2.1,0.586363971,0.0,1.176154613,264,1056,-1124.66044772,,-4.531887809375,-3.98541758625,,4,,25.833333333333332,-1305.937245,,-4.9843964375,-4.644647356060607,,1,,6.015151515151516,4.294710327455919,,"(0.4666666666666667, 0.058823529411764705, 0.9372549019607843)",True,True,True,True,16,64,48,"(0.7490196078431373, 0.24705882352941178, 0.0)",False,,,,,False,,,,,False
264_Sn108Si156_001_001_a0.0_b0.0_c0.0_interface2shift1swap4,2,1,1,Sn,False,3.0303030303030303,8,-29.90800429,-34.349418,-0.0339,0.0339,18,001,0,0,1,Si,False,8,-42.60220066,-45.400925,-0.04051,0.04051,26,001,0,0,1,0.0,0.0,0.0,0.586363971,0.0,1.176154613,264,1056,1222.88065137,,-4.531887809375,4.9067835466666665,,4,,75.65530303030303,,,,,,1,,,,,,False,True,False,False,,,,,False,,,,,False,,,,,
180_Sn36Ge144_012_011_a0.0_b0.0_c0.0_interface8shift1,8,1,1,Sn,False,4.444444444444445,8,-29.90800429,-34.349418,-0.04167,0.04167,6,012,0,1,2,Ge,False,8,-35.08485951,-38.831661,-0.0275,0.0275,24,011,0,1,1,0.0,0.0,0.0,4.490381241,0.0,3.84477973,180,720,195.11113885,-107.534436,-4.062053987500001,1.4450222369444443,-0.19085198333333334,4,,10.672222222222222,-842.187345,,-4.5738174375,-4.272257033333334,,1,,3.4972222222222222,3.0516282764098492,,"(0.45098039215686275, 0.08627450980392157, 0.9098039215686274)",False,False,False,True,145,98,47,"(0.3215686274509804, 0.6745098039215687, 0.0)",True,68,68,0,"(0.0, 1.0, 0.0)",False,,,,,False
264_Sn108Si156_001_001_a0.07732_b0.082474_c2.1_interface1shift7swap5,1,7,7,Sn,False,3.0303030303030303,8,-29.90800429,-34.349418,-0.0339,0.0339,18,001,0,0,1,Si,False,8,-42.60220066,-45.400925,-0.04051,0.04051,26,001,0,0,1,0.07732,0.082474,2.1,0.586363971,0.0,1.176154613,264,1056,-1120.31050282,,-4.531887809375,-3.968940522234848,,4,,27.829545454545453,-1306.611486,,-4.9843964375,-4.6472012992424245,,1,,5.9393939393939394,4.685586734693877,,"(0.4666666666666667, 0.058823529411764705, 0.9372549019607843)",True,True,True,True,64,48,16,"(0.24705882352941178, 0.7490196078431373, 0.0)",False,,,,,False,,,,,False
168_Sn72Ge96_011_011_a0.126126_b0.031646_c2.163935_interface4shift6,4,6,6,Sn,False,4.761904761904762,8,-29.90800429,-34.349418,-0.02397,0.02397,12,011,0,1,1,Ge,False,8,-35.08485951,-38.831661,-0.0275,0.0275,16,011,0,1,1,0.126126,0.031646,2.163935,0.675974071,0.0,1.356506348,168,672,-674.98913999,-755.027413,-4.062053987500001,-3.6309302154166665,-4.058609130952381,4,,7.964285714285714,-767.893856,,-4.5738174375,-4.135195101190476,,1,,6.122023809523809,1.3009236752552262,,"(0.4470588235294118, 0.09411764705882353, 0.9019607843137255)",True,False,True,True,118,125,7,"(0.054901960784313725, 0.9411764705882353, 0.0)",True,41,40,1,"(0.023529411764705882, 0.9725490196078431, 0.0)",False,,,,,False
108_Sn48Ge60_001_001_a0.155039_b0.224044_c2.2_interface11shift4,11,4,4,Sn,False,7.4074074074074066,8,-29.90800429,-34.349418,-0.0339,0.0339,8,001,0,0,1,Ge,False,8,-35.08485951,-38.831661,-0.03888,0.03888,10,001,0,0,1,0.155039,0.224044,2.2,2.520913124,0.0,4.978281021,108,432,,,,,,4,,,-488.447812,,-4.5738174375,-3.8450623425925925,,1,,1.3472222222222223,,,,True,False,False,False,,,,,False,,,,,False,,,,,False
168_Sn72Ge96_011_011_a0.164557_b0.06701_c2.163935_interface3shift5,3,5,5,Sn,False,4.761904761904762,8,-29.90800429,-34.349418,-0.02397,0.02397,12,011,0,1,1,Ge,False,8,-35.08485951,-38.831661,-0.0275,0.0275,16,011,0,1,1,0.164557,0.06701,2.163935,0.675974071,0.0,1.356506348,168,672,-674.61211452,-754.901794,-4.062053987500001,-3.628686016190476,-4.057861398809523,4,,14.047619047619047,-767.813598,,-4.5738174375,-4.134717375,,1,,5.238095238095238,2.6818181818181817,,"(0.4470588235294118, 0.09411764705882353, 0.9019607843137255)",True,False,True,True,125,133,8,"(0.058823529411764705, 0.9372549019607843, 0.0)",True,48,49,1,"(0.0196078431372549, 0.9764705882352941, 0.0)",False,,,,,False
48_Sn48_001_001_a0.0_b0.0_c0.0_interface8shift1,8,1,1,Sn,False,16.666666666666664,8,-29.90800429,-34.349418,-0.0339,0.0339,4,001,0,0,1,Sn,False,8,-29.90800429,-34.349418,-0.0339,0.0339,4,001,0,0,1,0.0,0.0,0.0,0.0,0.0,0.0,48,192,273.23328648,113.188127,-3.73850053625,6.938526980416667,3.7893117291666663,4,,5.166666666666667,-174.198016,,-4.29367725,-2.197899583333333,,1,,0.671875,7.689922480620155,,"(0.32941176470588235, 0.32941176470588235, 0.6666666666666666)",False,False,False,True,166,173,7,"(0.0392156862745098, 0.9568627450980393, 0.0)",True,89,82,7,"(0.0784313725490196, 0.9176470588235294, 0.0)",False,,,,,False
108_Sn48Ge60_001_001_a0.139535_b0.218579_c2.2_interface11shift3,11,3,3,Sn,False,7.4074074074074066,8,-29.90800429,-34.349418,-0.0339,0.0339,8,001,0,0,1,Ge,False,8,-35.08485951,-38.831661,-0.03888,0.03888,10,001,0,0,1,0.139535,0.218579,2.2,2.520913124,0.0,4.978281021,108,432,,,,,,4,,,-488.449442,,-4.5738174375,-3.845077435185185,,1,,1.1597222222222223,,,,True,False,False,False,,,,,False,,,,,False,,,,,False
96_Sn48Ge48_112_013_a0.333333_b0.912568_c1.286755_interface6shift2,6,2,2,Sn,False,8.333333333333332,8,-29.90800429,-34.349418,-0.04152,0.04152,8,112,1,1,2,Ge,False,8,-35.08485951,-38.831661,-0.04167,0.04167,8,013,0,1,3,0.333333,0.912568,1.286755,2.520913124,0.0,1.861989498,96,384,,,,,,4,,,-429.458199,,-4.5738174375,-3.7112199999999995,,1,,3.0651041666666665,,,,True,False,False,False,,,,,False,,,,,False,,,,,False
264_Sn108Si156_001_001_a0.0_b0.0_c0.0_interface1shift1swap7,1,1,1,Sn,False,3.0303030303030303,8,-29.90800429,-34.349418,-0.0339,0.0339,18,001,0,0,1,Si,False,8,-42.60220066,-45.400925,-0.04051,0.04051,26,001,0,0,1,0.0,0.0,0.0,0.586363971,0.0,1.176154613,264,1056,828.88291401,,-4.531887809375,3.414367874848485,,4,,77.125,,,,,,1,,,,,,False,True,False,False,,,,,False,,,,,False,,,,,
168_Sn72Ge96_011_011_a0.664557_b0.056701_c2.163935_interface3shift7,3,7,7,Sn,False,4.761904761904762,8,-29.90800429,-34.349418,-0.02397,0.02397,12,011,0,1,1,Ge,False,8,-35.08485951,-38.831661,-0.0275,0.0275,16,011,0,1,1,0.664557,0.056701,2.163935,0.675974071,0.0,1.356506348,168,672,-674.94848047,-755.006841,-4.062053987500001,-3.630688194464286,-4.058486678571429,4,,14.083333333333334,-766.071663,,-4.5738174375,-4.1243487142857145,,1,,2.3333333333333335,6.035714285714286,,"(0.4470588235294118, 0.09411764705882353, 0.9019607843137255)",True,False,True,True,119,139,20,"(0.1411764705882353, 0.8549019607843137, 0.0)",True,42,42,0,"(0.0, 1.0, 0.0)",False,,,,,False
264_Sn108Si156_001_001_a0.07732_b0.082474_c2.1_interface1shift5swap6,1,5,5,Sn,False,3.0303030303030303,8,-29.90800429,-34.349418,-0.0339,0.0339,18,001,0,0,1,Si,False,8,-42.60220066,-45.400925,-0.04051,0.04051,26,001,0,0,1,0.07732,0.082474,2.1,0.586363971,0.0,1.176154613,264,1056,-1122.48160878,,-4.531887809375,-3.9771644084469693,,4,,25.106060606060606,-1305.66361,,-4.9843964375,-4.6436108598484855,,1,,4.860795454545454,5.165010714981492,,"(0.4666666666666667, 0.058823529411764705, 0.9372549019607843)",True,True,True,True,40,74,34,"(0.4588235294117647, 0.5372549019607843, 0.0)",False,,,,,False,,,,,False
264_Sn108Si156_001_001_a0.07732_b0.082474_c2.1_interface2shift2swap8,2,2,2,Sn,False,3.0303030303030303,8,-29.90800429,-34.349418,-0.0339,0.0339,18,001,0,0,1,Si,False,8,-42.60220066,-45.400925,-0.04051,0.04051,26,001,0,0,1,0.07732,0.082474,2.1,0.586363971,0.0,1.176154613,264,1056,-1123.11896564,,-4.531887809375,-3.979578638977272,,4,,25.727272727272727,-1307.322231,,-4.9843964375,-4.649893515151516,,1,,5.088068181818182,5.056393076493579,,"(0.4666666666666667, 0.058823529411764705, 0.9372549019607843)",True,True,True,True,33,37,4,"(0.10588235294117647, 0.8901960784313725, 0.0)",False,,,,,False,,,,,False
48_Sn24Ge24_012_125_a0.364341_b0.448454_c1.490206_interface12shift3,12,3,3,Sn,False,16.666666666666664,8,-29.90800429,-34.349418,-0.04167,0.04167,4,012,0,1,2,Ge,False,8,-35.08485951,-38.831661,-0.04167,0.04167,4,125,1,2,5,0.364341,0.448454,1.490206,3.610095024,0.581727207,6.898111343,48,192,-156.07347572,-185.782998,-4.062053987500001,-1.8975127483333332,-2.3458733125,4,,5.458333333333333,-209.221286,,-4.5738174375,-2.8341709791666667,,1,,4.84375,1.1268817204301074,,"(0.32941176470588235, 0.32941176470588235, 0.6666666666666666)",True,False,True,True,140,164,24,"(0.1450980392156863, 0.8509803921568627, 0.0)",True,63,62,1,"(0.01568627450980392, 0.9803921568627451, 0.0)",False,,,,,False
264_Sn108Si156_001_001_a0.07732_b0.082474_c2.1_interface1shift7swap1,1,7,7,Sn,False,3.0303030303030303,8,-29.90800429,-34.349418,-0.0339,0.0339,18,001,0,0,1,Si,False,8,-42.60220066,-45.400925,-0.04051,0.04051,26,001,0,0,1,0.07732,0.082474,2.1,0.586363971,0.0,1.176154613,264,1056,-1119.64811233,,-4.531887809375,-3.9664314673484844,,4,,24.958333333333332,-1305.173505,,-4.9843964375,-4.6417544015151515,,1,,4.3125,5.78743961352657,,"(0.4666666666666667, 0.058823529411764705, 0.9372549019607843)",True,True,True,True,67,82,15,"(0.1803921568627451, 0.8156862745098039, 0.0)",False,,,,,False,,,,,False
108_Sn48Ge60_001_001_a0.147287_b0.218579_c2.2_interface11shift1,11,1,1,Sn,False,7.4074074074074066,8,-29.90800429,-34.349418,-0.0339,0.0339,8,001,0,0,1,Ge,False,8,-35.08485951,-38.831661,-0.03888,0.03888,10,001,0,0,1,0.147287,0.218579,2.2,2.520913124,0.0,4.978281021,108,432,,,,,,4,,,-488.449485,,-4.5738174375,-3.845077833333333,,1,,1.2916666666666667,,,,True,False,False,False,,,,,False,,,,,False,,,,,False
144_Sn144_011_011_a0.0_b0.0_c0.0_interface3shift1swap1,3,1,1,Sn,False,5.555555555555555,8,-29.90800429,-34.349418,-0.02397,0.02397,12,011,0,1,1,Sn,False,8,-29.90800429,-34.349418,-0.02397,0.02397,12,011,0,1,1,0.0,0.0,0.0,0.0,0.0,0.0,144,576,876.85909802,582.343594,-3.73850053625,6.504688240277778,4.521127986111112,4,,6.555555555555555,-619.992272,,-4.29367725,-3.8284266388888883,,1,,6.003472222222222,1.0919606709080394,,"(0.4392156862745098, 0.10980392156862745, 0.8862745098039215)",False,True,False,True,161,141,20,"(0.12156862745098039, 0.8745098039215686, 0.0)",True,84,84,0,"(0.0, 1.0, 0.0)",False,,,,,False
48_Sn48_114_114_a0.0_b0.0_c0.0_interface1shift1swap8,1,1,1,Sn,False,16.666666666666664,8,-29.90800429,-34.349418,-0.04167,0.04167,4,114,1,1,4,Sn,False,8,-29.90800429,-34.349418,-0.04167,0.04167,4,114,1,1,4,0.0,0.0,0.0,0.0,0.0,0.0,48,192,-540.8673537,,-3.73850053625,-10.021903023333332,,4,,7.375,-34.801001,,-4.29367725,0.7062048958333333,,1,,6.1875,1.1919191919191918,,"(0.32941176470588235, 0.32941176470588235, 0.6666666666666666)",False,True,True,True,,,,,False,,,,,False,,,,,True
264_Sn108Si156_001_001_a0.07732_b0.082474_c2.1_interface1shift6swap2,1,6,6,Sn,False,3.0303030303030303,8,-29.90800429,-34.349418,-0.0339,0.0339,18,001,0,0,1,Si,False,8,-42.60220066,-45.400925,-0.04051,0.04051,26,001,0,0,1,0.07732,0.082474,2.1,0.586363971,0.0,1.176154613,264,1056,-1124.15683004,,-4.531887809375,-3.9835099435227264,,4,,25.890151515151516,-1305.714569,,-4.9843964375,-4.643803886363637,,1,,5.607007575757576,4.617463266340145,,"(0.4666666666666667, 0.058823529411764705, 0.9372549019607843)",True,True,True,True,24,72,48,"(0.6666666666666666, 0.3333333333333333, 0.0)",False,,,,,False,,,,,False
264_Sn108Si156_001_001_a0.07732_b0.082474_c2.1_interface1shift2swap1,1,2,2,Sn,False,3.0303030303030303,8,-29.90800429,-34.349418,-0.0339,0.0339,18,001,0,0,1,Si,False,8,-42.60220066,-45.400925,-0.04051,0.04051,26,001,0,0,1,0.07732,0.082474,2.1,0.586363971,0.0,1.176154613,264,1056,-1116.88576492,-1230.076648,-4.531887809375,-3.955968030189393,-4.357296609848485,4,,24.53409090909091,-1307.786421,,-4.9843964375,-4.651651810606061,,1,,3.4820075757575757,7.045961381561056,,"(0.4666666666666667, 0.058823529411764705, 0.9372549019607843)",True,True,True,True,82,30,52,"(0.6313725490196078, 0.36470588235294116, 0.0)",True,9,7,2,"(0.2196078431372549, 0.7764705882352941, 0.0)",False,,,,,False
168_Sn72Ge96_011_011_a0.117117_b0.537975_c2.163935_interface4shift2,4,2,2,Sn,False,4.761904761904762,8,-29.90800429,-34.349418,-0.02397,0.02397,12,011,0,1,1,Ge,False,8,-35.08485951,-38.831661,-0.0275,0.0275,16,011,0,1,1,0.117117,0.537975,2.163935,0.675974071,0.0,1.356506348,168,672,-675.08095299,-755.058173,-4.062053987500001,-3.6314767213690478,-4.058792226190476,4,,7.892857142857143,-766.074183,,-4.5738174375,-4.124363714285714,,1,,2.419642857142857,3.2619926199261995,,"(0.4470588235294118, 0.09411764705882353, 0.9019607843137255)",True,False,True,True,115,138,23,"(0.16470588235294117, 0.8313725490196079, 0.0)",True,38,37,1,"(0.023529411764705882, 0.9725490196078431, 0.0)",False,,,,,False
336_Sn144Ge192_011_011_a0.07732_b0.268041_c2.163935_interface2shift7,2,7,7,Sn,False,2.380952380952381,8,-29.90800429,-34.349418,-0.02397,0.02397,24,011,0,1,1,Ge,False,8,-35.08485951,-38.831661,-0.0275,0.0275,32,011,0,1,1,0.07732,0.268041,2.163935,0.675972462,0.0,1.356506348,336,1344,,,,,,4,,,,,,,,1,,,,,,True,False,False,False,,,,,False,,,,,False,,,,,
168_Sn72Ge96_111_111_a0.012658_b0.183544_c2.262295_interface5shift6,5,6,6,Sn,False,4.761904761904762,8,-29.90800429,-34.349418,-0.02936,0.02936,12,111,1,1,1,Ge,False,8,-35.08485951,-38.831661,-0.03367,0.03367,16,111,1,1,1,0.012658,0.183544,2.262295,0.675974071,0.0,1.356506348,168,672,-681.67780887,-766.223451,-4.062053987500001,-3.670743720654762,-4.125252214285713,4,,13.857142857142858,-768.484889,,-4.5738174375,-4.138713154761904,,1,,0.9925595238095238,13.961019490254873,,"(0.4470588235294118, 0.09411764705882353, 0.9019607843137255)",True,False,True,True,106,117,11,"(0.09019607843137255, 0.9058823529411765, 0.0)",True,29,29,0,"(0.0, 1.0, 0.0)",False,,,,,False
48_Sn48_001_122_a0.0_b0.0_c0.0_interface10shift1,10,1,1,Sn,False,16.666666666666664,8,-29.90800429,-34.349418,-0.0339,0.0339,6,001,0,0,1,Sn,False,8,-29.90800429,-34.349418,-0.04167,0.04167,2,122,1,2,2,0.0,0.0,0.0,0.0,0.0,0.0,48,192,332.47759566,211.019085,-3.73850053625,8.172783421666667,5.8274566875,4,,5.75,-206.568797,,-4.29367725,-2.8722908541666663,,1,,2.9895833333333335,1.9233449477351916,,"(0.32941176470588235, 0.32941176470588235, 0.6666666666666666)",False,False,False,True,169,153,16,"(0.09411764705882353, 0.9019607843137255, 0.0)",True,92,89,3,"(0.03137254901960784, 0.9647058823529412, 0.0)",False,,,,,False
264_Sn108Si156_001_001_a0.07732_b0.082474_c2.1_interface2shift1swap1,2,1,1,Sn,False,3.0303030303030303,8,-29.90800429,-34.349418,-0.0339,0.0339,18,001,0,0,1,Si,False,8,-42.60220066,-45.400925,-0.04051,0.04051,26,001,0,0,1,0.07732,0.082474,2.1,0.586363971,0.0,1.176154613,264,1056,-1116.95123615,,-4.531887809375,-3.956216027272727,,4,,24.696969696969695,-1307.181686,,-4.9843964375,-4.649361147727273,,1,,3.877840909090909,6.368742368742368,,"(0.4666666666666667, 0.058823529411764705, 0.9372549019607843)",True,True,True,True,81,38,43,"(0.5294117647058824, 0.4666666666666667, 0.0)",False,,,,,False,,,,,False
264_Sn108Si156_001_001_a0.07732_b0.082474_c2.1_interface2shift6swap7,2,6,6,Sn,False,3.0303030303030303,8,-29.90800429,-34.349418,-0.0339,0.0339,18,001,0,0,1,Si,False,8,-42.60220066,-45.400925,-0.04051,0.04051,26,001,0,0,1,0.07732,0.082474,2.1,0.586363971,0.0,1.176154613,264,1056,,,,,,4,,,-1306.374793,,-4.9843964375,-4.646304734848485,,1,,5.107954545454546,,,,True,True,False,False,,,,,False,,,,,False,,,,,False
96_Sn48Ge48_112_013_a0.324324_b0.912568_c1.385736_interface6shift5,6,5,5,Sn,False,8.333333333333332,8,-29.90800429,-34.349418,-0.04152,0.04152,8,112,1,1,2,Ge,False,8,-35.08485951,-38.831661,-0.04167,0.04167,8,013,0,1,3,0.324324,0.912568,1.385736,2.520913124,0.0,1.861989498,96,384,,,,,,4,,,-429.444816,,-4.5738174375,-3.7110805937499998,,1,,2.9270833333333335,,,,True,False,False,False,,,,,False,,,,,False,,,,,False
264_Sn108Si156_001_001_a0.0_b0.0_c0.0_interface2shift1swap2,2,1,1,Sn,False,3.0303030303030303,8,-29.90800429,-34.349418,-0.0339,0.0339,18,001,0,0,1,Si,False,8,-42.60220066,-45.400925,-0.04051,0.04051,26,001,0,0,1,0.0,0.0,0.0,0.586363971,0.0,1.176154613,264,1056,980.08795484,,-4.531887809375,3.9871142416287877,,4,,82.64772727272727,,,,,,1,,,,,,False,True,False,False,,,,,False,,,,,False,,,,,
264_Sn108Si156_001_001_a0.07732_b0.082474_c2.1_interface1shift2swap4,1,2,2,Sn,False,3.0303030303030303,8,-29.90800429,-34.349418,-0.0339,0.0339,18,001,0,0,1,Si,False,8,-42.60220066,-45.400925,-0.04051,0.04051,26,001,0,0,1,0.07732,0.082474,2.1,0.586363971,0.0,1.176154613,264,1056,-1121.40923253,-1232.632399,-4.531887809375,-3.9731023771969696,-4.366977484848485,4,,23.96590909090909,-1307.48207,,-4.9843964375,-4.650498965909091,,1,,4.2206439393939394,5.678258918555081,,"(0.4666666666666667, 0.058823529411764705, 0.9372549019607843)",True,True,True,True,55,34,21,"(0.3803921568627451, 0.615686274509804, 0.0)",True,4,4,0,"(0.0, 1.0, 0.0)",False,,,,,False
168_Sn72Ge96_011_011_a0.689873_b0.072165_c2.065575_interface3shift6,3,6,6,Sn,False,4.761904761904762,8,-29.90800429,-34.349418,-0.02397,0.02397,12,011,0,1,1,Ge,False,8,-35.08485951,-38.831661,-0.0275,0.0275,16,011,0,1,1,0.689873,0.072165,2.065575,0.675974071,0.0,1.356506348,168,672,-668.65016758,-749.452589,-4.062053987500001,-3.5931982367857143,-4.025425654761905,4,,14.30952380952381,-768.156105,,-4.5738174375,-4.136756107142857,,1,,7.879464285714286,1.816052880075543,,"(0.4470588235294118, 0.09411764705882353, 0.9019607843137255)",True,False,True,True,127,124,3,"(0.023529411764705882, 0.9725490196078431, 0.0)",True,50,50,0,"(0.0, 1.0, 0.0)",False,,,,,False
264_Sn108Si156_001_001_a0.0_b0.0_c0.0_interface2shift1swap8,2,1,1,Sn,False,3.0303030303030303,8,-29.90800429,-34.349418,-0.0339,0.0339,18,001,0,0,1,Si,False,8,-42.60220066,-45.400925,-0.04051,0.04051,26,001,0,0,1,0.0,0.0,0.0,0.586363971,0.0,1.176154613,264,1056,1214.27956913,,-4.531887809375,4.87420368969697,,4,,78.50757575757575,,,,,,1,,,,,,False,True,False,False,,,,,False,,,,,False,,,,,
48_Sn24Ge24_012_125_a0.372093_b0.453608_c1.490206_interface12shift5,12,5,5,Sn,False,16.666666666666664,8,-29.90800429,-34.349418,-0.04167,0.04167,4,012,0,1,2,Ge,False,8,-35.08485951,-38.831661,-0.04167,0.04167,4,125,1,2,5,0.372093,0.453608,1.490206,3.610095024,0.581727207,6.898111343,48,192,-157.20819915,-186.61224,-4.062053987500001,-1.9211528197916667,-2.363149187500001,4,,5.4375,-209.221359,,-4.5738174375,-2.8341724999999998,,1,,4.489583333333333,1.211136890951276,,"(0.32941176470588235, 0.32941176470588235, 0.6666666666666666)",True,False,True,True,137,163,26,"(0.1568627450980392, 0.8392156862745098, 0.0)",True,60,59,1,"(0.01568627450980392, 0.9803921568627451, 0.0)",False,,,,,False
264_Sn108Si156_001_001_a0.07732_b0.082474_c2.1_interface2shift6swap4,2,6,6,Sn,False,3.0303030303030303,8,-29.90800429,-34.349418,-0.0339,0.0339,18,001,0,0,1,Si,False,8,-42.60220066,-45.400925,-0.04051,0.04051,26,001,0,0,1,0.07732,0.082474,2.1,0.586363971,0.0,1.176154613,264,1056,,,,,,4,,,-1306.676468,,-4.9843964375,-4.647447443181819,,1,,3.1079545454545454,,,,True,True,False,False,,,,,False,,,,,False,,,,,False
48_Sn48_114_114_a0.0_b0.0_c0.0_interface1shift1swap3,1,1,1,Sn,False,16.666666666666664,8,-29.90800429,-34.349418,-0.04167,0.04167,4,114,1,1,4,Sn,False,8,-29.90800429,-34.349418,-0.04167,0.04167,4,114,1,1,4,0.0,0.0,0.0,0.0,0.0,0.0,48,192,-493.92068909,,-3.73850053625,-9.043847510625,,4,,9.895833333333334,-34.801001,,-4.29367725,0.7062048958333333,,1,,4.578125,2.1615472127417523,,"(0.32941176470588235, 0.32941176470588235, 0.6666666666666666)",False,True,True,True,,,,,False,,,,,False,,,,,True
264_Sn108Si156_001_001_a0.07732_b0.082474_c2.1_interface2shift2swap5,2,2,2,Sn,False,3.0303030303030303,8,-29.90800429,-34.349418,-0.0339,0.0339,18,001,0,0,1,Si,False,8,-42.60220066,-45.400925,-0.04051,0.04051,26,001,0,0,1,0.07732,0.082474,2.1,0.586363971,0.0,1.176154613,264,1056,-1121.81568067,,-4.531887809375,-3.9746419534848476,,4,,26.079545454545453,-1304.752945,,-4.9843964375,-4.6401613712121215,,1,,2.8077651515151514,9.288364249578414,,"(0.4666666666666667, 0.058823529411764705, 0.9372549019607843)",True,True,True,True,49,86,37,"(0.42745098039215684, 0.5686274509803921, 0.0)",False,,,,,False,,,,,False
264_Sn108Si156_001_001_a0.07732_b0.082474_c2.1_interface2shift5swap3,2,5,5,Sn,False,3.0303030303030303,8,-29.90800429,-34.349418,-0.0339,0.0339,18,001,0,0,1,Si,False,8,-42.60220066,-45.400925,-0.04051,0.04051,26,001,0,0,1,0.07732,0.082474,2.1,0.586363971,0.0,1.176154613,264,1056,,,,,,4,,,-1305.512139,,-4.9843964375,-4.643037106060606,,1,,5.453598484848484,,,,True,True,False,False,,,,,False,,,,,False,,,,,False
264_Sn108Si156_001_001_a0.07732_b0.082474_c2.1_interface2shift5swap7,2,5,5,Sn,False,3.0303030303030303,8,-29.90800429,-34.349418,-0.0339,0.0339,18,001,0,0,1,Si,False,8,-42.60220066,-45.400925,-0.04051,0.04051,26,001,0,0,1,0.07732,0.082474,2.1,0.586363971,0.0,1.176154613,264,1056,,,,,,4,,,-1305.685962,,-4.9843964375,-4.643695526515152,,1,,4.423295454545454,,,,True,True,False,False,,,,,False,,,,,False,,,,,False
96_Sn48Si48_111_112_a0.0_b0.0_c0.0_interface3shift1,3,1,1,Sn,False,8.333333333333332,8,-29.90800429,-34.349418,-0.02936,0.02936,8,111,1,1,1,Si,False,8,-42.60220066,-45.400925,-0.04167,0.04167,8,112,1,1,2,0.0,0.0,0.0,3.35974741,0.0,0.941371918,96,384,,,,,,4,,,-466.770243,,-4.9843964375,-4.031457291666666,,1,,5.716145833333333,,,,False,False,False,False,,,,,False,,,,,False,,,,,False
60_Sn24Si36_012_012_a0.0_b0.0_c0.0_interface10shift1,10,1,1,Sn,False,13.333333333333334,8,-29.90800429,-34.349418,-0.04167,0.04167,4,012,0,1,2,Si,False,8,-42.60220066,-45.400925,-0.04167,0.04167,6,012,0,1,2,0.0,0.0,0.0,2.502466679,0.0,5.067539215,60,240,344.78657987,673.848458,-4.531887809375,6.954946413666667,12.559980016666668,4,,11.166666666666666,-298.018926,,-4.9843964375,-3.6378097166666667,,1,,4.091666666666667,2.7291242362525456,,"(0.36470588235294116, 0.26666666666666666, 0.7333333333333333)",False,False,False,True,167,143,24,"(0.1411764705882353, 0.8549019607843137, 0.0)",True,90,93,3,"(0.03137254901960784, 0.9647058823529412, 0.0)",False,,,,,False
180_Sn36Ge144_012_011_a0.340278_b0.134021_c1.887594_interface8shift5,8,5,5,Sn,False,4.444444444444445,8,-29.90800429,-34.349418,-0.04167,0.04167,6,012,0,1,2,Ge,False,8,-35.08485951,-38.831661,-0.0275,0.0275,24,011,0,1,1,0.340278,0.134021,1.887594,4.490381241,0.0,3.84477973,180,720,-733.74130849,-819.042492,-4.062053987500001,-3.715269137166667,-4.1436745166666675,4,,12.994444444444444,-838.654653,,-4.5738174375,-4.2526309666666675,,1,,1.6388888888888888,7.928813559322034,,"(0.45098039215686275, 0.08627450980392157, 0.9098039215686274)",True,False,True,True,96,108,12,"(0.10980392156862745, 0.8862745098039215, 0.0)",True,19,24,5,"(0.20784313725490197, 0.788235294117647, 0.0)",False,,,,,False
264_Sn108Si156_001_001_a0.07732_b0.082474_c2.1_interface1shift6swap7,1,6,6,Sn,False,3.0303030303030303,8,-29.90800429,-34.349418,-0.0339,0.0339,18,001,0,0,1,Si,False,8,-42.60220066,-45.400925,-0.04051,0.04051,26,001,0,0,1,0.07732,0.082474,2.1,0.586363971,0.0,1.176154613,264,1056,-1124.46285675,,-4.531887809375,-3.98466913560606,,4,,25.431818181818183,-1304.947189,,-4.9843964375,-4.6408971439393945,,1,,3.2632575757575757,7.793383633197911,,"(0.4666666666666667, 0.058823529411764705, 0.9372549019607843)",True,True,True,True,20,84,64,"(0.7607843137254902, 0.23529411764705882, 0.0)",False,,,,,False,,,,,False
264_Sn108Si156_001_001_a0.07732_b0.082474_c2.1_interface1shift3swap1,1,3,3,Sn,False,3.0303030303030303,8,-29.90800429,-34.349418,-0.0339,0.0339,18,001,0,0,1,Si,False,8,-42.60220066,-45.400925,-0.04051,0.04051,26,001,0,0,1,0.07732,0.082474,2.1,0.586363971,0.0,1.176154613,264,1056,-1122.26536875,,-4.531887809375,-3.9763453174242422,,4,,24.75378787878788,-1305.37925,,-4.9843964375,-4.642533738636364,,1,,5.610795454545454,4.411814345991561,,"(0.4666666666666667, 0.058823529411764705, 0.9372549019607843)",True,True,True,True,42,79,37,"(0.4666666666666667, 0.5294117647058824, 0.0)",False,,,,,False,,,,,False
108_Sn48Ge60_001_001_a0.317829_b0.186047_c2.2_interface9shift5,9,5,5,Sn,False,7.4074074074074066,8,-29.90800429,-34.349418,-0.0339,0.0339,8,001,0,0,1,Ge,False,8,-35.08485951,-38.831661,-0.03888,0.03888,10,001,0,0,1,0.317829,0.186047,2.2,2.520913124,0.0,4.978269577,108,432,,,,,,4,,,-488.449631,,-4.5738174375,-3.845079185185185,,1,,1.2685185185185186,,,,True,False,False,False,,,,,False,,,,,False,,,,,False
120_Sn48Si72_011_011_a0.0_b0.0_c0.0_interface15shift1,15,1,1,Sn,False,6.666666666666667,8,-29.90800429,-34.349418,-0.02397,0.02397,8,011,0,1,1,Si,False,8,-42.60220066,-45.400925,-0.02864,0.02864,12,011,0,1,1,0.0,0.0,0.0,2.502466679,0.0,5.067539215,120,480,511.50981904,5022.230088,-4.531887809375,4.86683353325,42.51650359166667,4,,16.258333333333333,-605.353645,,-4.9843964375,-4.380027516666667,,1,,5.3,3.0676100628930816,,"(0.43137254901960786, 0.13333333333333333, 0.8666666666666667)",False,False,False,True,158,95,63,"(0.396078431372549, 0.6, 0.0)",True,81,95,14,"(0.1450980392156863, 0.8509803921568627, 0.0)",False,,,,,False
264_Sn108Si156_001_001_a0.07732_b0.082474_c2.1_interface1shift8swap7,1,8,8,Sn,False,3.0303030303030303,8,-29.90800429,-34.349418,-0.0339,0.0339,18,001,0,0,1,Si,False,8,-42.60220066,-45.400925,-0.04051,0.04051,26,001,0,0,1,0.07732,0.082474,2.1,0.586363971,0.0,1.176154613,264,1056,-1122.20180254,,-4.531887809375,-3.976104536325757,,4,,24.90909090909091,-1305.663239,,-4.9843964375,-4.643609454545455,,1,,4.328598484848484,5.754539488077008,,"(0.4666666666666667, 0.058823529411764705, 0.9372549019607843)",True,True,True,True,43,75,32,"(0.4235294117647059, 0.5725490196078431, 0.0)",False,,,,,False,,,,,False
264_Sn108Si156_001_001_a0.0_b0.0_c0.0_interface2shift1,2,1,1,Sn,False,3.0303030303030303,8,-29.90800429,-34.349418,-0.0339,0.0339,18,001,0,0,1,Si,False,8,-42.60220066,-45.400925,-0.04051,0.04051,26,001,0,0,1,0.0,0.0,0.0,0.586363971,0.0,1.176154613,264,1056,1370.83542997,18231.06672,-4.531887809375,5.46721831409091,,4,,50.75,,,,,,1,,,,,,False,False,False,False,,,,,False,,,,,False,,,,,
264_Sn108Si156_001_001_a0.07732_b0.082474_c2.1_interface2shift3swap8,2,3,3,Sn,False,3.0303030303030303,8,-29.90800429,-34.349418,-0.0339,0.0339,18,001,0,0,1,Si,False,8,-42.60220066,-45.400925,-0.04051,0.04051,26,001,0,0,1,0.07732,0.082474,2.1,0.586363971,0.0,1.176154613,264,1056,,,,,,4,,,-1308.837079,,-4.9843964375,-4.6556315757575755,,1,,3.490530303030303,,,,True,True,False,False,,,,,False,,,,,False,,,,,False
180_Sn36Ge144_012_011_a0.0_b0.134021_c1.887594_interface8shift8,8,8,8,Sn,False,4.444444444444445,8,-29.90800429,-34.349418,-0.04167,0.04167,6,012,0,1,2,Ge,False,8,-35.08485951,-38.831661,-0.0275,0.0275,24,011,0,1,1,0.0,0.134021,1.887594,4.490381241,0.0,3.84477973,180,720,-733.67777377,-818.998353,-4.062053987500001,-3.7149161665,-4.1434293,4,,12.855555555555556,-838.655022,,-4.5738174375,-4.252633016666667,,1,,1.8583333333333334,6.917787742899851,,"(0.45098039215686275, 0.08627450980392157, 0.9098039215686274)",True,False,True,True,97,106,9,"(0.08235294117647059, 0.9137254901960784, 0.0)",True,20,25,5,"(0.2, 0.8, 0.0)",False,,,,,False
264_Sn108Si156_001_001_a0.07732_b0.082474_c2.1_interface2shift7,2,7,7,Sn,False,3.0303030303030303,8,-29.90800429,-34.349418,-0.0339,0.0339,18,001,0,0,1,Si,False,8,-42.60220066,-45.400925,-0.04051,0.04051,26,001,0,0,1,0.07732,0.082474,2.1,0.586363971,0.0,1.176154613,264,1056,,,,,,4,,,-1321.972719,,-4.9843964375,-4.705387787878789,,1,,3.430871212121212,,,,True,False,False,False,,,,,False,,,,,False,,,,,False
264_Sn108Si156_001_001_a0.07732_b0.082474_c2.1_interface1shift6swap4,1,6,6,Sn,False,3.0303030303030303,8,-29.90800429,-34.349418,-0.0339,0.0339,18,001,0,0,1,Si,False,8,-42.60220066,-45.400925,-0.04051,0.04051,26,001,0,0,1,0.07732,0.082474,2.1,0.586363971,0.0,1.176154613,264,1056,-1124.57878693,,-4.531887809375,-3.985108265075757,,4,,23.765151515151516,-1304.169079,,-4.9843964375,-4.637949757575758,,1,,4.486742424242424,5.296749683410722,,"(0.4666666666666667, 0.058823529411764705, 0.9372549019607843)",True,True,True,True,19,88,69,"(0.7803921568627451, 0.21568627450980393, 0.0)",False,,,,,False,,,,,False
108_Sn48Ge60_001_001_a0.224806_b0.325581_c2.2_interface10shift1,10,1,1,Sn,False,7.4074074074074066,8,-29.90800429,-34.349418,-0.0339,0.0339,8,001,0,0,1,Ge,False,8,-35.08485951,-38.831661,-0.03888,0.03888,10,001,0,0,1,0.224806,0.325581,2.2,2.520913124,0.0,4.978269577,108,432,,,,,,4,,,-488.450215,,-4.5738174375,-3.8450845925925927,,1,,1.1087962962962963,,,,True,False,False,False,,,,,False,,,,,False,,,,,False
168_Sn72Ge96_011_011_a0.117117_b0.037975_c2.163935_interface4shift7,4,7,7,Sn,False,4.761904761904762,8,-29.90800429,-34.349418,-0.02397,0.02397,12,011,0,1,1,Ge,False,8,-35.08485951,-38.831661,-0.0275,0.0275,16,011,0,1,1,0.117117,0.037975,2.163935,0.675974071,0.0,1.356506348,168,672,-675.08095451,-755.058173,-4.062053987500001,-3.6314767304166664,-4.058792226190476,4,,7.773809523809524,-766.074184,,-4.5738174375,-4.124363720238095,,1,,2.5610119047619047,3.0354445090063917,,"(0.4470588235294118, 0.09411764705882353, 0.9019607843137255)",True,False,True,True,114,137,23,"(0.16470588235294117, 0.8313725490196079, 0.0)",True,37,38,1,"(0.023529411764705882, 0.9725490196078431, 0.0)",False,,,,,False
180_Sn36Ge144_012_011_a0.840278_b0.134021_c1.887594_interface7shift6,7,6,6,Sn,False,4.444444444444445,8,-29.90800429,-34.349418,-0.04167,0.04167,6,012,0,1,2,Ge,False,8,-35.08485951,-38.831661,-0.0275,0.0275,24,011,0,1,1,0.840278,0.134021,1.887594,4.490381241,0.0,3.84477973,180,720,-733.4214445,-819.813373,-4.062053987500001,-3.713492115,-4.147957188888889,4,,12.966666666666667,-837.987933,,-4.5738174375,-4.248926966666667,,1,,2.3777777777777778,5.453271028037383,,"(0.45098039215686275, 0.08627450980392157, 0.9098039215686274)",True,False,True,True,100,111,11,"(0.09803921568627451, 0.8980392156862745, 0.0)",True,23,15,8,"(0.34509803921568627, 0.6509803921568628, 0.0)",False,,,,,False
48_Sn48_114_114_a0.0_b0.0_c0.0_interface1shift1swap4,1,1,1,Sn,False,16.666666666666664,8,-29.90800429,-34.349418,-0.04167,0.04167,4,114,1,1,4,Sn,False,8,-29.90800429,-34.349418,-0.04167,0.04167,4,114,1,1,4,0.0,0.0,0.0,0.0,0.0,0.0,48,192,-543.45471719,,-3.73850053625,-10.075806429375,,4,,6.416666666666667,-34.801001,,-4.29367725,0.7062048958333333,,1,,5.760416666666667,1.1139240506329113,,"(0.32941176470588235, 0.32941176470588235, 0.6666666666666666)",False,True,True,True,,,,,False,,,,,False,,,,,True
264_Sn108Si156_001_001_a0.07732_b0.082474_c2.1_interface2shift7swap6,2,7,7,Sn,False,3.0303030303030303,8,-29.90800429,-34.349418,-0.0339,0.0339,18,001,0,0,1,Si,False,8,-42.60220066,-45.400925,-0.04051,0.04051,26,001,0,0,1,0.07732,0.082474,2.1,0.586363971,0.0,1.176154613,264,1056,,,,,,4,,,,,,,,1,,,,,,True,True,False,False,,,,,False,,,,,False,,,,,
264_Sn108Si156_001_001_a0.0_b0.0_c0.0_interface1shift1swap2,1,1,1,Sn,False,3.0303030303030303,8,-29.90800429,-34.349418,-0.0339,0.0339,18,001,0,0,1,Si,False,8,-42.60220066,-45.400925,-0.04051,0.04051,26,001,0,0,1,0.0,0.0,0.0,0.586363971,0.0,1.176154613,264,1056,981.84903307,,-4.531887809375,3.9937849925,,4,,81.95454545454545,,,,,,1,,,,,,False,True,False,False,,,,,False,,,,,False,,,,,
264_Sn108Si156_001_001_a0.07732_b0.082474_c2.1_interface1shift5swap3,1,5,5,Sn,False,3.0303030303030303,8,-29.90800429,-34.349418,-0.0339,0.0339,18,001,0,0,1,Si,False,8,-42.60220066,-45.400925,-0.04051,0.04051,26,001,0,0,1,0.07732,0.082474,2.1,0.586363971,0.0,1.176154613,264,1056,-1123.68643295,,-4.531887809375,-3.9817281363636354,,4,,24.78409090909091,-1305.882502,,-4.9843964375,-4.644439996212121,,1,,5.708333333333333,4.341738553417386,,"(0.4666666666666667, 0.058823529411764705, 0.9372549019607843)",True,True,True,True,26,66,40,"(0.6039215686274509, 0.39215686274509803, 0.0)",False,,,,,False,,,,,False
216_Sn72Si144_001_011_a0.0_b0.0_c0.0_interface7shift1,7,1,1,Sn,False,3.7037037037037033,8,-29.90800429,-34.349418,-0.0339,0.0339,12,001,0,0,1,Si,False,8,-42.60220066,-45.400925,-0.02864,0.02864,24,011,0,1,1,0.0,0.0,0.0,3.359757662,0.0,0.941377878,216,864,2573.80635039,132753.957785,-4.531887809375,12.25146553398148,614.970870962963,4,,46.083333333333336,-1108.581601,,-4.9843964375,-4.7631076759259265,,1,,6.641203703703703,6.939003136981527,,"(0.4588235294117647, 0.07058823529411765, 0.9254901960784314)",False,False,False,True,174,1,173,"(0.9921568627450981, 0.00392156862745098, 0.0)",True,97,97,0,"(0.0, 1.0, 0.0)",False,,,,,False
48_Sn48_001_122_a0.0_b0.0_c0.0_interface7shift1,7,1,1,Sn,False,16.666666666666664,8,-29.90800429,-34.349418,-0.0339,0.0339,6,001,0,0,1,Sn,False,8,-29.90800429,-34.349418,-0.04167,0.04167,2,122,1,2,2,0.0,0.0,0.0,0.0,0.0,0.0,48,192,254.64816563,150.168355,-3.73850053625,6.5513369627083335,4.5597331458333334,4,,6.875,-206.950655,,-4.29367725,-2.880246229166667,,1,,4.208333333333333,1.6336633663366338,,"(0.32941176470588235, 0.32941176470588235, 0.6666666666666666)",False,False,False,True,162,148,14,"(0.08627450980392157, 0.9098039215686274, 0.0)",True,85,86,1,"(0.00784313725490196, 0.9882352941176471, 0.0)",False,,,,,False
120_Sn48Si72_011_011_a0.0_b0.0_c0.0_interface13shift1,13,1,1,Sn,False,6.666666666666667,8,-29.90800429,-34.349418,-0.02397,0.02397,8,011,0,1,1,Si,False,8,-42.60220066,-45.400925,-0.02864,0.02864,12,011,0,1,1,0.0,0.0,0.0,2.502466679,0.0,5.067539215,120,480,265.98556248,12.799881,-4.531887809375,2.820798061916667,0.7712518666666667,4,,7.766666666666667,-608.336188,,-4.9843964375,-4.404882041666666,,1,,10.614583333333334,0.7316977428851815,,"(0.43137254901960786, 0.13333333333333333, 0.8666666666666667)",False,False,False,True,151,91,60,"(0.396078431372549, 0.6, 0.0)",True,74,71,3,"(0.0392156862745098, 0.9568627450980393, 0.0)",False,,,,,False
264_Sn108Si156_001_001_a0.0_b0.0_c0.0_interface1shift1swap3,1,1,1,Sn,False,3.0303030303030303,8,-29.90800429,-34.349418,-0.0339,0.0339,18,001,0,0,1,Si,False,8,-42.60220066,-45.400925,-0.04051,0.04051,26,001,0,0,1,0.0,0.0,0.0,0.586363971,0.0,1.176154613,264,1056,498.31445319,,-4.531887809375,2.1622146141666665,,4,,78.52272727272727,,,,,,1,,,,,,False,True,False,False,,,,,False,,,,,False,,,,,
264_Sn108Si156_001_001_a0.07732_b0.082474_c2.1_interface2shift5swap8,2,5,5,Sn,False,3.0303030303030303,8,-29.90800429,-34.349418,-0.0339,0.0339,18,001,0,0,1,Si,False,8,-42.60220066,-45.400925,-0.04051,0.04051,26,001,0,0,1,0.07732,0.082474,2.1,0.586363971,0.0,1.176154613,264,1056,,,,,,4,,,-1308.26929,,-4.9843964375,-4.653480859848485,,1,,4.081439393939394,,,,True,True,False,False,,,,,False,,,,,False,,,,,False
336_Sn144Ge192_011_011_a0.582474_b0.103093_c2.163935_interface2shift3,2,3,3,Sn,False,2.380952380952381,8,-29.90800429,-34.349418,-0.02397,0.02397,24,011,0,1,1,Ge,False,8,-35.08485951,-38.831661,-0.0275,0.0275,32,011,0,1,1,0.582474,0.103093,2.163935,0.675972462,0.0,1.356506348,336,1344,,,,,,4,,,,,,,,1,,,,,,True,False,False,False,,,,,False,,,,,False,,,,,
264_Sn108Si156_001_001_a0.0_b0.0_c0.0_interface2shift1swap1,2,1,1,Sn,False,3.0303030303030303,8,-29.90800429,-34.349418,-0.0339,0.0339,18,001,0,0,1,Si,False,8,-42.60220066,-45.400925,-0.04051,0.04051,26,001,0,0,1,0.0,0.0,0.0,0.586363971,0.0,1.176154613,264,1056,47.18901643,,-4.531887809375,0.45340614159090914,,4,,83.93560606060606,-275.491623,,-4.9843964375,-0.7414442424242423,,1,,3.3380681818181817,25.144964539007095,,"(0.4666666666666667, 0.058823529411764705, 0.9372549019607843)",False,True,True,True,,,,,False,,,,,False,,,,,True
264_Sn108Si156_001_001_a0.07732_b0.082474_c2.1_interface1shift5swap8,1,5,5,Sn,False,3.0303030303030303,8,-29.90800429,-34.349418,-0.0339,0.0339,18,001,0,0,1,Si,False,8,-42.60220066,-45.400925,-0.04051,0.04051,26,001,0,0,1,0.07732,0.082474,2.1,0.586363971,0.0,1.176154613,264,1056,-1119.42742325,,-4.531887809375,-3.9655955238636356,,4,,25.62121212121212,-1308.147409,,-4.9843964375,-4.653019189393939,,1,,3.9071969696969697,6.5574406204556475,,"(0.4666666666666667, 0.058823529411764705, 0.9372549019607843)",True,True,True,True,69,27,42,"(0.6078431372549019, 0.38823529411764707, 0.0)",False,,,,,False,,,,,False
48_Sn24Ge24_012_125_a0.372093_b0.510309_c1.490206_interface13shift4,13,4,4,Sn,False,16.666666666666664,8,-29.90800429,-34.349418,-0.04167,0.04167,4,012,0,1,2,Ge,False,8,-35.08485951,-38.831661,-0.04167,0.04167,4,125,1,2,5,0.372093,0.510309,1.490206,3.610095024,0.581727207,6.898111343,48,192,-157.61811577,-187.187159,-4.062053987500001,-1.9296927493749998,-2.3751266666666666,4,,5.479166666666667,-208.555363,,-4.5738174375,-2.8202975833333332,,1,,2.0989583333333335,2.6104218362282876,,"(0.32941176470588235, 0.32941176470588235, 0.6666666666666666)",True,False,True,True,134,170,36,"(0.21176470588235294, 0.788235294117647, 0.0)",True,57,55,2,"(0.03137254901960784, 0.9647058823529412, 0.0)",False,,,,,False
108_Sn48Ge60_001_001_a0.147287_b0.721311_c2.2_interface11shift7,11,7,7,Sn,False,7.4074074074074066,8,-29.90800429,-34.349418,-0.0339,0.0339,8,001,0,0,1,Ge,False,8,-35.08485951,-38.831661,-0.03888,0.03888,10,001,0,0,1,0.147287,0.721311,2.2,2.520913124,0.0,4.978281021,108,432,,,,,,4,,,-488.45037,,-4.5738174375,-3.845086027777778,,1,,1.1990740740740742,,,,True,False,False,False,,,,,False,,,,,False,,,,,False
264_Sn108Si156_001_001_a0.07732_b0.082474_c2.1_interface1shift3swap5,1,3,3,Sn,False,3.0303030303030303,8,-29.90800429,-34.349418,-0.0339,0.0339,18,001,0,0,1,Si,False,8,-42.60220066,-45.400925,-0.04051,0.04051,26,001,0,0,1,0.07732,0.082474,2.1,0.586363971,0.0,1.176154613,264,1056,-1120.54995353,,-4.531887809375,-3.9698475324999998,,4,,25.670454545454547,-1307.333195,,-4.9843964375,-4.649935045454545,,1,,3.6988636363636362,6.940092165898618,,"(0.4666666666666667, 0.058823529411764705, 0.9372549019607843)",True,True,True,True,62,36,26,"(0.41568627450980394, 0.5803921568627451, 0.0)",False,,,,,False,,,,,False
108_Sn48Ge60_001_001_a0.379845_b0.379845_c2.2_interface10shift8,10,8,8,Sn,False,7.4074074074074066,8,-29.90800429,-34.349418,-0.0339,0.0339,8,001,0,0,1,Ge,False,8,-35.08485951,-38.831661,-0.03888,0.03888,10,001,0,0,1,0.379845,0.379845,2.2,2.520913124,0.0,4.978269577,108,432,,,,,,4,,,-488.44761,,-4.5738174375,-3.845060472222222,,1,,1.2893518518518519,,,,True,False,False,False,,,,,False,,,,,False,,,,,False
48_Sn24Ge24_012_125_a0.356589_b0.448454_c1.490206_interface12shift1,12,1,1,Sn,False,16.666666666666664,8,-29.90800429,-34.349418,-0.04167,0.04167,4,012,0,1,2,Ge,False,8,-35.08485951,-38.831661,-0.04167,0.04167,4,125,1,2,5,0.356589,0.448454,1.490206,3.610095024,0.581727207,6.898111343,48,192,-157.21699383,-186.693278,-4.062053987500001,-1.9213360422916665,-2.364837479166667,4,,5.416666666666667,-208.655286,,-4.5738174375,-2.8223793124999994,,1,,3.8385416666666665,1.4111261872455905,,"(0.32941176470588235, 0.32941176470588235, 0.6666666666666666)",True,False,True,True,136,169,33,"(0.19215686274509805, 0.803921568627451, 0.0)",True,59,58,1,"(0.01568627450980392, 0.9803921568627451, 0.0)",False,,,,,False
108_Sn48Ge60_001_001_a0.72093_b0.395349_c2.2_interface9shift7,9,7,7,Sn,False,7.4074074074074066,8,-29.90800429,-34.349418,-0.0339,0.0339,8,001,0,0,1,Ge,False,8,-35.08485951,-38.831661,-0.03888,0.03888,10,001,0,0,1,0.72093,0.395349,2.2,2.520913124,0.0,4.978269577,108,432,,,,,,4,,,-488.449112,,-4.5738174375,-3.84507437962963,,1,,1.1967592592592593,,,,True,False,False,False,,,,,False,,,,,False,,,,,False
168_Sn72Ge96_111_111_a0.518987_b0.183544_c2.262295_interface5shift2,5,2,2,Sn,False,4.761904761904762,8,-29.90800429,-34.349418,-0.02936,0.02936,12,111,1,1,1,Ge,False,8,-35.08485951,-38.831661,-0.03367,0.03367,16,111,1,1,1,0.518987,0.183544,2.262295,0.675974071,0.0,1.356506348,168,672,-681.63717229,-766.185471,-4.062053987500001,-3.6705018362499997,-4.125026142857143,4,,13.946428571428571,-768.479717,,-4.5738174375,-4.138682369047619,,1,,0.8229166666666666,16.94755877034358,,"(0.4470588235294118, 0.09411764705882353, 0.9019607843137255)",True,False,True,True,111,122,11,"(0.08627450980392157, 0.9098039215686274, 0.0)",True,34,34,0,"(0.0, 1.0, 0.0)",False,,,,,False
108_Sn48Ge60_001_001_a0.627907_b0.124031_c2.2_interface10shift3,10,3,3,Sn,False,7.4074074074074066,8,-29.90800429,-34.349418,-0.0339,0.0339,8,001,0,0,1,Ge,False,8,-35.08485951,-38.831661,-0.03888,0.03888,10,001,0,0,1,0.627907,0.124031,2.2,2.520913124,0.0,4.978269577,108,432,,,,,,4,,,-488.44897,,-4.5738174375,-3.8450730648148146,,1,,1.1319444444444444,,,,True,False,False,False,,,,,False,,,,,False,,,,,False
264_Sn108Si156_001_001_a0.07732_b0.082474_c2.1_interface1shift4,1,4,4,Sn,False,3.0303030303030303,8,-29.90800429,-34.349418,-0.0339,0.0339,18,001,0,0,1,Si,False,8,-42.60220066,-45.400925,-0.04051,0.04051,26,001,0,0,1,0.07732,0.082474,2.1,0.586363971,0.0,1.176154613,264,1056,-1173.58612561,,-4.531887809375,-4.17074212371212,,4,,21.91287878787879,-1321.39508,,-4.9843964375,-4.703199761363637,,1,,2.8020833333333335,7.8202095302467045,,"(0.4666666666666667, 0.058823529411764705, 0.9372549019607843)",True,False,True,True,4,11,7,"(0.6352941176470588, 0.3607843137254902, 0.0)",False,,,,,False,,,,,False
264_Sn108Si156_001_001_a0.07732_b0.082474_c2.1_interface2shift6swap8,2,6,6,Sn,False,3.0303030303030303,8,-29.90800429,-34.349418,-0.0339,0.0339,18,001,0,0,1,Si,False,8,-42.60220066,-45.400925,-0.04051,0.04051,26,001,0,0,1,0.07732,0.082474,2.1,0.586363971,0.0,1.176154613,264,1056,,,,,,4,,,-1307.804719,,-4.9843964375,-4.6517211212121214,,1,,3.819128787878788,,,,True,True,False,False,,,,,False,,,,,False,,,,,False
264_Sn108Si156_001_001_a0.07732_b0.082474_c2.1_interface2shift3,2,3,3,Sn,False,3.0303030303030303,8,-29.90800429,-34.349418,-0.0339,0.0339,18,001,0,0,1,Si,False,8,-42.60220066,-45.400925,-0.04051,0.04051,26,001,0,0,1,0.07732,0.082474,2.1,0.586363971,0.0,1.176154613,264,1056,,,,,,4,,,-1321.398388,,-4.9843964375,-4.703212291666667,,1,,2.6581439393939394,,,,True,False,False,False,,,,,False,,,,,False,,,,,False
48_Sn24Ge24_012_125_a0.0_b0.0_c0.0_interface12shift1,12,1,1,Sn,False,16.666666666666664,8,-29.90800429,-34.349418,-0.04167,0.04167,4,012,0,1,2,Ge,False,8,-35.08485951,-38.831661,-0.04167,0.04167,4,125,1,2,5,0.0,0.0,0.0,3.610095024,0.581727207,6.898111343,48,192,614.18457447,342.28358,-4.062053987500001,14.149529963958335,8.655513729166666,4,,6.958333333333333,-216.060269,,-4.5738174375,-2.9766497916666665,,1,,4.338541666666667,1.6038415366146457,,"(0.32941176470588235, 0.32941176470588235, 0.6666666666666666)",False,False,False,True,175,146,29,"(0.16470588235294117, 0.8313725490196079, 0.0)",True,98,91,7,"(0.07058823529411765, 0.9254901960784314, 0.0)",False,,,,,False
264_Sn108Si156_001_001_a0.07732_b0.082474_c2.1_interface1shift1swap7,1,1,1,Sn,False,3.0303030303030303,8,-29.90800429,-34.349418,-0.0339,0.0339,18,001,0,0,1,Si,False,8,-42.60220066,-45.400925,-0.04051,0.04051,26,001,0,0,1,0.07732,0.082474,2.1,0.586363971,0.0,1.176154613,264,1056,-1122.28330727,,-4.531887809375,-3.976413266363636,,4,,24.674242424242426,,,,,,1,,,,,,True,True,False,False,,,,,False,,,,,False,,,,,
108_Sn48Ge60_001_001_a0.821705_b0.193798_c2.2_interface9shift2,9,2,2,Sn,False,7.4074074074074066,8,-29.90800429,-34.349418,-0.0339,0.0339,8,001,0,0,1,Ge,False,8,-35.08485951,-38.831661,-0.03888,0.03888,10,001,0,0,1,0.821705,0.193798,2.2,2.520913124,0.0,4.978269577,108,432,,,,,,4,,,-488.449516,,-4.5738174375,-3.8450781203703706,,1,,1.1875,,,,True,False,False,False,,,,,False,,,,,False,,,,,False
24_Sn24_001_001_a0.0_b0.0_c0.0_interface9shift1swap1,9,1,1,Sn,False,33.33333333333333,8,-29.90800429,-34.349418,-0.0339,0.0339,2,001,0,0,1,Sn,False,8,-29.90800429,-34.349418,-0.0339,0.0339,2,001,0,0,1,0.0,0.0,0.0,0.0,0.0,0.0,24,96,136.64447858,56.594064,-3.73850053625,8.185853631666667,5.2205375,4,,3.625,-87.099019,,-4.29367725,-0.7666742916666666,,1,,0.8229166666666666,4.405063291139241,,"(0.16470588235294117, 0.6627450980392157, 0.3333333333333333)",False,True,False,True,172,175,3,"(0.01568627450980392, 0.9803921568627451, 0.0)",True,95,88,7,"(0.07058823529411765, 0.9254901960784314, 0.0)",False,,,,,False
264_Sn108Si156_001_001_a0.07732_b0.082474_c2.1_interface2shift7swap3,2,7,7,Sn,False,3.0303030303030303,8,-29.90800429,-34.349418,-0.0339,0.0339,18,001,0,0,1,Si,False,8,-42.60220066,-45.400925,-0.04051,0.04051,26,001,0,0,1,0.07732,0.082474,2.1,0.586363971,0.0,1.176154613,264,1056,,,,,,4,,,-1306.152582,,-4.9843964375,-4.645463026515151,,1,,4.613636363636363,,,,True,True,False,False,,,,,False,,,,,False,,,,,False
108_Sn48Ge60_001_001_a0.0_b0.0_c0.0_interface9shift1,9,1,1,Sn,False,7.4074074074074066,8,-29.90800429,-34.349418,-0.0339,0.0339,8,001,0,0,1,Ge,False,8,-35.08485951,-38.831661,-0.03888,0.03888,10,001,0,0,1,0.0,0.0,0.0,2.520913124,0.0,4.978269577,108,432,,,,,,4,,,,,,,,1,,,,,,False,False,False,False,,,,,False,,,,,False,,,,,
264_Sn108Si156_001_001_a0.07732_b0.082474_c2.1_interface1shift7swap4,1,7,7,Sn,False,3.0303030303030303,8,-29.90800429,-34.349418,-0.0339,0.0339,18,001,0,0,1,Si,False,8,-42.60220066,-45.400925,-0.04051,0.04051,26,001,0,0,1,0.07732,0.082474,2.1,0.586363971,0.0,1.176154613,264,1056,-1124.67447501,,-4.531887809375,-3.985470719924242,,4,,24.825757575757574,-1306.732754,,-4.9843964375,-4.647660647727274,,1,,6.25,3.9721212121212117,,"(0.4666666666666667, 0.058823529411764705, 0.9372549019607843)",True,True,True,True,15,45,30,"(0.6666666666666666, 0.3333333333333333, 0.0)",False,,,,,False,,,,,False
108_Sn48Ge60_001_001_a0.0_b0.0_c0.0_interface11shift1,11,1,1,Sn,False,7.4074074074074066,8,-29.90800429,-34.349418,-0.0339,0.0339,8,001,0,0,1,Ge,False,8,-35.08485951,-38.831661,-0.03888,0.03888,10,001,0,0,1,0.0,0.0,0.0,2.520913124,0.0,4.978281021,108,432,,,,,,4,,,,,,,,1,,,,,,False,False,False,False,,,,,False,,,,,False,,,,,
264_Sn108Si156_001_001_a0.07732_b0.082474_c2.1_interface2shift1swap5,2,1,1,Sn,False,3.0303030303030303,8,-29.90800429,-34.349418,-0.0339,0.0339,18,001,0,0,1,Si,False,8,-42.60220066,-45.400925,-0.04051,0.04051,26,001,0,0,1,0.07732,0.082474,2.1,0.586363971,0.0,1.176154613,264,1056,-1120.3969358,,-4.531887809375,-3.969267919886363,,4,,24.583333333333332,-1309.183102,,-4.9843964375,-4.656942268939394,,1,,4.534090909090909,5.421888053467001,,"(0.4666666666666667, 0.058823529411764705, 0.9372549019607843)",True,True,True,True,63,20,43,"(0.6823529411764706, 0.3137254901960784, 0.0)",False,,,,,False,,,,,False
264_Sn108Si156_001_001_a0.07732_b0.082474_c2.1_interface1shift4swap5,1,4,4,Sn,False,3.0303030303030303,8,-29.90800429,-34.349418,-0.0339,0.0339,18,001,0,0,1,Si,False,8,-42.60220066,-45.400925,-0.04051,0.04051,26,001,0,0,1,0.07732,0.082474,2.1,0.586363971,0.0,1.176154613,264,1056,-1121.25485699,,-4.531887809375,-3.972517621363636,,4,,25.428030303030305,-1305.96823,,-4.9843964375,-4.644764723484848,,1,,5.143939393939394,4.943298969072165,,"(0.4666666666666667, 0.058823529411764705, 0.9372549019607843)",True,True,True,True,58,61,3,"(0.047058823529411764, 0.9490196078431372, 0.0)",False,,,,,False,,,,,False
48_Sn48_001_122_a0.0_b0.0_c0.0_interface13shift1,13,1,1,Sn,False,16.666666666666664,8,-29.90800429,-34.349418,-0.0339,0.0339,6,001,0,0,1,Sn,False,8,-29.90800429,-34.349418,-0.04167,0.04167,2,122,1,2,2,0.0,0.0,0.0,0.0,0.0,0.0,48,192,81.77172639,-2.930175,-3.73850053625,2.949744478541667,1.3701804375000002,4,,5.125,-206.859252,,-4.29367725,-2.878342,,1,,3.296875,1.5545023696682465,,"(0.32941176470588235, 0.32941176470588235, 0.6666666666666666)",False,False,False,True,153,150,3,"(0.0196078431372549, 0.9803921568627451, 0.0)",True,76,77,1,"(0.011764705882352941, 0.984313725490196, 0.0)",False,,,,,False
108_Sn48Ge60_001_001_a0.147287_b0.224044_c2.2_interface11shift2,11,2,2,Sn,False,7.4074074074074066,8,-29.90800429,-34.349418,-0.0339,0.0339,8,001,0,0,1,Ge,False,8,-35.08485951,-38.831661,-0.03888,0.03888,10,001,0,0,1,0.147287,0.224044,2.2,2.520913124,0.0,4.978281021,108,432,,,,,,4,,,-488.450351,,-4.5738174375,-3.845085851851852,,1,,1.1990740740740742,,,,True,False,False,False,,,,,False,,,,,False,,,,,False
336_Sn144Ge192_011_011_a0.448454_b0.020619_c2.163935_interface1shift2,1,2,2,Sn,False,2.380952380952381,8,-29.90800429,-34.349418,-0.02397,0.02397,24,011,0,1,1,Ge,False,8,-35.08485951,-38.831661,-0.0275,0.0275,32,011,0,1,1,0.448454,0.020619,2.163935,0.675972462,0.0,1.356506348,336,1344,,,,,,4,,,,,,,,1,,,,,,True,False,False,False,,,,,False,,,,,False,,,,,
264_Sn108Si156_001_001_a0.07732_b0.082474_c2.1_interface2shift4,2,4,4,Sn,False,3.0303030303030303,8,-29.90800429,-34.349418,-0.0339,0.0339,18,001,0,0,1,Si,False,8,-42.60220066,-45.400925,-0.04051,0.04051,26,001,0,0,1,0.07732,0.082474,2.1,0.586363971,0.0,1.176154613,264,1056,,,,,,4,,,-1321.972282,,-4.9843964375,-4.705386132575757,,1,,3.492424242424242,,,,True,False,False,False,,,,,False,,,,,False,,,,,False
288_Sn288_011_011_a0.0_b0.0_c0.0_interface2shift1swap1,2,1,1,Sn,False,2.7777777777777777,8,-29.90800429,-34.349418,-0.02397,0.02397,24,011,0,1,1,Sn,False,8,-29.90800429,-34.349418,-0.02397,0.02397,24,011,0,1,1,0.0,0.0,0.0,0.0,0.0,0.0,288,1152,,,,,,4,,,,,,,,1,,,,,,False,True,False,False,,,,,False,,,,,False,,,,,
264_Sn108Si156_001_001_a0.07732_b0.082474_c2.1_interface1shift6swap3,1,6,6,Sn,False,3.0303030303030303,8,-29.90800429,-34.349418,-0.0339,0.0339,18,001,0,0,1,Si,False,8,-42.60220066,-45.400925,-0.04051,0.04051,26,001,0,0,1,0.07732,0.082474,2.1,0.586363971,0.0,1.176154613,264,1056,-1119.56588642,,-4.531887809375,-3.966120005568181,,4,,25.613636363636363,-1307.083251,,-4.9843964375,-4.6489882878787885,,1,,3.1259469696969697,8.193880642229628,,"(0.4666666666666667, 0.058823529411764705, 0.9372549019607843)",True,True,True,True,68,40,28,"(0.4117647058823529, 0.5882352941176471, 0.0)",False,,,,,False,,,,,False
264_Sn108Si156_001_001_a0.07732_b0.082474_c2.1_interface2shift4swap4,2,4,4,Sn,False,3.0303030303030303,8,-29.90800429,-34.349418,-0.0339,0.0339,18,001,0,0,1,Si,False,8,-42.60220066,-45.400925,-0.04051,0.04051,26,001,0,0,1,0.07732,0.082474,2.1,0.586363971,0.0,1.176154613,264,1056,,,,,,4,,,-1305.698292,,-4.9843964375,-4.643742231060607,,1,,4.2518939393939394,,,,True,True,False,False,,,,,False,,,,,False,,,,,False
96_Sn48Ge48_112_013_a0.324324_b0.409836_c1.385736_interface6shift6,6,6,6,Sn,False,8.333333333333332,8,-29.90800429,-34.349418,-0.04152,0.04152,8,112,1,1,2,Ge,False,8,-35.08485951,-38.831661,-0.04167,0.04167,8,013,0,1,3,0.324324,0.409836,1.385736,2.520913124,0.0,1.861989498,96,384,,,,,,4,,,-429.326887,,-4.5738174375,-3.7098521666666664,,1,,2.7369791666666665,,,,True,False,False,False,,,,,False,,,,,False,,,,,False
48_Sn24Ge24_012_125_a0.364341_b0.453608_c1.490206_interface12shift4,12,4,4,Sn,False,16.666666666666664,8,-29.90800429,-34.349418,-0.04167,0.04167,4,012,0,1,2,Ge,False,8,-35.08485951,-38.831661,-0.04167,0.04167,4,125,1,2,5,0.364341,0.453608,1.490206,3.610095024,0.581727207,6.898111343,48,192,-158.21890045,-187.434004,-4.062053987500001,-1.9422090968749999,-2.3802692708333333,4,,5.4375,-209.23458,,-4.5738174375,-2.8344479375,,1,,2.9166666666666665,1.8642857142857143,,"(0.32941176470588235, 0.32941176470588235, 0.6666666666666666)",True,False,True,True,131,162,31,"(0.18823529411764706, 0.807843137254902, 0.0)",True,54,54,0,"(0.0, 1.0, 0.0)",False,,,,,False
264_Sn108Si156_001_001_a0.07732_b0.082474_c2.1_interface2shift3swap5,2,3,3,Sn,False,3.0303030303030303,8,-29.90800429,-34.349418,-0.0339,0.0339,18,001,0,0,1,Si,False,8,-42.60220066,-45.400925,-0.04051,0.04051,26,001,0,0,1,0.07732,0.082474,2.1,0.586363971,0.0,1.176154613,264,1056,,,,,,4,,,-1305.645334,,-4.9843964375,-4.643541632575758,,1,,4.387310606060606,,,,True,True,False,False,,,,,False,,,,,False,,,,,False
168_Sn72Ge96_011_011_a0.117117_b0.031646_c2.163935_interface4shift3,4,3,3,Sn,False,4.761904761904762,8,-29.90800429,-34.349418,-0.02397,0.02397,12,011,0,1,1,Ge,False,8,-35.08485951,-38.831661,-0.0275,0.0275,16,011,0,1,1,0.117117,0.031646,2.163935,0.675974071,0.0,1.356506348,168,672,-674.7208267,-754.956106,-4.062053987500001,-3.6293331125,-4.058184684523809,4,,7.934523809523809,-767.892587,,-4.5738174375,-4.135187547619048,,1,,6.2663690476190474,1.2662075516504394,,"(0.4470588235294118, 0.09411764705882353, 0.9019607843137255)",True,False,True,True,123,129,6,"(0.043137254901960784, 0.9529411764705882, 0.0)",True,46,44,2,"(0.043137254901960784, 0.9529411764705882, 0.0)",False,,,,,False
48_Sn48_001_122_a0.0_b0.0_c0.0_interface4shift1,4,1,1,Sn,False,16.666666666666664,8,-29.90800429,-34.349418,-0.0339,0.0339,6,001,0,0,1,Sn,False,8,-29.90800429,-34.349418,-0.04167,0.04167,2,122,1,2,2,0.0,0.0,0.0,0.0,0.0,0.0,48,192,50.58068473,-27.182903,-3.73850053625,2.299931110625,0.8649152708333334,4,,5.145833333333333,-206.668878,,-4.29367725,-2.8743758749999997,,1,,3.125,1.6466666666666665,,"(0.32941176470588235, 0.32941176470588235, 0.6666666666666666)",False,False,False,True,149,152,3,"(0.0196078431372549, 0.9764705882352941, 0.0)",True,72,73,1,"(0.011764705882352941, 0.984313725490196, 0.0)",False,,,,,False
264_Sn108Si156_001_001_a0.07732_b0.082474_c2.1_interface1shift8swap6,1,8,8,Sn,False,3.0303030303030303,8,-29.90800429,-34.349418,-0.0339,0.0339,18,001,0,0,1,Si,False,8,-42.60220066,-45.400925,-0.04051,0.04051,26,001,0,0,1,0.07732,0.082474,2.1,0.586363971,0.0,1.176154613,264,1056,-1126.3944092,,-4.531887809375,-3.99198562215909,,4,,26.515151515151516,-1306.04408,,-4.9843964375,-4.645052034090909,,1,,2.9015151515151514,9.138381201044387,,"(0.4666666666666667, 0.058823529411764705, 0.9372549019607843)",True,True,True,True,11,60,49,"(0.8156862745098039, 0.1803921568627451, 0.0)",False,,,,,False,,,,,False
264_Sn108Si156_001_001_a0.07732_b0.082474_c2.1_interface1shift1swap4,1,1,1,Sn,False,3.0303030303030303,8,-29.90800429,-34.349418,-0.0339,0.0339,18,001,0,0,1,Si,False,8,-42.60220066,-45.400925,-0.04051,0.04051,26,001,0,0,1,0.07732,0.082474,2.1,0.586363971,0.0,1.176154613,264,1056,-1120.84764024,-1232.086312,-4.531887809375,-3.9709751336742416,-4.364908973484848,4,,24.87878787878788,-1307.366573,,-4.9843964375,-4.650061477272728,,1,,2.665719696969697,9.332859680284193,,"(0.4666666666666667, 0.058823529411764705, 0.9372549019607843)",True,True,True,True,60,35,25,"(0.41568627450980394, 0.5803921568627451, 0.0)",True,5,5,0,"(0.0, 1.0, 0.0)",False,,,,,False
264_Sn108Si156_001_001_a0.07732_b0.082474_c2.1_interface2shift2swap4,2,2,2,Sn,False,3.0303030303030303,8,-29.90800429,-34.349418,-0.0339,0.0339,18,001,0,0,1,Si,False,8,-42.60220066,-45.400925,-0.04051,0.04051,26,001,0,0,1,0.07732,0.082474,2.1,0.586363971,0.0,1.176154613,264,1056,-1123.01010561,,-4.531887809375,-3.9791662903787874,,4,,25.96212121212121,-1305.843533,,-4.9843964375,-4.644292386363636,,1,,3.1070075757575757,8.355989027735447,,"(0.4666666666666667, 0.058823529411764705, 0.9372549019607843)",True,True,True,True,34,68,34,"(0.4980392156862745, 0.4980392156862745, 0.0)",False,,,,,False,,,,,False
336_Sn144Ge192_011_011_a0.07732_b0.103093_c2.163935_interface2shift8,2,8,8,Sn,False,2.380952380952381,8,-29.90800429,-34.349418,-0.02397,0.02397,24,011,0,1,1,Ge,False,8,-35.08485951,-38.831661,-0.0275,0.0275,32,011,0,1,1,0.07732,0.103093,2.163935,0.675972462,0.0,1.356506348,336,1344,,,,,,4,,,,,,,,1,,,,,,True,False,False,False,,,,,False,,,,,False,,,,,
96_Sn48Ge48_112_013_a0.333333_b0.912568_c1.385736_interface6shift8,6,8,8,Sn,False,8.333333333333332,8,-29.90800429,-34.349418,-0.04152,0.04152,8,112,1,1,2,Ge,False,8,-35.08485951,-38.831661,-0.04167,0.04167,8,013,0,1,3,0.333333,0.912568,1.385736,2.520913124,0.0,1.861989498,96,384,,,,,,4,,,-429.205045,,-4.5738174375,-3.7085829791666662,,1,,2.1640625,,,,True,False,False,False,,,,,False,,,,,False,,,,,False
264_Sn108Si156_001_001_a0.07732_b0.082474_c2.1_interface2shift4swap2,2,4,4,Sn,False,3.0303030303030303,8,-29.90800429,-34.349418,-0.0339,0.0339,18,001,0,0,1,Si,False,8,-42.60220066,-45.400925,-0.04051,0.04051,26,001,0,0,1,0.07732,0.082474,2.1,0.586363971,0.0,1.176154613,264,1056,,,,,,4,,,-1304.708895,,-4.9843964375,-4.639994515151515,,1,,3.866477272727273,,,,True,True,False,False,,,,,False,,,,,False,,,,,False
168_Sn72Ge96_011_011_a0.126126_b0.025316_c2.163935_interface4shift4,4,4,4,Sn,False,4.761904761904762,8,-29.90800429,-34.349418,-0.02397,0.02397,12,011,0,1,1,Ge,False,8,-35.08485951,-38.831661,-0.0275,0.0275,16,011,0,1,1,0.126126,0.025316,2.163935,0.675974071,0.0,1.356506348,168,672,-674.58999233,-754.917719,-4.062053987500001,-3.628554336488095,-4.057956190476191,4,,6.529761904761905,-767.664616,,-4.5738174375,-4.1338305773809525,,1,,2.7395833333333335,2.383487235198262,,"(0.4470588235294118, 0.09411764705882353, 0.9019607843137255)",True,False,True,True,126,135,9,"(0.06666666666666667, 0.9333333333333333, 0.0)",True,49,48,1,"(0.0196078431372549, 0.9764705882352941, 0.0)",False,,,,,False
180_Sn36Ge144_012_011_a0.506944_b0.128866_c1.887594_interface8shift2,8,2,2,Sn,False,4.444444444444445,8,-29.90800429,-34.349418,-0.04167,0.04167,6,012,0,1,2,Ge,False,8,-35.08485951,-38.831661,-0.0275,0.0275,24,011,0,1,1,0.506944,0.128866,1.887594,4.490381241,0.0,3.84477973,180,720,-734.38527605,-819.27853,-4.062053987500001,-3.7188467347222223,-4.144985838888889,4,,12.716666666666667,-838.81561,,-4.5738174375,-4.253525172222222,,1,,2.4069444444444446,5.2833237160992494,,"(0.45098039215686275, 0.08627450980392157, 0.9098039215686274)",True,False,True,True,89,104,15,"(0.1411764705882353, 0.8549019607843137, 0.0)",True,12,20,8,"(0.4, 0.6, 0.0)",False,,,,,False
264_Sn108Si156_001_001_a0.07732_b0.082474_c2.1_interface2shift6swap1,2,6,6,Sn,False,3.0303030303030303,8,-29.90800429,-34.349418,-0.0339,0.0339,18,001,0,0,1,Si,False,8,-42.60220066,-45.400925,-0.04051,0.04051,26,001,0,0,1,0.07732,0.082474,2.1,0.586363971,0.0,1.176154613,264,1056,,,,,,4,,,-1307.160383,,-4.9843964375,-4.649280454545455,,1,,4.4375,,,,True,True,False,False,,,,,False,,,,,False,,,,,False
336_Sn144Ge192_011_011_a0.829897_b0.020619_c2.163935_interface2shift5,2,5,5,Sn,False,2.380952380952381,8,-29.90800429,-34.349418,-0.02397,0.02397,24,011,0,1,1,Ge,False,8,-35.08485951,-38.831661,-0.0275,0.0275,32,011,0,1,1,0.829897,0.020619,2.163935,0.675972462,0.0,1.356506348,336,1344,,,,,,4,,,,,,,,1,,,,,,True,False,False,False,,,,,False,,,,,False,,,,,
168_Sn72Ge96_011_011_a0.670886_b0.06701_c2.163935_interface3shift1,3,1,1,Sn,False,4.761904761904762,8,-29.90800429,-34.349418,-0.02397,0.02397,12,011,0,1,1,Ge,False,8,-35.08485951,-38.831661,-0.0275,0.0275,16,011,0,1,1,0.670886,0.06701,2.163935,0.675974071,0.0,1.356506348,168,672,-675.0044331,-755.017117,-4.062053987500001,-3.6310212458333333,-4.0585478452380945,4,,13.017857142857142,-767.892596,,-4.5738174375,-4.135187601190476,,1,,6.595238095238095,1.9738267148014441,,"(0.4470588235294118, 0.09411764705882353, 0.9019607843137255)",True,False,True,True,116,128,12,"(0.09019607843137255, 0.9058823529411765, 0.0)",True,39,41,2,"(0.047058823529411764, 0.9490196078431372, 0.0)",False,,,,,False
48_Sn24Ge24_012_125_a0.077519_b0.927835_c1.589553_interface13shift7,13,7,7,Sn,False,16.666666666666664,8,-29.90800429,-34.349418,-0.04167,0.04167,4,012,0,1,2,Ge,False,8,-35.08485951,-38.831661,-0.04167,0.04167,4,125,1,2,5,0.077519,0.927835,1.589553,3.610095024,0.581727207,6.898111343,48,192,-158.52088767,-187.100334,-4.062053987500001,-1.9485004972916666,-2.3733178125000003,4,,5.604166666666667,-208.886799,,-4.5738174375,-2.8272025,,1,,4.755208333333333,1.1785323110624317,,"(0.32941176470588235, 0.32941176470588235, 0.6666666666666666)",True,False,True,True,130,168,38,"(0.2235294117647059, 0.7725490196078432, 0.0)",True,53,56,3,"(0.050980392156862744, 0.9450980392156862, 0.0)",False,,,,,False
264_Sn108Si156_001_001_a0.07732_b0.082474_c2.1_interface1shift3swap7,1,3,3,Sn,False,3.0303030303030303,8,-29.90800429,-34.349418,-0.0339,0.0339,18,001,0,0,1,Si,False,8,-42.60220066,-45.400925,-0.04051,0.04051,26,001,0,0,1,0.07732,0.082474,2.1,0.586363971,0.0,1.176154613,264,1056,-1124.70408712,,-4.531887809375,-3.985582887007575,,4,,25.818181818181817,-1305.312093,,-4.9843964375,-4.642279356060606,,1,,3.054924242424242,8.451332920024798,,"(0.4666666666666667, 0.058823529411764705, 0.9372549019607843)",True,True,True,True,14,80,66,"(0.8235294117647058, 0.17254901960784313, 0.0)",False,,,,,False,,,,,False
108_Sn48Ge60_001_001_a0.147287_b0.47541_c2.2_interface11shift8,11,8,8,Sn,False,7.4074074074074066,8,-29.90800429,-34.349418,-0.0339,0.0339,8,001,0,0,1,Ge,False,8,-35.08485951,-38.831661,-0.03888,0.03888,10,001,0,0,1,0.147287,0.47541,2.2,2.520913124,0.0,4.978281021,108,432,,,,,,4,,,-488.449501,,-4.5738174375,-3.8450779814814813,,1,,1.2430555555555556,,,,True,False,False,False,,,,,False,,,,,False,,,,,False
168_Sn72Ge96_111_111_a0.0_b0.0_c0.0_interface5shift1,5,1,1,Sn,False,4.761904761904762,8,-29.90800429,-34.349418,-0.02936,0.02936,12,111,1,1,1,Ge,False,8,-35.08485951,-38.831661,-0.03367,0.03367,16,111,1,1,1,0.0,0.0,0.0,0.675974071,0.0,1.356506348,168,672,6567.53412236,2767.95869,-4.062053987500001,39.47932729857142,,4,,13.011904761904763,,,,,,1,,,,,,False,False,False,False,,,,,False,,,,,False,,,,,
264_Sn108Si156_001_001_a0.07732_b0.082474_c2.1_interface1shift3swap8,1,3,3,Sn,False,3.0303030303030303,8,-29.90800429,-34.349418,-0.0339,0.0339,18,001,0,0,1,Si,False,8,-42.60220066,-45.400925,-0.04051,0.04051,26,001,0,0,1,0.07732,0.082474,2.1,0.586363971,0.0,1.176154613,264,1056,-1118.28579094,,-4.531887809375,-3.96127115905303,,4,,25.882575757575758,-1307.780166,,-4.9843964375,-4.651628117424242,,1,,3.3333333333333335,7.764772727272727,,"(0.4666666666666667, 0.058823529411764705, 0.9372549019607843)",True,True,True,True,73,32,41,"(0.5607843137254902, 0.43529411764705883, 0.0)",False,,,,,False,,,,,False
264_Sn108Si156_001_001_a0.07732_b0.082474_c2.1_interface2shift4swap1,2,4,4,Sn,False,3.0303030303030303,8,-29.90800429,-34.349418,-0.0339,0.0339,18,001,0,0,1,Si,False,8,-42.60220066,-45.400925,-0.04051,0.04051,26,001,0,0,1,0.07732,0.082474,2.1,0.586363971,0.0,1.176154613,264,1056,,,,,,4,,,-1305.857157,,-4.9843964375,-4.6443439924242425,,1,,3.6666666666666665,,,,True,True,False,False,,,,,False,,,,,False,,,,,False
336_Sn144Ge192_011_011_a0.448454_b0.025773_c2.163935_interface1shift6,1,6,6,Sn,False,2.380952380952381,8,-29.90800429,-34.349418,-0.02397,0.02397,24,011,0,1,1,Ge,False,8,-35.08485951,-38.831661,-0.0275,0.0275,32,011,0,1,1,0.448454,0.025773,2.163935,0.675972462,0.0,1.356506348,336,1344,,,,,,4,,,,,,,,1,,,,,,True,False,False,False,,,,,False,,,,,False,,,,,
180_Sn36Ge144_012_011_a0.0_b0.0_c0.0_interface7shift1,7,1,1,Sn,False,4.444444444444445,8,-29.90800429,-34.349418,-0.04167,0.04167,6,012,0,1,2,Ge,False,8,-35.08485951,-38.831661,-0.0275,0.0275,24,011,0,1,1,0.0,0.0,0.0,4.490381241,0.0,3.84477973,180,720,196.08485374,-95.20134,-4.062053987500001,1.450431764111111,-0.12233478333333336,4,,9.577777777777778,-840.259467,,-4.5738174375,-4.261546599999999,,1,,6.6,1.4511784511784511,,"(0.45098039215686275, 0.08627450980392157, 0.9098039215686274)",False,False,False,True,146,99,47,"(0.3215686274509804, 0.6745098039215687, 0.0)",True,69,69,0,"(0.0, 1.0, 0.0)",False,,,,,False
108_Sn48Ge60_001_001_a0.0_b0.0_c0.0_interface10shift1,10,1,1,Sn,False,7.4074074074074066,8,-29.90800429,-34.349418,-0.0339,0.0339,8,001,0,0,1,Ge,False,8,-35.08485951,-38.831661,-0.03888,0.03888,10,001,0,0,1,0.0,0.0,0.0,2.520913124,0.0,4.978269577,108,432,,,,,,4,,,,,,,,1,,,,,,False,False,False,False,,,,,False,,,,,False,,,,,
168_Sn72Ge96_111_111_a0.018987_b0.189873_c2.262295_interface5shift7,5,7,7,Sn,False,4.761904761904762,8,-29.90800429,-34.349418,-0.02936,0.02936,12,111,1,1,1,Ge,False,8,-35.08485951,-38.831661,-0.03367,0.03367,16,111,1,1,1,0.018987,0.189873,2.262295,0.675974071,0.0,1.356506348,168,672,-681.66440999,-766.210875,-4.062053987500001,-3.6706639654166664,-4.125177357142857,4,,14.154761904761905,-768.483126,,-4.5738174375,-4.138702660714285,,1,,0.9925595238095238,14.26086956521739,,"(0.4470588235294118, 0.09411764705882353, 0.9019607843137255)",True,False,True,True,109,119,10,"(0.08235294117647059, 0.9137254901960784, 0.0)",True,32,31,1,"(0.027450980392156862, 0.9686274509803922, 0.0)",False,,,,,False
264_Sn108Si156_001_001_a0.07732_b0.082474_c2.1_interface1shift5swap4,1,5,5,Sn,False,3.0303030303030303,8,-29.90800429,-34.349418,-0.0339,0.0339,18,001,0,0,1,Si,False,8,-42.60220066,-45.400925,-0.04051,0.04051,26,001,0,0,1,0.07732,0.082474,2.1,0.586363971,0.0,1.176154613,264,1056,-1119.28472573,,-4.531887809375,-3.965055002954545,,4,,24.897727272727273,-1305.862814,,-4.9843964375,-4.644365420454546,,1,,3.8125,6.5305514157973175,,"(0.4666666666666667, 0.058823529411764705, 0.9372549019607843)",True,True,True,True,70,67,3,"(0.0392156862745098, 0.9568627450980393, 0.0)",False,,,,,False,,,,,False
264_Sn108Si156_001_001_a0.07732_b0.082474_c2.1_interface1shift7swap8,1,7,7,Sn,False,3.0303030303030303,8,-29.90800429,-34.349418,-0.0339,0.0339,18,001,0,0,1,Si,False,8,-42.60220066,-45.400925,-0.04051,0.04051,26,001,0,0,1,0.07732,0.082474,2.1,0.586363971,0.0,1.176154613,264,1056,-1123.17664763,,-4.531887809375,-3.9797971313636356,,4,,25.791666666666668,-1309.333022,,-4.9843964375,-4.657510147727273,,1,,3.8106060606060606,6.768389662027833,,"(0.4666666666666667, 0.058823529411764705, 0.9372549019607843)",True,True,True,True,31,17,14,"(0.45098039215686275, 0.5450980392156862, 0.0)",False,,,,,False,,,,,False
264_Sn108Si156_001_001_a0.07732_b0.082474_c2.1_interface2shift1swap2,2,1,1,Sn,False,3.0303030303030303,8,-29.90800429,-34.349418,-0.0339,0.0339,18,001,0,0,1,Si,False,8,-42.60220066,-45.400925,-0.04051,0.04051,26,001,0,0,1,0.07732,0.082474,2.1,0.586363971,0.0,1.176154613,264,1056,-1118.94730945,,-4.531887809375,-3.9637769109848477,,4,,24.772727272727273,-1308.211368,,-4.9843964375,-4.653261458333334,,1,,6.239583333333333,3.9702534527242377,,"(0.4666666666666667, 0.058823529411764705, 0.9372549019607843)",True,True,True,True,71,26,45,"(0.6313725490196078, 0.36470588235294116, 0.0)",False,,,,,False,,,,,False
168_Sn72Ge96_011_011_a0.670886_b0.072165_c2.163935_interface3shift3,3,3,3,Sn,False,4.761904761904762,8,-29.90800429,-34.349418,-0.02397,0.02397,12,011,0,1,1,Ge,False,8,-35.08485951,-38.831661,-0.0275,0.0275,16,011,0,1,1,0.670886,0.072165,2.163935,0.675974071,0.0,1.356506348,168,672,-674.88342705,-754.978326,-4.062053987500001,-3.6303009717261907,-4.0583169464285715,4,,14.18452380952381,-767.679178,,-4.5738174375,-4.1339172559523805,,1,,3.318452380952381,4.274439461883408,,"(0.4470588235294118, 0.09411764705882353, 0.9019607843137255)",True,False,True,True,120,134,14,"(0.10196078431372549, 0.8941176470588236, 0.0)",True,43,43,0,"(0.0, 1.0, 0.0)",False,,,,,False
264_Sn108Si156_001_001_a0.0_b0.0_c0.0_interface2shift1swap6,2,1,1,Sn,False,3.0303030303030303,8,-29.90800429,-34.349418,-0.0339,0.0339,18,001,0,0,1,Si,False,8,-42.60220066,-45.400925,-0.04051,0.04051,26,001,0,0,1,0.0,0.0,0.0,0.586363971,0.0,1.176154613,264,1056,395.4473157,,-4.531887809375,1.7725663660984847,,4,,81.0530303030303,-275.491623,,-4.9843964375,-0.7414442424242423,,1,,2.246212121212121,36.084317032040474,,"(0.4666666666666667, 0.058823529411764705, 0.9372549019607843)",False,True,False,True,,,,,False,,,,,False,,,,,True
108_Sn48Ge60_001_001_a0.472868_b0.147287_c2.2_interface9shift4,9,4,4,Sn,False,7.4074074074074066,8,-29.90800429,-34.349418,-0.0339,0.0339,8,001,0,0,1,Ge,False,8,-35.08485951,-38.831661,-0.03888,0.03888,10,001,0,0,1,0.472868,0.147287,2.2,2.520913124,0.0,4.978269577,108,432,,,,,,4,,,-488.446565,,-4.5738174375,-3.8450507962962965,,1,,1.4583333333333333,,,,True,False,False,False,,,,,False,,,,,False,,,,,False
264_Sn108Si156_001_001_a0.07732_b0.082474_c2.1_interface2shift5,2,5,5,Sn,False,3.0303030303030303,8,-29.90800429,-34.349418,-0.0339,0.0339,18,001,0,0,1,Si,False,8,-42.60220066,-45.400925,-0.04051,0.04051,26,001,0,0,1,0.07732,0.082474,2.1,0.586363971,0.0,1.176154613,264,1056,,,,,,4,,,-1321.395476,,-4.9843964375,-4.7032012613636365,,1,,2.933712121212121,,,,True,False,False,False,,,,,False,,,,,False,,,,,False
264_Sn108Si156_001_001_a0.07732_b0.082474_c2.1_interface1shift7swap6,1,7,7,Sn,False,3.0303030303030303,8,-29.90800429,-34.349418,-0.0339,0.0339,18,001,0,0,1,Si,False,8,-42.60220066,-45.400925,-0.04051,0.04051,26,001,0,0,1,0.07732,0.082474,2.1,0.586363971,0.0,1.176154613,264,1056,-1122.12148465,,-4.531887809375,-3.9758003018939387,,4,,26.041666666666668,-1306.63797,,-4.9843964375,-4.647301617424243,,1,,5.380681818181818,4.8398451249560015,,"(0.4666666666666667, 0.058823529411764705, 0.9372549019607843)",True,True,True,True,44,46,2,"(0.043137254901960784, 0.9529411764705882, 0.0)",False,,,,,False,,,,,False
180_Sn36Ge144_012_011_a0.513889_b0.128866_c1.887594_interface8shift3,8,3,3,Sn,False,4.444444444444445,8,-29.90800429,-34.349418,-0.04167,0.04167,6,012,0,1,2,Ge,False,8,-35.08485951,-38.831661,-0.0275,0.0275,24,011,0,1,1,0.513889,0.128866,1.887594,4.490381241,0.0,3.84477973,180,720,-734.02887972,-818.900719,-4.062053987500001,-3.716866755111111,-4.1428868888888895,4,,12.811111111111112,-839.460629,,-4.5738174375,-4.257108611111111,,1,,3.3930555555555557,3.775685632419157,,"(0.45098039215686275, 0.08627450980392157, 0.9098039215686274)",True,False,True,True,92,100,8,"(0.0784313725490196, 0.9176470588235294, 0.0)",True,15,26,11,"(0.4196078431372549, 0.5764705882352941, 0.0)",False,,,,,False
264_Sn108Si156_001_001_a0.07732_b0.082474_c2.1_interface1shift5swap5,1,5,5,Sn,False,3.0303030303030303,8,-29.90800429,-34.349418,-0.0339,0.0339,18,001,0,0,1,Si,False,8,-42.60220066,-45.400925,-0.04051,0.04051,26,001,0,0,1,0.07732,0.082474,2.1,0.586363971,0.0,1.176154613,264,1056,-1123.32785593,,-4.531887809375,-3.9803698900757567,,4,,25.583333333333332,-1306.630733,,-4.9843964375,-4.647274204545455,,1,,3.7613636363636362,6.801611278952668,,"(0.4666666666666667, 0.058823529411764705, 0.9372549019607843)",True,True,True,True,30,47,17,"(0.3607843137254902, 0.6352941176470588, 0.0)",False,,,,,False,,,,,False
120_Sn48Si72_011_011_a0.0_b0.0_c0.0_interface14shift1,14,1,1,Sn,False,6.666666666666667,8,-29.90800429,-34.349418,-0.02397,0.02397,8,011,0,1,1,Si,False,8,-42.60220066,-45.400925,-0.02864,0.02864,12,011,0,1,1,0.0,0.0,0.0,2.502466679,0.0,5.067539215,120,480,889.18041158,25912.838116,-4.531887809375,8.014088471083333,216.604903825,4,,13.75,-602.640197,,-4.9843964375,-4.3574154499999995,,1,,6.76875,2.0313942751615883,,"(0.43137254901960786, 0.13333333333333333, 0.8666666666666667)",False,False,False,True,168,96,72,"(0.42745098039215684, 0.5686274509803921, 0.0)",True,91,96,5,"(0.050980392156862744, 0.9450980392156862, 0.0)",False,,,,,False
108_Sn48Ge60_001_001_a0.821705_b0.186047_c2.2_interface9shift6,9,6,6,Sn,False,7.4074074074074066,8,-29.90800429,-34.349418,-0.0339,0.0339,8,001,0,0,1,Ge,False,8,-35.08485951,-38.831661,-0.03888,0.03888,10,001,0,0,1,0.821705,0.186047,2.2,2.520913124,0.0,4.978269577,108,432,,,,,,4,,,-488.449443,,-4.5738174375,-3.845077444444444,,1,,1.2291666666666667,,,,True,False,False,False,,,,,False,,,,,False,,,,,False
264_Sn108Si156_001_001_a0.0_b0.0_c0.0_interface1shift1swap1,1,1,1,Sn,False,3.0303030303030303,8,-29.90800429,-34.349418,-0.0339,0.0339,18,001,0,0,1,Si,False,8,-42.60220066,-45.400925,-0.04051,0.04051,26,001,0,0,1,0.0,0.0,0.0,0.586363971,0.0,1.176154613,264,1056,-293.09631074,,-4.531887809375,-0.8355534310227272,,4,,81.70833333333333,-275.491623,,-4.9843964375,-0.7414442424242423,,1,,2.2386363636363638,36.499153976311334,,"(0.4666666666666667, 0.058823529411764705, 0.9372549019607843)",False,True,True,True,,,,,False,,,,,False,,,,,True
168_Sn72Ge96_011_011_a0.164557_b0.061856_c2.163935_interface3shift4,3,4,4,Sn,False,4.761904761904762,8,-29.90800429,-34.349418,-0.02397,0.02397,12,011,0,1,1,Ge,False,8,-35.08485951,-38.831661,-0.0275,0.0275,16,011,0,1,1,0.164557,0.061856,2.163935,0.675974071,0.0,1.356506348,168,672,-674.77334824,-754.954454,-4.062053987500001,-3.629645740714286,-4.0581748511904765,4,,11.898809523809524,-767.872433,,-4.5738174375,-4.135067583333334,,1,,6.596726190476191,1.8037446424543198,,"(0.4470588235294118, 0.09411764705882353, 0.9019607843137255)",True,False,True,True,122,132,10,"(0.07450980392156863, 0.9215686274509803, 0.0)",True,45,47,2,"(0.0392156862745098, 0.9568627450980393, 0.0)",False,,,,,False
120_Sn48Si72_011_011_a0.0_b0.0_c0.0_interface12shift1,12,1,1,Sn,False,6.666666666666667,8,-29.90800429,-34.349418,-0.02397,0.02397,8,011,0,1,1,Si,False,8,-42.60220066,-45.400925,-0.02864,0.02864,12,011,0,1,1,0.0,0.0,0.0,2.502466679,0.0,5.067539215,120,480,302.56245369,65.968908,-4.531887809375,3.1256054886666664,1.2143270916666666,4,,12.083333333333334,-608.18421,,-4.9843964375,-4.403615558333333,,1,,9.14375,1.3214855320118477,,"(0.43137254901960786, 0.13333333333333333, 0.8666666666666667)",False,False,False,True,155,92,63,"(0.403921568627451, 0.592156862745098, 0.0)",True,78,75,3,"(0.03529411764705882, 0.9607843137254902, 0.0)",False,,,,,False
180_Sn36Ge144_012_011_a0.0_b0.134021_c1.887594_interface7shift7,7,7,7,Sn,False,4.444444444444445,8,-29.90800429,-34.349418,-0.04167,0.04167,6,012,0,1,2,Ge,False,8,-35.08485951,-38.831661,-0.0275,0.0275,24,011,0,1,1,0.0,0.134021,1.887594,4.490381241,0.0,3.84477973,180,720,-733.48718784,-819.79164,-4.062053987500001,-3.713857355777778,-4.14783645,4,,13.216666666666667,-838.164305,,-4.5738174375,-4.249906811111112,,1,,2.986111111111111,4.426046511627907,,"(0.45098039215686275, 0.08627450980392157, 0.9098039215686274)",True,False,True,True,98,109,11,"(0.09803921568627451, 0.8980392156862745, 0.0)",True,21,18,3,"(0.1411764705882353, 0.8549019607843137, 0.0)",False,,,,,False
168_Sn72Ge96_111_111_a0.518987_b0.189873_c2.262295_interface5shift1,5,1,1,Sn,False,4.761904761904762,8,-29.90800429,-34.349418,-0.02936,0.02936,12,111,1,1,1,Ge,False,8,-35.08485951,-38.831661,-0.03367,0.03367,16,111,1,1,1,0.518987,0.189873,2.262295,0.675974071,0.0,1.356506348,168,672,-681.66441051,-766.210875,-4.062053987500001,-3.670663968511905,-4.125177357142857,4,,13.880952380952381,-768.483126,,-4.5738174375,-4.138702660714285,,1,,0.8214285714285714,16.898550724637683,,"(0.4470588235294118, 0.09411764705882353, 0.9019607843137255)",True,False,True,True,108,120,12,"(0.09803921568627451, 0.8980392156862745, 0.0)",True,31,32,1,"(0.027450980392156862, 0.9686274509803922, 0.0)",False,,,,,False
168_Sn72Ge96_011_011_a0.0_b0.0_c0.0_interface3shift1,3,1,1,Sn,False,4.761904761904762,8,-29.90800429,-34.349418,-0.02397,0.02397,12,011,0,1,1,Ge,False,8,-35.08485951,-38.831661,-0.0275,0.0275,16,011,0,1,1,0.0,0.0,0.0,0.675974071,0.0,1.356506348,168,672,1750.52310001,540.832529,-4.062053987500001,10.80664264172619,,4,,12.56547619047619,,,,,,1,,,,,,False,False,False,False,,,,,False,,,,,False,,,,,
264_Sn108Si156_001_001_a0.07732_b0.082474_c2.1_interface2shift3swap4,2,3,3,Sn,False,3.0303030303030303,8,-29.90800429,-34.349418,-0.0339,0.0339,18,001,0,0,1,Si,False,8,-42.60220066,-45.400925,-0.04051,0.04051,26,001,0,0,1,0.07732,0.082474,2.1,0.586363971,0.0,1.176154613,264,1056,,,,,,4,,,-1305.44386,,-4.9843964375,-4.642778473484849,,1,,4.233901515151516,,,,True,True,False,False,,,,,False,,,,,False,,,,,False
264_Sn108Si156_001_001_a0.07732_b0.082474_c2.1_interface2shift7swap8,2,7,7,Sn,False,3.0303030303030303,8,-29.90800429,-34.349418,-0.0339,0.0339,18,001,0,0,1,Si,False,8,-42.60220066,-45.400925,-0.04051,0.04051,26,001,0,0,1,0.07732,0.082474,2.1,0.586363971,0.0,1.176154613,264,1056,,,,,,4,,,-1307.347729,,-4.9843964375,-4.6499900984848495,,1,,4.140151515151516,,,,True,True,False,False,,,,,False,,,,,False,,,,,False
264_Sn108Si156_001_001_a0.07732_b0.082474_c2.1_interface2shift1swap3,2,1,1,Sn,False,3.0303030303030303,8,-29.90800429,-34.349418,-0.0339,0.0339,18,001,0,0,1,Si,False,8,-42.60220066,-45.400925,-0.04051,0.04051,26,001,0,0,1,0.07732,0.082474,2.1,0.586363971,0.0,1.176154613,264,1056,-1113.30010803,,-4.531887809375,-3.942385996515151,,4,,25.71969696969697,-1306.887037,,-4.9843964375,-4.648245053030303,,1,,4.136363636363637,6.217948717948717,,"(0.4666666666666667, 0.058823529411764705, 0.9372549019607843)",True,True,True,True,88,42,46,"(0.5215686274509804, 0.4745098039215686, 0.0)",False,,,,,False,,,,,False
180_Sn36Ge144_012_011_a0.340278_b0.134021_c1.887594_interface7shift5,7,5,5,Sn,False,4.444444444444445,8,-29.90800429,-34.349418,-0.04167,0.04167,6,012,0,1,2,Ge,False,8,-35.08485951,-38.831661,-0.0275,0.0275,24,011,0,1,1,0.340278,0.134021,1.887594,4.490381241,0.0,3.84477973,180,720,-733.42141495,-819.813352,-4.062053987500001,-3.7134919508333333,-4.147957072222222,4,,12.78888888888889,-837.987933,,-4.5738174375,-4.248926966666667,,1,,2.477777777777778,5.161434977578476,,"(0.45098039215686275, 0.08627450980392157, 0.9098039215686274)",True,False,True,True,102,112,10,"(0.08627450980392157, 0.9098039215686274, 0.0)",True,25,17,8,"(0.3176470588235294, 0.6784313725490196, 0.0)",False,,,,,False
288_Sn288_011_011_a0.0_b0.0_c0.0_interface15shift1,15,1,1,Sn,False,2.7777777777777777,8,-29.90800429,-34.349418,-0.02397,0.02397,24,011,0,1,1,Sn,False,8,-29.90800429,-34.349418,-0.02397,0.02397,24,011,0,1,1,0.0,0.0,0.0,0.0,0.0,0.0,288,1152,,,,,,4,,,,,,,,1,,,,,,False,False,False,False,,,,,False,,,,,False,,,,,
264_Sn108Si156_001_001_a0.07732_b0.082474_c2.1_interface1shift4swap1,1,4,4,Sn,False,3.0303030303030303,8,-29.90800429,-34.349418,-0.0339,0.0339,18,001,0,0,1,Si,False,8,-42.60220066,-45.400925,-0.04051,0.04051,26,001,0,0,1,0.07732,0.082474,2.1,0.586363971,0.0,1.176154613,264,1056,-1121.27981732,,-4.531887809375,-3.972612168068181,,4,,24.83712121212121,-1306.200402,,-4.9843964375,-4.645644162878788,,1,,5.0625,4.906098017209128,,"(0.4666666666666667, 0.058823529411764705, 0.9372549019607843)",True,True,True,True,57,57,0,"(0.0, 1.0, 0.0)",False,,,,,False,,,,,False
264_Sn108Si156_001_001_a0.07732_b0.082474_c2.1_interface1shift1swap3,1,1,1,Sn,False,3.0303030303030303,8,-29.90800429,-34.349418,-0.0339,0.0339,18,001,0,0,1,Si,False,8,-42.60220066,-45.400925,-0.04051,0.04051,26,001,0,0,1,0.07732,0.082474,2.1,0.586363971,0.0,1.176154613,264,1056,-1113.97592951,-1226.527456,-4.531887809375,-3.944945926363636,-4.3438527007575765,4,,25.12121212121212,-1309.505916,,-4.9843964375,-4.658165049242425,,1,,3.631628787878788,6.917340286831812,,"(0.4666666666666667, 0.058823529411764705, 0.9372549019607843)",True,True,True,True,87,15,72,"(0.8274509803921568, 0.16862745098039217, 0.0)",True,11,11,0,"(0.0, 1.0, 0.0)",False,,,,,False
336_Sn144Ge192_011_011_a0.0_b0.0_c0.0_interface1shift1,1,1,1,Sn,False,2.380952380952381,8,-29.90800429,-34.349418,-0.02397,0.02397,24,011,0,1,1,Ge,False,8,-35.08485951,-38.831661,-0.0275,0.0275,32,011,0,1,1,0.0,0.0,0.0,0.675972462,0.0,1.356506348,336,1344,,,,,,4,,,,,,,,1,,,,,,False,False,False,False,,,,,False,,,,,False,,,,,
48_Sn24Ge24_012_125_a0.356589_b0.443299_c1.490206_interface12shift2,12,2,2,Sn,False,16.666666666666664,8,-29.90800429,-34.349418,-0.04167,0.04167,4,012,0,1,2,Ge,False,8,-35.08485951,-38.831661,-0.04167,0.04167,4,125,1,2,5,0.356589,0.443299,1.490206,3.610095024,0.581727207,6.898111343,48,192,-155.00300453,-184.994481,-4.062053987500001,-1.875211265208333,-2.3294458749999998,4,,5.458333333333333,-209.035222,,-4.5738174375,-2.830294645833334,,1,,7.78125,0.7014725568942436,,"(0.32941176470588235, 0.32941176470588235, 0.6666666666666666)",True,False,True,True,143,166,23,"(0.13725490196078433, 0.8588235294117647, 0.0)",True,66,66,0,"(0.0, 1.0, 0.0)",False,,,,,False
264_Sn108Si156_001_001_a0.07732_b0.082474_c2.1_interface2shift7swap7,2,7,7,Sn,False,3.0303030303030303,8,-29.90800429,-34.349418,-0.0339,0.0339,18,001,0,0,1,Si,False,8,-42.60220066,-45.400925,-0.04051,0.04051,26,001,0,0,1,0.07732,0.082474,2.1,0.586363971,0.0,1.176154613,264,1056,,,,,,4,,,-1305.7409,,-4.9843964375,-4.643903625,,1,,3.728219696969697,,,,True,True,False,False,,,,,False,,,,,False,,,,,False
216_Sn72Si144_001_011_a0.0_b0.0_c0.0_interface6shift1,6,1,1,Sn,False,3.7037037037037033,8,-29.90800429,-34.349418,-0.0339,0.0339,12,001,0,0,1,Si,False,8,-42.60220066,-45.400925,-0.02864,0.02864,24,011,0,1,1,0.0,0.0,0.0,3.359757662,0.0,0.941377878,216,864,2572.06728008,319735.268211,-4.531887809375,12.243414282546295,1480.6250858981484,4,,38.416666666666664,-1106.189647,,-4.9843964375,-4.752033814814815,,1,,7.09837962962963,5.412033262677319,,"(0.4588235294117647, 0.07058823529411765, 0.9254901960784314)",False,False,False,True,173,2,171,"(0.9882352941176471, 0.00784313725490196, 0.0)",True,96,98,2,"(0.0196078431372549, 0.9764705882352941, 0.0)",False,,,,,False
264_Sn108Si156_001_001_a0.07732_b0.082474_c2.1_interface2shift4swap8,2,4,4,Sn,False,3.0303030303030303,8,-29.90800429,-34.349418,-0.0339,0.0339,18,001,0,0,1,Si,False,8,-42.60220066,-45.400925,-0.04051,0.04051,26,001,0,0,1,0.07732,0.082474,2.1,0.586363971,0.0,1.176154613,264,1056,,,,,,4,,,-1309.350318,,-4.9843964375,-4.657575662878788,,1,,4.082386363636363,,,,True,True,False,False,,,,,False,,,,,False,,,,,False
264_Sn108Si156_001_001_a0.07732_b0.082474_c2.1_interface2shift6swap3,2,6,6,Sn,False,3.0303030303030303,8,-29.90800429,-34.349418,-0.0339,0.0339,18,001,0,0,1,Si,False,8,-42.60220066,-45.400925,-0.04051,0.04051,26,001,0,0,1,0.07732,0.082474,2.1,0.586363971,0.0,1.176154613,264,1056,,,,,,4,,,-1309.19678,,-4.9843964375,-4.656994079545455,,1,,3.912878787878788,,,,True,True,False,False,,,,,False,,,,,False,,,,,False
108_Sn48Ge60_001_001_a0.147287_b0.469945_c2.2_interface11shift5,11,5,5,Sn,False,7.4074074074074066,8,-29.90800429,-34.349418,-0.0339,0.0339,8,001,0,0,1,Ge,False,8,-35.08485951,-38.831661,-0.03888,0.03888,10,001,0,0,1,0.147287,0.469945,2.2,2.520913124,0.0,4.978281021,108,432,,,,,,4,,,-488.450206,,-4.5738174375,-3.845084509259259,,1,,1.2523148148148149,,,,True,False,False,False,,,,,False,,,,,False,,,,,False
168_Sn72Ge96_011_011_a0.117117_b0.531646_c2.163935_interface4shift5,4,5,5,Sn,False,4.761904761904762,8,-29.90800429,-34.349418,-0.02397,0.02397,12,011,0,1,1,Ge,False,8,-35.08485951,-38.831661,-0.0275,0.0275,16,011,0,1,1,0.117117,0.531646,2.163935,0.675974071,0.0,1.356506348,168,672,-674.72082637,-754.956106,-4.062053987500001,-3.6293331105357147,-4.058184684523809,4,,7.767857142857143,-767.892587,,-4.5738174375,-4.135187547619048,,1,,6.382440476190476,1.217066915364887,,"(0.4470588235294118, 0.09411764705882353, 0.9019607843137255)",True,False,True,True,124,130,6,"(0.043137254901960784, 0.9529411764705882, 0.0)",True,47,45,2,"(0.0392156862745098, 0.9568627450980393, 0.0)",False,,,,,False
48_Sn24Ge24_012_125_a0.364341_b0.505155_c1.490206_interface13shift2,13,2,2,Sn,False,16.666666666666664,8,-29.90800429,-34.349418,-0.04167,0.04167,4,012,0,1,2,Ge,False,8,-35.08485951,-38.831661,-0.04167,0.04167,4,125,1,2,5,0.364341,0.505155,1.490206,3.610095024,0.581727207,6.898111343,48,192,-156.53522386,-186.409522,-4.062053987500001,-1.9071325012499998,-2.358925895833334,4,,6.0,-209.4433,,-4.5738174375,-2.8387962708333334,,1,,4.354166666666667,1.3779904306220094,,"(0.32941176470588235, 0.32941176470588235, 0.6666666666666666)",True,False,True,True,138,161,23,"(0.1411764705882353, 0.8549019607843137, 0.0)",True,61,60,1,"(0.01568627450980392, 0.9803921568627451, 0.0)",False,,,,,False
264_Sn108Si156_001_001_a0.07732_b0.082474_c2.1_interface2shift3swap2,2,3,3,Sn,False,3.0303030303030303,8,-29.90800429,-34.349418,-0.0339,0.0339,18,001,0,0,1,Si,False,8,-42.60220066,-45.400925,-0.04051,0.04051,26,001,0,0,1,0.07732,0.082474,2.1,0.586363971,0.0,1.176154613,264,1056,-1123.76383669,,-4.531887809375,-3.9820213323484848,,4,,,-1306.459033,,-4.9843964375,-4.646623825757576,,1,,3.328598484848485,,,,True,True,False,True,25,54,29,"(0.5333333333333333, 0.4627450980392157, 0.0)",False,,,,,False,,,,,False
180_Sn36Ge144_012_011_a0.506944_b0.139175_c1.887594_interface8shift7,8,7,7,Sn,False,4.444444444444445,8,-29.90800429,-34.349418,-0.04167,0.04167,6,012,0,1,2,Ge,False,8,-35.08485951,-38.831661,-0.0275,0.0275,24,011,0,1,1,0.506944,0.139175,1.887594,4.490381241,0.0,3.84477973,180,720,-733.12624257,-818.821892,-4.062053987500001,-3.711852104277778,-4.142448961111111,4,,12.716666666666667,-838.657775,,-4.5738174375,-4.252648311111111,,1,,1.9194444444444445,6.625180897250361,,"(0.45098039215686275, 0.08627450980392157, 0.9098039215686274)",True,False,True,True,103,105,2,"(0.01568627450980392, 0.9803921568627451, 0.0)",True,26,27,1,"(0.03529411764705882, 0.9607843137254902, 0.0)",False,,,,,False
264_Sn108Si156_001_001_a0.07732_b0.082474_c2.1_interface2shift6,2,6,6,Sn,False,3.0303030303030303,8,-29.90800429,-34.349418,-0.0339,0.0339,18,001,0,0,1,Si,False,8,-42.60220066,-45.400925,-0.04051,0.04051,26,001,0,0,1,0.07732,0.082474,2.1,0.586363971,0.0,1.176154613,264,1056,,,,,,4,,,-1322.129282,,-4.9843964375,-4.705980829545455,,1,,2.6079545454545454,,,,True,False,False,False,,,,,False,,,,,False,,,,,False
108_Sn48Ge60_001_001_a0.217054_b0.395349_c2.2_interface9shift8,9,8,8,Sn,False,7.4074074074074066,8,-29.90800429,-34.349418,-0.0339,0.0339,8,001,0,0,1,Ge,False,8,-35.08485951,-38.831661,-0.03888,0.03888,10,001,0,0,1,0.217054,0.395349,2.2,2.520913124,0.0,4.978269577,108,432,,,,,,4,,,-488.449513,,-4.5738174375,-3.8450780925925927,,1,,1.224537037037037,,,,True,False,False,False,,,,,False,,,,,False,,,,,False
96_Sn48Ge48_112_013_a0.0_b0.0_c0.0_interface6shift1,6,1,1,Sn,False,8.333333333333332,8,-29.90800429,-34.349418,-0.04152,0.04152,8,112,1,1,2,Ge,False,8,-35.08485951,-38.831661,-0.04167,0.04167,8,013,0,1,3,0.0,0.0,0.0,2.520913124,0.0,1.861989498,96,384,,,,,,4,,,-433.896065,,-4.5738174375,-3.7574477708333336,,1,,5.361979166666667,,,,False,False,False,False,,,,,False,,,,,False,,,,,False
96_Sn48Ge48_112_013_a0.324324_b0.661202_c1.385736_interface6shift7,6,7,7,Sn,False,8.333333333333332,8,-29.90800429,-34.349418,-0.04152,0.04152,8,112,1,1,2,Ge,False,8,-35.08485951,-38.831661,-0.04167,0.04167,8,013,0,1,3,0.324324,0.661202,1.385736,2.520913124,0.0,1.861989498,96,384,,,,,,4,,,-429.348223,,-4.5738174375,-3.7100744166666666,,1,,3.0338541666666665,,,,True,False,False,False,,,,,False,,,,,False,,,,,False
264_Sn108Si156_001_001_a0.07732_b0.082474_c2.1_interface2shift4swap7,2,4,4,Sn,False,3.0303030303030303,8,-29.90800429,-34.349418,-0.0339,0.0339,18,001,0,0,1,Si,False,8,-42.60220066,-45.400925,-0.04051,0.04051,26,001,0,0,1,0.07732,0.082474,2.1,0.586363971,0.0,1.176154613,264,1056,,,,,,4,,,-1305.478369,,-4.9843964375,-4.642909189393939,,1,,6.175189393939394,,,,True,True,False,False,,,,,False,,,,,False,,,,,False
264_Sn108Si156_001_001_a0.07732_b0.082474_c2.1_interface2shift2swap1,2,2,2,Sn,False,3.0303030303030303,8,-29.90800429,-34.349418,-0.0339,0.0339,18,001,0,0,1,Si,False,8,-42.60220066,-45.400925,-0.04051,0.04051,26,001,0,0,1,0.07732,0.082474,2.1,0.586363971,0.0,1.176154613,264,1056,-1124.61069905,,-4.531887809375,-3.9852291443181813,,4,,25.71212121212121,-1306.213568,,-4.9843964375,-4.6456940340909085,,1,,3.7765151515151514,6.808425275827482,,"(0.4666666666666667, 0.058823529411764705, 0.9372549019607843)",True,True,True,True,17,56,39,"(0.6941176470588235, 0.30196078431372547, 0.0)",False,,,,,False,,,,,False
264_Sn108Si156_001_001_a0.07732_b0.082474_c2.1_interface1shift3swap6,1,3,3,Sn,False,3.0303030303030303,8,-29.90800429,-34.349418,-0.0339,0.0339,18,001,0,0,1,Si,False,8,-42.60220066,-45.400925,-0.04051,0.04051,26,001,0,0,1,0.07732,0.082474,2.1,0.586363971,0.0,1.176154613,264,1056,-1121.88731451,,-4.531887809375,-3.974913293787878,,4,,25.03409090909091,-1306.47846,,-4.9843964375,-4.646697412878789,,1,,3.8863636363636362,6.441520467836257,,"(0.4666666666666667, 0.058823529411764705, 0.9372549019607843)",True,True,True,True,45,53,8,"(0.14901960784313725, 0.8470588235294118, 0.0)",False,,,,,False,,,,,False
144_Sn72Si72_011_001_a0.0_b0.0_c0.0_interface5shift1,5,1,1,Sn,False,5.555555555555555,8,-29.90800429,-34.349418,-0.02397,0.02397,12,011,0,1,1,Si,False,8,-42.60220066,-45.400925,-0.04051,0.04051,12,001,0,0,1,0.0,0.0,0.0,3.359752417,0.0,0.941371918,144,576,371.76729161,176.934584,-4.531887809375,3.0852603927777777,1.782534215277778,4,,18.57638888888889,-706.655493,,-4.9843964375,-4.353507986111111,,1,,9.164930555555555,2.026899033907937,,"(0.4392156862745098, 0.10980392156862745, 0.8862745098039215)",False,False,False,True,154,97,57,"(0.3686274509803922, 0.6274509803921569, 0.0)",True,77,79,2,"(0.023529411764705882, 0.9725490196078431, 0.0)",False,,,,,False
264_Sn108Si156_001_001_a0.07732_b0.082474_c2.1_interface2shift8,2,8,8,Sn,False,3.0303030303030303,8,-29.90800429,-34.349418,-0.0339,0.0339,18,001,0,0,1,Si,False,8,-42.60220066,-45.400925,-0.04051,0.04051,26,001,0,0,1,0.07732,0.082474,2.1,0.586363971,0.0,1.176154613,264,1056,,,,,,4,,,-1321.395038,,-4.9843964375,-4.703199602272728,,1,,2.8295454545454546,,,,True,False,False,False,,,,,False,,,,,False,,,,,False
264_Sn108Si156_001_001_a0.07732_b0.082474_c2.1_interface2shift2swap3,2,2,2,Sn,False,3.0303030303030303,8,-29.90800429,-34.349418,-0.0339,0.0339,18,001,0,0,1,Si,False,8,-42.60220066,-45.400925,-0.04051,0.04051,26,001,0,0,1,0.07732,0.082474,2.1,0.586363971,0.0,1.176154613,264,1056,-1123.53664079,,-4.531887809375,-3.9811607418181816,,4,,26.265151515151516,-1307.074231,,-4.9843964375,-4.648954121212122,,1,,6.201704545454546,4.23515040464193,,"(0.4666666666666667, 0.058823529411764705, 0.9372549019607843)",True,True,True,True,29,41,12,"(0.2901960784313726, 0.7058823529411765, 0.0)",False,,,,,False,,,,,False
264_Sn108Si156_001_001_a0.07732_b0.082474_c2.1_interface1shift1swap1,1,1,1,Sn,False,3.0303030303030303,8,-29.90800429,-34.349418,-0.0339,0.0339,18,001,0,0,1,Si,False,8,-42.60220066,-45.400925,-0.04051,0.04051,26,001,0,0,1,0.07732,0.082474,2.1,0.586363971,0.0,1.176154613,264,1056,-1117.06177008,-1230.260448,-4.531887809375,-3.956634716401515,-4.357992821969697,4,,25.62878787878788,-1307.785113,,-4.9843964375,-4.651646856060606,,1,,3.086174242424242,8.304387849033446,,"(0.4666666666666667, 0.058823529411764705, 0.9372549019607843)",True,True,True,True,80,31,49,"(0.611764705882353, 0.3843137254901961, 0.0)",True,8,6,2,"(0.24705882352941178, 0.7490196078431373, 0.0)",False,,,,,False
264_Sn108Si156_001_001_a0.07732_b0.082474_c2.1_interface1shift8swap4,1,8,8,Sn,False,3.0303030303030303,8,-29.90800429,-34.349418,-0.0339,0.0339,18,001,0,0,1,Si,False,8,-42.60220066,-45.400925,-0.04051,0.04051,26,001,0,0,1,0.07732,0.082474,2.1,0.586363971,0.0,1.176154613,264,1056,-1124.29756246,,-4.531887809375,-3.984043020871212,,4,,25.166666666666668,-1306.110235,,-4.9843964375,-4.645302621212122,,1,,3.3267045454545454,7.565044121833192,,"(0.4666666666666667, 0.058823529411764705, 0.9372549019607843)",True,True,True,True,22,58,36,"(0.6196078431372549, 0.3764705882352941, 0.0)",False,,,,,False,,,,,False
264_Sn108Si156_001_001_a0.07732_b0.082474_c2.1_interface2shift6swap2,2,6,6,Sn,False,3.0303030303030303,8,-29.90800429,-34.349418,-0.0339,0.0339,18,001,0,0,1,Si,False,8,-42.60220066,-45.400925,-0.04051,0.04051,26,001,0,0,1,0.07732,0.082474,2.1,0.586363971,0.0,1.176154613,264,1056,,,,,,4,,,-1307.277724,,-4.9843964375,-4.649724928030303,,1,,3.615530303030303,,,,True,True,False,False,,,,,False,,,,,False,,,,,False
180_Sn36Ge144_012_011_a0.006944_b0.134021_c1.887594_interface7shift8,7,8,8,Sn,False,4.444444444444445,8,-29.90800429,-34.349418,-0.04167,0.04167,6,012,0,1,2,Ge,False,8,-35.08485951,-38.831661,-0.0275,0.0275,24,011,0,1,1,0.006944,0.134021,1.887594,4.490381241,0.0,3.84477973,180,720,-733.42143079,-819.813371,-4.062053987500001,-3.7134920388333335,-4.147957177777778,4,,12.938888888888888,-837.987933,,-4.5738174375,-4.248926966666667,,1,,2.3722222222222222,5.4543325526932085,,"(0.45098039215686275, 0.08627450980392157, 0.9098039215686274)",True,False,True,True,101,113,12,"(0.10588235294117647, 0.8901960784313725, 0.0)",True,24,16,8,"(0.3333333333333333, 0.6666666666666666, 0.0)",False,,,,,False
336_Ge192Sn144_011_011_a0.702564_b0.979487_c2.163935_interface5shift3,5,3,3,Ge,False,2.380952380952381,8,-35.08485951,-38.831661,-0.0275,0.0275,32,011,0,1,1,Sn,False,8,-29.90800429,-34.349418,-0.02397,0.02397,24,011,0,1,1,0.702564,0.979487,2.163935,0.671433747,0.0,1.338356733,336,1344,,,,,,4,,,,,,,,1,,,,,,True,False,False,False,,,,,False,,,,,False,,,,,
180_Ge144Sn36_011_012_a0.492754_b0.117949_c1.986941_interface15shift8,15,8,8,Ge,False,4.444444444444445,8,-35.08485951,-38.831661,-0.0275,0.0275,24,011,0,1,1,Sn,False,8,-29.90800429,-34.349418,-0.04167,0.04167,6,012,0,1,2,0.492754,0.117949,1.986941,4.701496601,0.0,3.998506069,180,720,-733.85716736,-822.84786,-4.062053987500001,-3.7159127975555553,-4.16481545,4,,12.661111111111111,-841.087372,,-4.5738174375,-4.266146072222222,,1,,3.5027777777777778,3.6145915939730373,,"(0.45098039215686275, 0.08627450980392157, 0.9098039215686274)",True,False,True,True,96,101,5,"(0.047058823529411764, 0.9490196078431372, 0.0)",True,96,99,3,"(0.027450980392156862, 0.9686274509803922, 0.0)",False,,,,,False
96_Ge48Sn48_013_112_a0.133929_b0.286517_c1.385736_interface14shift3,14,3,3,Ge,False,8.333333333333332,8,-35.08485951,-38.831661,-0.04167,0.04167,8,013,0,1,3,Sn,False,8,-29.90800429,-34.349418,-0.04152,0.04152,8,112,1,1,2,0.133929,0.286517,1.385736,2.586106539,0.0,1.897323132,96,384,-284.86256561,-354.566174,-4.062053987500001,-2.2903093938541663,-2.931094739583333,4,,6.125,-430.307871,,-4.5738174375,-3.7200707499999996,,1,,2.7213541666666665,2.2507177033492822,,"(0.4117647058823529, 0.16470588235294117, 0.8313725490196079)",True,False,True,True,182,197,15,"(0.07450980392156863, 0.9215686274509803, 0.0)",True,182,182,0,"(0.0, 1.0, 0.0)",False,,,,,False
264_Si156Sn108_001_001_a0.276923_b0.041026_c2.1_interface1shift4swap8,1,4,4,Si,False,3.0303030303030303,8,-42.60220066,-45.400925,-0.04051,0.04051,26,001,0,0,1,Sn,False,8,-29.90800429,-34.349418,-0.0339,0.0339,18,001,0,0,1,0.276923,0.041026,2.1,0.582945824,0.0,1.162487268,264,1056,-1096.23261932,-1212.705901,-4.531887809375,-3.877736418068181,,4,,27.522727272727273,,,,,,1,,,,,,True,True,False,False,,,,,False,,,,,False,,,,,
168_Ge96Sn72_011_011_a0.169643_b0.579487_c2.065574_interface3shift3,3,3,3,Ge,False,4.761904761904762,8,-35.08485951,-38.831661,-0.0275,0.0275,16,011,0,1,1,Sn,False,8,-29.90800429,-34.349418,-0.02397,0.02397,12,011,0,1,1,0.169643,0.579487,2.065574,0.671433747,0.0,1.338356733,168,672,-670.55272086,-750.233478,-4.062053987500001,-3.604522958690476,-4.030073803571428,4,,9.041666666666666,-766.10571,,-4.5738174375,-4.124551375,,1,,2.505952380952381,3.6080760095011875,,"(0.4470588235294118, 0.09411764705882353, 0.9019607843137255)",True,False,True,True,162,178,16,"(0.08627450980392157, 0.9098039215686274, 0.0)",True,162,168,6,"(0.03529411764705882, 0.9607843137254902, 0.0)",False,,,,,False
336_Ge192Sn144_011_011_a0.087179_b0.410256_c2.065574_interface2shift1,2,1,1,Ge,False,2.380952380952381,8,-35.08485951,-38.831661,-0.0275,0.0275,32,011,0,1,1,Sn,False,8,-29.90800429,-34.349418,-0.02397,0.02397,24,011,0,1,1,0.087179,0.410256,2.065574,0.671433747,0.0,1.338356733,336,1344,,,,,,4,,,,,,,,1,,,,,,True,False,False,False,,,,,False,,,,,False,,,,,
48_Sn48_114_114_a0.0_b0.0_c0.0_interface1shift1swap1,1,1,1,Sn,False,16.666666666666664,8,-29.90800429,-34.349418,-0.04167,0.04167,4,114,1,1,4,Sn,False,8,-29.90800429,-34.349418,-0.04167,0.04167,4,114,1,1,4,0.0,0.0,0.0,0.0,0.0,0.0,48,192,-544.16757393,,-3.73850053625,-10.090657611458333,,4,,5.854166666666667,-34.801001,,-4.29367725,0.7062048958333333,,1,,4.557291666666667,1.2845714285714285,,"(0.32941176470588235, 0.32941176470588235, 0.6666666666666666)",False,True,True,True,,,,,False,,,,,False,,,,,True
336_Ge192Sn144_011_011_a0.507692_b0.010256_c2.163935_interface4shift6,4,6,6,Ge,False,2.380952380952381,8,-35.08485951,-38.831661,-0.0275,0.0275,32,011,0,1,1,Sn,False,8,-29.90800429,-34.349418,-0.02397,0.02397,24,011,0,1,1,0.507692,0.010256,2.163935,0.671433747,0.0,1.338356733,336,1344,,,,,,4,,,,,,,,1,,,,,,True,False,False,False,,,,,False,,,,,False,,,,,
96_Si48Sn48_112_111_a0.860215_b0.150327_c1.480958_interface2shift4,2,4,4,Si,False,8.333333333333332,8,-42.60220066,-45.400925,-0.04167,0.04167,8,112,1,1,2,Sn,False,8,-29.90800429,-34.349418,-0.02936,0.02936,8,111,1,1,1,0.860215,0.150327,1.480958,3.476550341,0.0,0.950312614,96,384,,,,,,4,,,-474.500942,,-4.9843964375,-4.11198540625,,1,,9.143229166666666,,,,True,False,False,False,,,,,False,,,,,False,,,,,False
168_Ge96Sn72_111_111_a0.044025_b0.899371_c2.262296_interface11shift2,11,2,2,Ge,False,4.761904761904762,8,-35.08485951,-38.831661,0.29966,0.36701,16,111,1,1,1,Sn,False,8,-29.90800429,-34.349418,0.30397,0.36269,12,111,1,1,1,0.044025,0.899371,2.262296,0.671435356,6.83e-06,1.338350773,168,672,-683.26145915,-766.751679,-4.062053987500001,-3.6801702104166663,-4.1283964285714285,4,,13.625,-768.991546,,-4.5738174375,-4.141728970238096,,1,,0.8244047619047619,16.52707581227437,,"(0.4470588235294118, 0.09411764705882353, 0.9019607843137255)",True,False,True,True,130,135,5,"(0.03529411764705882, 0.9607843137254902, 0.0)",True,130,129,1,"(0.00392156862745098, 0.9921568627450981, 0.0)",False,,,,,False
60_Si36Sn24_012_012_a0.0_b0.0_c0.0_interface15shift1,15,1,1,Si,False,13.333333333333334,8,-42.60220066,-45.400925,-0.04167,0.04167,6,012,0,1,2,Sn,False,8,-29.90800429,-34.349418,-0.04167,0.04167,4,012,0,1,2,0.0,0.0,0.0,2.441372156,0.0,4.823124409,60,240,306.28930932,566.15866,-4.531887809375,6.313325237833333,10.76515005,4,,9.6,-299.510759,,-4.9843964375,-3.6626736,,1,,3.1708333333333334,3.0275952693823913,,"(0.36470588235294116, 0.26666666666666666, 0.7333333333333333)",False,False,False,True,206,207,1,"(0.00392156862745098, 0.9921568627450981, 0.0)",True,206,220,14,"(0.06274509803921569, 0.9333333333333333, 0.0)",False,,,,,False
108_Ge60Sn48_001_001_a0.0_b0.0_c0.0_interface16shift1,16,1,1,Ge,False,7.4074074074074066,8,-35.08485951,-38.831661,-0.03888,0.03888,10,001,0,0,1,Sn,False,8,-29.90800429,-34.349418,-0.0339,0.0339,8,001,0,0,1,0.0,0.0,0.0,2.586106539,0.0,5.239093304,108,432,,,,,,4,,,,,,,,1,,,,,,False,False,False,False,,,,,False,,,,,False,,,,,
336_Ge192Sn144_011_011_a0.0_b0.0_c0.0_interface2shift1,2,1,1,Ge,False,2.380952380952381,8,-35.08485951,-38.831661,-0.0275,0.0275,32,011,0,1,1,Sn,False,8,-29.90800429,-34.349418,-0.02397,0.02397,24,011,0,1,1,0.0,0.0,0.0,0.671433747,0.0,1.338356733,336,1344,,,,,,4,,,,,,,,1,,,,,,False,False,False,False,,,,,False,,,,,False,,,,,
48_Sn48_114_114_a0.0_b0.0_c0.0_interface1shift1swap2,1,1,1,Sn,False,16.666666666666664,8,-29.90800429,-34.349418,-0.04167,0.04167,4,114,1,1,4,Sn,False,8,-29.90800429,-34.349418,-0.04167,0.04167,4,114,1,1,4,0.0,0.0,0.0,0.0,0.0,0.0,48,192,-495.69822693,,-3.73850053625,-9.080879548958332,,4,,6.5625,-34.801001,,-4.29367725,0.7062048958333333,,1,,4.552083333333333,1.4416475972540046,,"(0.32941176470588235, 0.32941176470588235, 0.6666666666666666)",False,True,True,True,,,,,False,,,,,False,,,,,True
264_Si156Sn108_001_001_a0.276923_b0.041026_c2.1_interface1shift6swap4,1,6,6,Si,False,3.0303030303030303,8,-42.60220066,-45.400925,-0.04051,0.04051,26,001,0,0,1,Sn,False,8,-29.90800429,-34.349418,-0.0339,0.0339,18,001,0,0,1,0.276923,0.041026,2.1,0.582945824,0.0,1.162487268,264,1056,-1095.68277428,-1210.158311,-4.531887809375,-3.8756536717045456,-4.281848363636364,4,,26.96590909090909,-1304.398782,,-4.9843964375,-4.63881984469697,,1,,5.287878787878788,5.099570200573066,,"(0.4666666666666667, 0.058823529411764705, 0.9372549019607843)",True,True,True,True,63,24,39,"(0.615686274509804, 0.3803921568627451, 0.0)",True,63,64,1,"(0.011764705882352941, 0.984313725490196, 0.0)",False,,,,,False
264_Si156Sn108_001_001_a0.276923_b0.041026_c2.1_interface1shift2swap2,1,2,2,Si,False,3.0303030303030303,8,-42.60220066,-45.400925,-0.04051,0.04051,26,001,0,0,1,Sn,False,8,-29.90800429,-34.349418,-0.0339,0.0339,18,001,0,0,1,0.276923,0.041026,2.1,0.582945824,0.0,1.162487268,264,1056,-1098.15980966,-1212.707255,-4.531887809375,-3.8850363814772724,-4.291503454545455,4,,25.931818181818183,-1304.503785,,-4.9843964375,-4.639217583333334,,1,,3.9829545454545454,6.510699001426534,,"(0.4666666666666667, 0.058823529411764705, 0.9372549019607843)",True,True,True,True,48,23,25,"(0.5176470588235295, 0.47843137254901963, 0.0)",True,48,53,5,"(0.09411764705882353, 0.9019607843137255, 0.0)",False,,,,,False
96_Si48Sn48_112_111_a0.365591_b0.156863_c1.480959_interface3shift1,3,1,1,Si,False,8.333333333333332,8,-42.60220066,-45.400925,-0.04167,0.04167,8,112,1,1,2,Sn,False,8,-29.90800429,-34.349418,-0.02936,0.02936,8,111,1,1,1,0.365591,0.156863,1.480959,3.476550341,0.0,0.950312614,96,384,,,,,,4,,,-474.394526,,-4.9843964375,-4.11087690625,,1,,3.3177083333333335,,,,True,False,False,False,,,,,False,,,,,False,,,,,False
264_Si156Sn108_001_001_a0.276923_b0.041026_c2.1_interface1shift1swap2,1,1,1,Si,False,3.0303030303030303,8,-42.60220066,-45.400925,-0.04051,0.04051,26,001,0,0,1,Sn,False,8,-29.90800429,-34.349418,-0.0339,0.0339,18,001,0,0,1,0.276923,0.041026,2.1,0.582945824,0.0,1.162487268,264,1056,-1098.3594169,-1212.891274,-4.531887809375,-3.8857924695075754,-4.292200496212121,4,,25.848484848484848,-1304.068491,,-4.9843964375,-4.637568742424243,,1,,4.082386363636363,6.331709580143818,,"(0.4666666666666667, 0.058823529411764705, 0.9372549019607843)",True,True,True,True,46,30,16,"(0.34509803921568627, 0.6509803921568628, 0.0)",True,46,52,6,"(0.11372549019607843, 0.8823529411764706, 0.0)",False,,,,,False
264_Si156Sn108_001_001_a0.276923_b0.041026_c2.1_interface1shift1swap7,1,1,1,Si,False,3.0303030303030303,8,-42.60220066,-45.400925,-0.04051,0.04051,26,001,0,0,1,Sn,False,8,-29.90800429,-34.349418,-0.0339,0.0339,18,001,0,0,1,0.276923,0.041026,2.1,0.582945824,0.0,1.162487268,264,1056,-1093.44429373,-1209.900524,-4.531887809375,-3.867174578712121,-4.280871897727272,4,,27.25378787878788,-1304.393743,,-4.9843964375,-4.638800757575758,,1,,6.551136363636363,4.160161896501879,,"(0.4666666666666667, 0.058823529411764705, 0.9372549019607843)",True,True,True,True,76,25,51,"(0.6705882352941176, 0.3254901960784314, 0.0)",True,76,67,9,"(0.11764705882352941, 0.8784313725490196, 0.0)",False,,,,,False
168_Ge96Sn72_011_011_a0.089286_b0.666667_c2.065574_interface3shift1,3,1,1,Ge,False,4.761904761904762,8,-35.08485951,-38.831661,-0.0275,0.0275,16,011,0,1,1,Sn,False,8,-29.90800429,-34.349418,-0.02397,0.02397,12,011,0,1,1,0.089286,0.666667,2.065574,0.671433747,0.0,1.338356733,168,672,-670.43403442,-750.20576,-4.062053987500001,-3.603816491785714,-4.029908815476191,4,,8.946428571428571,-766.109929,,-4.5738174375,-4.124576488095238,,1,,2.7648809523809526,3.2357373519913883,,"(0.4470588235294118, 0.09411764705882353, 0.9019607843137255)",True,False,True,True,168,176,8,"(0.043137254901960784, 0.9529411764705882, 0.0)",True,168,173,5,"(0.027450980392156862, 0.9686274509803922, 0.0)",False,,,,,False
264_Si156Sn108_001_001_a0.276923_b0.041026_c2.1_interface1shift3swap3,1,3,3,Si,False,3.0303030303030303,8,-42.60220066,-45.400925,-0.04051,0.04051,26,001,0,0,1,Sn,False,8,-29.90800429,-34.349418,-0.0339,0.0339,18,001,0,0,1,0.276923,0.041026,2.1,0.582945824,0.0,1.162487268,264,1056,-1102.0808163,-1218.290353,-4.531887809375,-3.89988867935606,-4.312651553030304,4,,27.03787878787879,-1302.955231,,-4.9843964375,-4.633351848484849,,1,,4.229166666666667,6.3931930138826685,,"(0.4666666666666667, 0.058823529411764705, 0.9372549019607843)",True,True,True,True,36,46,10,"(0.21568627450980393, 0.7803921568627451, 0.0)",True,36,36,0,"(0.0, 1.0, 0.0)",False,,,,,False
264_Si156Sn108_001_001_a0.276923_b0.041026_c2.1_interface1shift8swap7,1,8,8,Si,False,3.0303030303030303,8,-42.60220066,-45.400925,-0.04051,0.04051,26,001,0,0,1,Sn,False,8,-29.90800429,-34.349418,-0.0339,0.0339,18,001,0,0,1,0.276923,0.041026,2.1,0.582945824,0.0,1.162487268,264,1056,-1092.90090121,-1209.08367,-4.531887809375,-3.865116273712121,-4.277777753787879,4,,27.018939393939394,-1300.305434,,-4.9843964375,-4.623314738636364,,1,,3.714962121212121,7.2730053530461385,,"(0.4666666666666667, 0.058823529411764705, 0.9372549019607843)",True,True,True,True,78,69,9,"(0.11372549019607843, 0.8823529411764706, 0.0)",True,78,75,3,"(0.03529411764705882, 0.9607843137254902, 0.0)",False,,,,,False
264_Si156Sn108_001_001_a0.276923_b0.041026_c2.1_interface1shift6swap6,1,6,6,Si,False,3.0303030303030303,8,-42.60220066,-45.400925,-0.04051,0.04051,26,001,0,0,1,Sn,False,8,-29.90800429,-34.349418,-0.0339,0.0339,18,001,0,0,1,0.276923,0.041026,2.1,0.582945824,0.0,1.162487268,264,1056,-1105.03224999,-1221.093267,-4.531887809375,-3.9110683524242424,-4.323268651515152,4,,25.848484848484848,-1301.76113,,-4.9843964375,-4.628828738636364,,1,,4.173295454545454,6.1937826185613805,,"(0.4666666666666667, 0.058823529411764705, 0.9372549019607843)",True,True,True,True,31,63,32,"(0.5058823529411764, 0.49019607843137253, 0.0)",True,31,32,1,"(0.027450980392156862, 0.9686274509803922, 0.0)",False,,,,,False
168_Ge96Sn72_111_111_a0.138365_b0.830189_c2.262296_interface10shift8,10,8,8,Ge,False,4.761904761904762,8,-35.08485951,-38.831661,0.29966,0.36701,16,111,1,1,1,Sn,False,8,-29.90800429,-34.349418,0.30397,0.36269,12,111,1,1,1,0.138365,0.830189,2.262296,0.671435356,6.83e-06,1.338350773,168,672,-683.24023098,-766.737096,-4.062053987500001,-3.6800438522619046,-4.128309624999999,4,,12.886904761904763,-768.988439,,-4.5738174375,-4.141710476190476,,1,,0.8973214285714286,14.361525704809287,,"(0.4470588235294118, 0.09411764705882353, 0.9019607843137255)",True,False,True,True,135,141,6,"(0.0392156862745098, 0.9568627450980393, 0.0)",True,135,135,0,"(0.0, 1.0, 0.0)",False,,,,,False
264_Si156Sn108_001_001_a0.276923_b0.041026_c2.1_interface1shift8,1,8,8,Si,False,3.0303030303030303,8,-42.60220066,-45.400925,-0.04051,0.04051,26,001,0,0,1,Sn,False,8,-29.90800429,-34.349418,-0.0339,0.0339,18,001,0,0,1,0.276923,0.041026,2.1,0.582945824,0.0,1.162487268,264,1056,-1172.46388907,-1283.856435,-4.531887809375,-4.166491227727272,-4.561007924242424,4,,21.40530303030303,-1320.959114,,-4.9843964375,-4.701548375000001,,1,,2.4886363636363638,8.601217656012176,,"(0.4666666666666667, 0.058823529411764705, 0.9372549019607843)",True,False,True,True,16,16,0,"(0.0, 1.0, 0.0)",True,16,13,3,"(0.1843137254901961, 0.8117647058823529, 0.0)",False,,,,,False
168_Ge96Sn72_111_111_a0.044025_b0.396226_c2.262296_interface11shift1,11,1,1,Ge,False,4.761904761904762,8,-35.08485951,-38.831661,0.29966,0.36701,16,111,1,1,1,Sn,False,8,-29.90800429,-34.349418,0.30397,0.36269,12,111,1,1,1,0.044025,0.396226,2.262296,0.671435356,6.83e-06,1.338350773,168,672,-683.27872403,-766.761702,-4.062053987500001,-3.680272977559524,-4.128456089285715,4,,13.80952380952381,-768.993044,,-4.5738174375,-4.141737886904762,,1,,0.8660714285714286,15.945017182130584,,"(0.4470588235294118, 0.09411764705882353, 0.9019607843137255)",True,False,True,True,118,123,5,"(0.0392156862745098, 0.9568627450980393, 0.0)",True,118,118,0,"(0.0, 1.0, 0.0)",False,,,,,False
264_Si156Sn108_001_001_a0.276923_b0.041026_c2.1_interface1shift8swap6,1,8,8,Si,False,3.0303030303030303,8,-42.60220066,-45.400925,-0.04051,0.04051,26,001,0,0,1,Sn,False,8,-29.90800429,-34.349418,-0.0339,0.0339,18,001,0,0,1,0.276923,0.041026,2.1,0.582945824,0.0,1.162487268,264,1056,-1098.71183585,-1214.865042,-4.531887809375,-3.8871273897727265,,4,,26.977272727272727,,,,,,1,,,,,,True,True,False,False,,,,,False,,,,,False,,,,,
96_Ge48Sn48_013_112_a0.125_b0.792135_c1.385736_interface14shift7,14,7,7,Ge,False,8.333333333333332,8,-35.08485951,-38.831661,-0.04167,0.04167,8,013,0,1,3,Sn,False,8,-29.90800429,-34.349418,-0.04152,0.04152,8,112,1,1,2,0.125,0.792135,1.385736,2.586106539,0.0,1.897323132,96,384,-287.76867748,-357.024563,-4.062053987500001,-2.3205813925,-2.956702958333333,4,,6.083333333333333,-430.197534,,-4.5738174375,-3.7189214062500002,,1,,2.3567708333333335,2.581215469613259,,"(0.4117647058823529, 0.16470588235294117, 0.8313725490196079)",True,False,True,True,176,199,23,"(0.11372549019607843, 0.8823529411764706, 0.0)",True,176,176,0,"(0.0, 1.0, 0.0)",False,,,,,False
168_Ge96Sn72_011_011_a0.484277_b0.276923_c2.262295_interface8shift7,8,7,7,Ge,False,4.761904761904762,8,-35.08485951,-38.831661,-0.0275,0.0275,16,011,0,1,1,Sn,False,8,-29.90800429,-34.349418,-0.02397,0.02397,12,011,0,1,1,0.484277,0.276923,2.262295,0.671435356,0.0,1.338356733,168,672,-669.01374902,-755.440346,-4.062053987500001,-3.5953624120238095,-4.06106706547619,4,,14.875,-766.716248,,-4.5738174375,-4.128185529761905,,1,,3.3407738095238093,4.452561247216036,,"(0.4470588235294118, 0.09411764705882353, 0.9019607843137255)",True,False,True,True,174,152,22,"(0.12549019607843137, 0.8705882352941177, 0.0)",True,174,158,16,"(0.09019607843137255, 0.9058823529411765, 0.0)",False,,,,,False
168_Ge96Sn72_011_011_a0.223214_b0.993711_c2.163935_interface7shift3,7,3,3,Ge,False,4.761904761904762,8,-35.08485951,-38.831661,-0.0275,0.0275,16,011,0,1,1,Sn,False,8,-29.90800429,-34.349418,-0.02397,0.02397,12,011,0,1,1,0.223214,0.993711,2.163935,0.671435356,0.0,1.338356733,168,672,-676.89039149,-755.736979,-4.062053987500001,-3.642247188630952,-4.0628327380952385,4,,7.773809523809524,-766.31771,,-4.5738174375,-4.125813279761905,,1,,1.8824404761904763,4.129644268774704,,"(0.4470588235294118, 0.09411764705882353, 0.9019607843137255)",True,False,True,True,140,159,19,"(0.11764705882352941, 0.8784313725490196, 0.0)",True,140,140,0,"(0.0, 1.0, 0.0)",False,,,,,False
336_Ge192Sn144_011_011_a0.071795_b0.405128_c2.163935_interface2shift3,2,3,3,Ge,False,2.380952380952381,8,-35.08485951,-38.831661,-0.0275,0.0275,32,011,0,1,1,Sn,False,8,-29.90800429,-34.349418,-0.02397,0.02397,24,011,0,1,1,0.071795,0.405128,2.163935,0.671433747,0.0,1.338356733,336,1344,,,,,,4,,,,,,,,1,,,,,,True,False,False,False,,,,,False,,,,,False,,,,,
120_Si72Sn48_011_011_a0.956989_b0.128788_c2.163935_interface8shift4,8,4,4,Si,False,6.666666666666667,8,-42.60220066,-45.400925,-0.02864,0.02864,12,011,0,1,1,Sn,False,8,-29.90800429,-34.349418,-0.02397,0.02397,8,011,0,1,1,0.956989,0.128788,2.163935,2.441367626,0.0,4.823124409,120,480,-550.52382664,-600.355742,-4.531887809375,-3.983446847416667,-4.338378324999999,4,,5.016666666666667,-606.417313,,-4.9843964375,-4.388891416666667,,1,,3.24375,1.5465639049454079,,"(0.43137254901960786, 0.13333333333333333, 0.8666666666666667)",True,False,True,True,17,80,63,"(0.7843137254901961, 0.21176470588235294, 0.0)",True,17,18,1,"(0.054901960784313725, 0.9411764705882353, 0.0)",False,,,,,False
96_Si48Sn48_112_111_a0.860215_b0.156863_c1.480959_interface3shift8,3,8,8,Si,False,8.333333333333332,8,-42.60220066,-45.400925,-0.04167,0.04167,8,112,1,1,2,Sn,False,8,-29.90800429,-34.349418,-0.02936,0.02936,8,111,1,1,1,0.860215,0.156863,1.480959,3.476550341,0.0,0.950312614,96,384,,,,,,4,,,-474.396587,,-4.9843964375,-4.1108983750000005,,1,,3.1484375,,,,True,False,False,False,,,,,False,,,,,False,,,,,False
108_Ge60Sn48_001_001_a0.253968_b0.031746_c2.3_interface16shift7,16,7,7,Ge,False,7.4074074074074066,8,-35.08485951,-38.831661,-0.03888,0.03888,10,001,0,0,1,Sn,False,8,-29.90800429,-34.349418,-0.0339,0.0339,8,001,0,0,1,0.253968,0.031746,2.3,2.586106539,0.0,5.239093304,108,432,,,,,,4,,,-490.124904,,-4.5738174375,-3.8605909722222225,,1,,1.2824074074074074,,,,True,False,False,False,,,,,False,,,,,False,,,,,False
264_Si156Sn108_001_001_a0.276923_b0.041026_c2.1_interface1shift5,1,5,5,Si,False,3.0303030303030303,8,-42.60220066,-45.400925,-0.04051,0.04051,26,001,0,0,1,Sn,False,8,-29.90800429,-34.349418,-0.0339,0.0339,18,001,0,0,1,0.276923,0.041026,2.1,0.582945824,0.0,1.162487268,264,1056,-1172.47460295,-1283.848467,-4.531887809375,-4.16653181060606,-4.560977742424242,4,,22.818181818181817,-1320.977882,,-4.9843964375,-4.701619465909091,,1,,2.308712121212121,9.883511074651354,,"(0.4666666666666667, 0.058823529411764705, 0.9372549019607843)",True,False,True,True,15,12,3,"(0.2, 0.8, 0.0)",True,15,15,0,"(0.0, 1.0, 0.0)",False,,,,,False
264_Si156Sn108_001_001_a0.276923_b0.041026_c2.1_interface1shift5swap3,1,5,5,Si,False,3.0303030303030303,8,-42.60220066,-45.400925,-0.04051,0.04051,26,001,0,0,1,Sn,False,8,-29.90800429,-34.349418,-0.0339,0.0339,18,001,0,0,1,0.276923,0.041026,2.1,0.582945824,0.0,1.162487268,264,1056,-1099.41749893,-1216.23,-4.531887809375,-3.889800355984848,,4,,26.886363636363637,,,,,,1,,,,,,True,True,False,False,,,,,False,,,,,False,,,,,
168_Ge96Sn72_011_011_a0.223214_b0.245283_c2.163935_interface7shift6,7,6,6,Ge,False,4.761904761904762,8,-35.08485951,-38.831661,-0.0275,0.0275,16,011,0,1,1,Sn,False,8,-29.90800429,-34.349418,-0.02397,0.02397,12,011,0,1,1,0.223214,0.245283,2.163935,0.671435356,0.0,1.338356733,168,672,-676.96977249,-755.756896,-4.062053987500001,-3.642719694583333,-4.062951291666666,4,,7.779761904761905,-766.318974,,-4.5738174375,-4.125820803571429,,1,,1.8630952380952381,4.175718849840256,,"(0.4470588235294118, 0.09411764705882353, 0.9019607843137255)",True,False,True,True,139,157,18,"(0.11372549019607843, 0.8823529411764706, 0.0)",True,139,139,0,"(0.0, 1.0, 0.0)",False,,,,,False
336_Ge192Sn144_011_011_a0.876923_b0.133333_c2.163935_interface4shift2,4,2,2,Ge,False,2.380952380952381,8,-35.08485951,-38.831661,-0.0275,0.0275,32,011,0,1,1,Sn,False,8,-29.90800429,-34.349418,-0.02397,0.02397,24,011,0,1,1,0.876923,0.133333,2.163935,0.671433747,0.0,1.338356733,336,1344,,,,,,4,,,,,,,,1,,,,,,True,False,False,False,,,,,False,,,,,False,,,,,
336_Ge192Sn144_011_011_a0.2_b0.476923_c2.163935_interface5shift1,5,1,1,Ge,False,2.380952380952381,8,-35.08485951,-38.831661,-0.0275,0.0275,32,011,0,1,1,Sn,False,8,-29.90800429,-34.349418,-0.02397,0.02397,24,011,0,1,1,0.2,0.476923,2.163935,0.671433747,0.0,1.338356733,336,1344,,,,,,4,,,,,,,,1,,,,,,True,False,False,False,,,,,False,,,,,False,,,,,
264_Si156Sn108_001_001_a0.276923_b0.041026_c2.1_interface1shift7swap1,1,7,7,Si,False,3.0303030303030303,8,-42.60220066,-45.400925,-0.04051,0.04051,26,001,0,0,1,Sn,False,8,-29.90800429,-34.349418,-0.0339,0.0339,18,001,0,0,1,0.276923,0.041026,2.1,0.582945824,0.0,1.162487268,264,1056,-1105.42268648,-1221.662549,-4.531887809375,-3.912547278522727,-4.325425022727273,4,,26.117424242424242,-1300.492379,,-4.9843964375,-4.624022863636364,,1,,6.0018939393939394,4.35153045124645,,"(0.4666666666666667, 0.058823529411764705, 0.9372549019607843)",True,True,True,True,28,67,39,"(0.5803921568627451, 0.41568627450980394, 0.0)",True,28,29,1,"(0.03137254901960784, 0.9647058823529412, 0.0)",False,,,,,False
288_Sn288_011_011_a0.0_b0.0_c0.0_interface15shift1swap1,15,1,1,Sn,False,2.7777777777777777,8,-29.90800429,-34.349418,-0.02397,0.02397,24,011,0,1,1,Sn,False,8,-29.90800429,-34.349418,-0.02397,0.02397,24,011,0,1,1,0.0,0.0,0.0,0.0,0.0,0.0,288,1152,,,,,,4,,,,,,,,1,,,,,,False,True,False,False,,,,,False,,,,,False,,,,,
96_Si48Sn48_112_111_a0.870968_b0.411765_c1.480959_interface3shift7,3,7,7,Si,False,8.333333333333332,8,-42.60220066,-45.400925,-0.04167,0.04167,8,112,1,1,2,Sn,False,8,-29.90800429,-34.349418,-0.02936,0.02936,8,111,1,1,1,0.870968,0.411765,1.480959,3.476550341,0.0,0.950312614,96,384,,,,,,4,,,-474.400012,,-4.9843964375,-4.1109340520833335,,1,,3.8515625,,,,True,False,False,False,,,,,False,,,,,False,,,,,False
264_Si156Sn108_001_001_a0.276923_b0.041026_c2.1_interface1shift4swap7,1,4,4,Si,False,3.0303030303030303,8,-42.60220066,-45.400925,-0.04051,0.04051,26,001,0,0,1,Sn,False,8,-29.90800429,-34.349418,-0.0339,0.0339,18,001,0,0,1,0.276923,0.041026,2.1,0.582945824,0.0,1.162487268,264,1056,-1093.54284416,-1210.021933,-4.531887809375,-3.867547875795454,-4.281331780303031,4,,26.37878787878788,-1303.211475,,-4.9843964375,-4.63432246969697,,1,,4.3210227272727275,6.104755643217182,,"(0.4666666666666667, 0.058823529411764705, 0.9372549019607843)",True,True,True,True,74,43,31,"(0.41568627450980394, 0.5803921568627451, 0.0)",True,74,65,9,"(0.12156862745098039, 0.8745098039215686, 0.0)",False,,,,,False
264_Si156Sn108_001_001_a0.276923_b0.041026_c2.1_interface1shift5swap6,1,5,5,Si,False,3.0303030303030303,8,-42.60220066,-45.400925,-0.04051,0.04051,26,001,0,0,1,Sn,False,8,-29.90800429,-34.349418,-0.0339,0.0339,18,001,0,0,1,0.276923,0.041026,2.1,0.582945824,0.0,1.162487268,264,1056,-1103.03638504,-1219.044807,-4.531887809375,-3.903508257916666,-4.315509333333334,4,,27.291666666666668,-1300.925292,,-4.9843964375,-4.62566268560606,,1,,4.512310606060606,6.048268625393494,,"(0.4666666666666667, 0.058823529411764705, 0.9372549019607843)",True,True,True,True,34,66,32,"(0.4823529411764706, 0.5137254901960784, 0.0)",True,34,34,0,"(0.0, 1.0, 0.0)",False,,,,,False
264_Si156Sn108_001_001_a0.276923_b0.041026_c2.1_interface1shift4swap3,1,4,4,Si,False,3.0303030303030303,8,-42.60220066,-45.400925,-0.04051,0.04051,26,001,0,0,1,Sn,False,8,-29.90800429,-34.349418,-0.0339,0.0339,18,001,0,0,1,0.276923,0.041026,2.1,0.582945824,0.0,1.162487268,264,1056,-1100.74035839,-1218.172681,-4.531887809375,-3.894811187272727,,4,,26.143939393939394,,,,,,1,,,,,,True,True,False,False,,,,,False,,,,,False,,,,,
48_Sn48_114_114_a0.0_b0.0_c0.0_interface1shift1swap6,1,1,1,Sn,False,16.666666666666664,8,-29.90800429,-34.349418,-0.04167,0.04167,4,114,1,1,4,Sn,False,8,-29.90800429,-34.349418,-0.04167,0.04167,4,114,1,1,4,0.0,0.0,0.0,0.0,0.0,0.0,48,192,-542.86991493,,-3.73850053625,-10.063623048958334,,4,,7.375,-34.801001,,-4.29367725,0.7062048958333333,,1,,5.723958333333333,1.2884440400363968,,"(0.32941176470588235, 0.32941176470588235, 0.6666666666666666)",False,True,True,True,,,,,False,,,,,False,,,,,True
168_Ge96Sn72_011_011_a0.241071_b0.087179_c2.163935_interface6shift6,6,6,6,Ge,False,4.761904761904762,8,-35.08485951,-38.831661,-0.0275,0.0275,16,011,0,1,1,Sn,False,8,-29.90800429,-34.349418,-0.02397,0.02397,12,011,0,1,1,0.241071,0.087179,2.163935,0.671433747,0.0,1.338356733,168,672,-676.49844657,-755.610441,-4.062053987500001,-3.639914183154762,-4.062079535714286,4,,8.886904761904763,-766.314036,,-4.5738174375,-4.125791410714286,,1,,1.9508928571428572,4.555301296720061,,"(0.4470588235294118, 0.09411764705882353, 0.9019607843137255)",True,False,True,True,151,167,16,"(0.09411764705882353, 0.9019607843137255, 0.0)",True,151,151,0,"(0.0, 1.0, 0.0)",False,,,,,False
264_Si156Sn108_001_001_a0.276923_b0.041026_c2.1_interface1shift7swap6,1,7,7,Si,False,3.0303030303030303,8,-42.60220066,-45.400925,-0.04051,0.04051,26,001,0,0,1,Sn,False,8,-29.90800429,-34.349418,-0.0339,0.0339,18,001,0,0,1,0.276923,0.041026,2.1,0.582945824,0.0,1.162487268,264,1056,-1105.71798334,-1222.548466,-4.531887809375,-3.913665827234848,-4.328780768939394,4,,26.33712121212121,-1301.481739,,-4.9843964375,-4.62777043939394,,1,,4.089962121212121,6.439453577216948,,"(0.4666666666666667, 0.058823529411764705, 0.9372549019607843)",True,True,True,True,26,65,39,"(0.6, 0.4, 0.0)",True,26,26,0,"(0.0, 1.0, 0.0)",False,,,,,False
168_Ge96Sn72_111_111_a0.069182_b0.314465_c2.262296_interface1shift3,1,3,3,Ge,False,4.761904761904762,8,-35.08485951,-38.831661,-0.03367,0.03367,16,111,1,1,1,Sn,False,8,-29.90800429,-34.349418,-0.02936,0.02936,12,111,1,1,1,0.069182,0.314465,2.262296,0.671435356,0.0,1.338350773,168,672,-683.3003957,-766.776564,-4.062053987500001,-3.6804019755952377,-4.1285445535714285,4,,13.613095238095237,-768.995489,,-4.5738174375,-4.14175244047619,,1,,0.8258928571428571,16.482882882882883,,"(0.4470588235294118, 0.09411764705882353, 0.9019607843137255)",True,False,True,True,104,110,6,"(0.050980392156862744, 0.9450980392156862, 0.0)",True,104,104,0,"(0.0, 1.0, 0.0)",False,,,,,False
168_Ge96Sn72_011_011_a0.25_b0.589744_c2.163935_interface6shift1,6,1,1,Ge,False,4.761904761904762,8,-35.08485951,-38.831661,-0.0275,0.0275,16,011,0,1,1,Sn,False,8,-29.90800429,-34.349418,-0.02397,0.02397,12,011,0,1,1,0.25,0.589744,2.163935,0.671433747,0.0,1.338356733,168,672,-676.53856251,-755.615583,-4.062053987500001,-3.640152968511905,-4.062110142857144,4,,8.821428571428571,-766.311671,,-4.5738174375,-4.125777333333334,,1,,1.9657738095238095,4.487509462528387,,"(0.4470588235294118, 0.09411764705882353, 0.9019607843137255)",True,False,True,True,150,169,19,"(0.10980392156862745, 0.8862745098039215, 0.0)",True,150,150,0,"(0.0, 1.0, 0.0)",False,,,,,False
288_Sn288_011_011_a0.0_b0.0_c0.0_interface14shift1swap1,14,1,1,Sn,False,2.7777777777777777,8,-29.90800429,-34.349418,-0.02397,0.02397,24,011,0,1,1,Sn,False,8,-29.90800429,-34.349418,-0.02397,0.02397,24,011,0,1,1,0.0,0.0,0.0,0.0,0.0,0.0,288,1152,,,,,,4,,,,,,,,1,,,,,,False,True,False,False,,,,,False,,,,,False,,,,,
264_Si156Sn108_001_001_a0.276923_b0.041026_c2.1_interface1shift8swap1,1,8,8,Si,False,3.0303030303030303,8,-42.60220066,-45.400925,-0.04051,0.04051,26,001,0,0,1,Sn,False,8,-29.90800429,-34.349418,-0.0339,0.0339,18,001,0,0,1,0.276923,0.041026,2.1,0.582945824,0.0,1.162487268,264,1056,-1098.57869266,-1217.011352,-4.531887809375,-3.886623059507575,-4.307806852272727,4,,26.117424242424242,-1301.711513,,-4.9843964375,-4.628640795454546,,1,,5.847537878787879,4.466396761133603,,"(0.4666666666666667, 0.058823529411764705, 0.9372549019607843)",True,True,True,True,45,64,19,"(0.29411764705882354, 0.7019607843137254, 0.0)",True,45,41,4,"(0.08627450980392157, 0.9098039215686274, 0.0)",False,,,,,False
168_Ge96Sn72_111_111_a0.144654_b0.320755_c2.262296_interface10shift3,10,3,3,Ge,False,4.761904761904762,8,-35.08485951,-38.831661,0.29966,0.36701,16,111,1,1,1,Sn,False,8,-29.90800429,-34.349418,0.30397,0.36269,12,111,1,1,1,0.144654,0.320755,2.262296,0.671435356,6.83e-06,1.338350773,168,672,-683.28805212,-766.771389,-4.062053987500001,-3.6803285019047616,-4.128513750000001,4,,13.702380952380953,-768.994659,,-4.5738174375,-4.1417475,,1,,0.8318452380952381,16.472271914132378,,"(0.4470588235294118, 0.09411764705882353, 0.9019607843137255)",True,False,True,True,112,118,6,"(0.047058823529411764, 0.9490196078431372, 0.0)",True,112,112,0,"(0.0, 1.0, 0.0)",False,,,,,False
264_Si156Sn108_001_001_a0.276923_b0.041026_c2.1_interface1shift6swap3,1,6,6,Si,False,3.0303030303030303,8,-42.60220066,-45.400925,-0.04051,0.04051,26,001,0,0,1,Sn,False,8,-29.90800429,-34.349418,-0.0339,0.0339,18,001,0,0,1,0.276923,0.041026,2.1,0.582945824,0.0,1.162487268,264,1056,-1102.6157772,-1218.773369,-4.531887809375,-3.9019150464015144,,4,,27.185606060606062,,,,,,1,,,,,,True,True,False,False,,,,,False,,,,,False,,,,,
264_Si156Sn108_001_001_a0.276923_b0.041026_c2.1_interface1shift2swap1,1,2,2,Si,False,3.0303030303030303,8,-42.60220066,-45.400925,-0.04051,0.04051,26,001,0,0,1,Sn,False,8,-29.90800429,-34.349418,-0.0339,0.0339,18,001,0,0,1,0.276923,0.041026,2.1,0.582945824,0.0,1.162487268,264,1056,-1094.21035841,-1211.814447,-4.531887809375,-3.870076338863636,-4.288121606060606,4,,26.25,-1300.471006,,-4.9843964375,-4.62394190530303,,1,,4.620265151515151,5.681492109038738,,"(0.4666666666666667, 0.058823529411764705, 0.9372549019607843)",True,True,True,True,71,68,3,"(0.0392156862745098, 0.9568627450980393, 0.0)",True,71,57,14,"(0.19607843137254902, 0.8, 0.0)",False,,,,,False
168_Ge96Sn72_011_011_a0.25_b0.087179_c2.163935_interface6shift2,6,2,2,Ge,False,4.761904761904762,8,-35.08485951,-38.831661,-0.0275,0.0275,16,011,0,1,1,Sn,False,8,-29.90800429,-34.349418,-0.02397,0.02397,12,011,0,1,1,0.25,0.087179,2.163935,0.671433747,0.0,1.338356733,168,672,-676.78901866,-755.686551,-4.062053987500001,-3.6416437789285716,-4.062532571428572,4,,9.0,-766.315062,,-4.5738174375,-4.125797517857142,,1,,1.9761904761904763,4.554216867469879,,"(0.4470588235294118, 0.09411764705882353, 0.9019607843137255)",True,False,True,True,142,164,22,"(0.13333333333333333, 0.8627450980392157, 0.0)",True,142,144,2,"(0.011764705882352941, 0.984313725490196, 0.0)",False,,,,,False
48_Sn48_114_114_a0.0_b0.0_c0.0_interface1shift1,1,1,1,Sn,False,16.666666666666664,8,-29.90800429,-34.349418,-0.04167,0.04167,4,114,1,1,4,Sn,False,8,-29.90800429,-34.349418,-0.04167,0.04167,4,114,1,1,4,0.0,0.0,0.0,0.0,0.0,0.0,48,192,30.29612977,-46.591111,-3.73850053625,1.8773362156250002,0.4605776041666667,4,,7.416666666666667,-206.006977,,-4.29367725,-2.8605862708333327,,1,,2.046875,3.623409669211196,,"(0.32941176470588235, 0.32941176470588235, 0.6666666666666666)",False,False,False,True,194,220,26,"(0.11764705882352941, 0.8784313725490196, 0.0)",True,194,194,0,"(0.0, 1.0, 0.0)",False,,,,,False
96_Si48Sn48_112_111_a0.354839_b0.150327_c1.480958_interface2shift3,2,3,3,Si,False,8.333333333333332,8,-42.60220066,-45.400925,-0.04167,0.04167,8,112,1,1,2,Sn,False,8,-29.90800429,-34.349418,-0.02936,0.02936,8,111,1,1,1,0.354839,0.150327,1.480958,3.476550341,0.0,0.950312614,96,384,,,,,,4,,,-474.490062,,-4.9843964375,-4.111872072916667,,1,,8.234375,,,,True,False,False,False,,,,,False,,,,,False,,,,,False
96_Si48Sn48_112_111_a0.870968_b0.156863_c1.480959_interface4shift2,4,2,2,Si,False,8.333333333333332,8,-42.60220066,-45.400925,-0.04167,0.04167,8,112,1,1,2,Sn,False,8,-29.90800429,-34.349418,-0.02936,0.02936,8,111,1,1,1,0.870968,0.156863,1.480959,3.476550341,0.0,0.950312614,96,384,,,,,,4,,,-472.807425,,-4.9843964375,-4.094344604166667,,1,,5.122395833333333,,,,True,False,False,False,,,,,False,,,,,False,,,,,False
96_Si48Sn48_112_111_a0.860215_b0.156863_c1.480959_interface4shift8,4,8,8,Si,False,8.333333333333332,8,-42.60220066,-45.400925,-0.04167,0.04167,8,112,1,1,2,Sn,False,8,-29.90800429,-34.349418,-0.02936,0.02936,8,111,1,1,1,0.860215,0.156863,1.480959,3.476550341,0.0,0.950312614,96,384,,,,,,4,,,-474.396587,,-4.9843964375,-4.1108983750000005,,1,,3.2760416666666665,,,,True,False,False,False,,,,,False,,,,,False,,,,,False
168_Ge96Sn72_011_011_a0.116071_b0.08805_c2.065574_interface9shift1,9,1,1,Ge,False,4.761904761904762,8,-35.08485951,-38.831661,-0.0275,0.0275,16,011,0,1,1,Sn,False,8,-29.90800429,-34.349418,-0.02397,0.02397,12,011,0,1,1,0.116071,0.08805,2.065574,0.671435356,0.0,1.338356733,168,672,-670.55313628,-750.250237,-4.062053987500001,-3.6045254314285713,-4.03017355952381,4,,8.0,-767.818919,,-4.5738174375,-4.1347490476190485,,1,,6.739583333333333,1.1870170015455952,,"(0.4470588235294118, 0.09411764705882353, 0.9019607843137255)",True,False,True,True,161,144,17,"(0.10196078431372549, 0.8941176470588236, 0.0)",True,161,162,1,"(0.00392156862745098, 0.9921568627450981, 0.0)",False,,,,,False
336_Ge192Sn144_011_011_a0.210256_b0.282051_c2.065574_interface2shift8,2,8,8,Ge,False,2.380952380952381,8,-35.08485951,-38.831661,-0.0275,0.0275,32,011,0,1,1,Sn,False,8,-29.90800429,-34.349418,-0.02397,0.02397,24,011,0,1,1,0.210256,0.282051,2.065574,0.671433747,0.0,1.338356733,336,1344,,,,,,4,,,,,,,,1,,,,,,True,False,False,False,,,,,False,,,,,False,,,,,
96_Si48Sn48_112_111_a0.365591_b0.156863_c1.480959_interface4shift1,4,1,1,Si,False,8.333333333333332,8,-42.60220066,-45.400925,-0.04167,0.04167,8,112,1,1,2,Sn,False,8,-29.90800429,-34.349418,-0.02936,0.02936,8,111,1,1,1,0.365591,0.156863,1.480959,3.476550341,0.0,0.950312614,96,384,,,,,,4,,,-474.394526,,-4.9843964375,-4.11087690625,,1,,3.3333333333333335,,,,True,False,False,False,,,,,False,,,,,False,,,,,False
216_Si144Sn72_011_001_a0.909091_b0.106952_c1.967214_interface7shift6,7,6,6,Si,False,3.7037037037037033,8,-42.60220066,-45.400925,-0.02864,0.02864,24,011,0,1,1,Sn,False,8,-29.90800429,-34.349418,-0.0339,0.0339,12,001,0,0,1,0.909091,0.106952,1.967214,3.476561546,0.0,0.950324535,216,864,-995.08654567,-1080.537588,-4.531887809375,-4.271186762592593,-4.633274282407407,4,,9.25462962962963,-1112.894277,,-4.9843964375,-4.783073768518519,,1,,2.228009259259259,4.153766233766234,,"(0.4588235294117647, 0.07058823529411765, 0.9254901960784314)",True,False,True,True,2,5,3,"(0.6, 0.4, 0.0)",True,2,1,1,"(0.4980392156862745, 0.4980392156862745, 0.0)",False,,,,,False
168_Ge96Sn72_011_011_a0.754717_b0.230769_c2.163935_interface8shift4,8,4,4,Ge,False,4.761904761904762,8,-35.08485951,-38.831661,-0.0275,0.0275,16,011,0,1,1,Sn,False,8,-29.90800429,-34.349418,-0.02397,0.02397,12,011,0,1,1,0.754717,0.230769,2.163935,0.671435356,0.0,1.338356733,168,672,-676.76854011,-755.691003,-4.062053987500001,-3.641521882797619,-4.062559071428571,4,,14.202380952380953,-766.317767,,-4.5738174375,-4.125813619047619,,1,,1.9255952380952381,7.375579598145286,,"(0.4470588235294118, 0.09411764705882353, 0.9019607843137255)",True,False,True,True,143,158,15,"(0.09411764705882353, 0.9019607843137255, 0.0)",True,143,142,1,"(0.00392156862745098, 0.9921568627450981, 0.0)",False,,,,,False
264_Si156Sn108_001_001_a0.276923_b0.041026_c2.1_interface1shift6swap7,1,6,6,Si,False,3.0303030303030303,8,-42.60220066,-45.400925,-0.04051,0.04051,26,001,0,0,1,Sn,False,8,-29.90800429,-34.349418,-0.0339,0.0339,18,001,0,0,1,0.276923,0.041026,2.1,0.582945824,0.0,1.162487268,264,1056,-1098.78797179,-1215.599452,-4.531887809375,-3.887415783484848,-4.302458746212121,4,,27.265151515151516,-1302.110007,,-4.9843964375,-4.630150242424243,,1,,4.184659090909091,6.515501244625481,,"(0.4666666666666667, 0.058823529411764705, 0.9372549019607843)",True,True,True,True,43,57,14,"(0.24313725490196078, 0.7529411764705882, 0.0)",True,43,43,0,"(0.0, 1.0, 0.0)",False,,,,,False
168_Ge96Sn72_011_011_a0.0_b0.0_c0.0_interface6shift1,6,1,1,Ge,False,4.761904761904762,8,-35.08485951,-38.831661,-0.0275,0.0275,16,011,0,1,1,Sn,False,8,-29.90800429,-34.349418,-0.02397,0.02397,12,011,0,1,1,0.0,0.0,0.0,0.671433747,0.0,1.338356733,168,672,2141.21540326,1050.872559,-4.062053987500001,13.132192065833335,6.6907954642857135,4,,8.44047619047619,-767.072683,,-4.5738174375,-4.130307166666666,,1,,5.114583333333333,1.6502764038405586,,"(0.4470588235294118, 0.09411764705882353, 0.9019607843137255)",False,False,False,True,222,150,72,"(0.3215686274509804, 0.6745098039215687, 0.0)",True,222,217,5,"(0.0196078431372549, 0.9764705882352941, 0.0)",False,,,,,False
120_Si72Sn48_011_011_a0.0_b0.0_c0.0_interface13shift1,13,1,1,Si,False,6.666666666666667,8,-42.60220066,-45.400925,-0.02864,0.02864,12,011,0,1,1,Sn,False,8,-29.90800429,-34.349418,-0.02397,0.02397,8,011,0,1,1,0.0,0.0,0.0,2.441372156,0.0,4.823124409,120,480,553.51997062,642.159829,-4.531887809375,5.21691812975,6.0159180999999995,4,,20.691666666666666,-608.513194,,-4.9843964375,-4.406357091666666,,1,,6.435416666666667,3.2152800258983487,,"(0.43137254901960786, 0.13333333333333333, 0.8666666666666667)",False,False,False,True,203,72,131,"(0.6431372549019608, 0.35294117647058826, 0.0)",True,203,215,12,"(0.054901960784313725, 0.9411764705882353, 0.0)",False,,,,,False
264_Si156Sn108_001_001_a0.276923_b0.041026_c2.1_interface1shift7swap7,1,7,7,Si,False,3.0303030303030303,8,-42.60220066,-45.400925,-0.04051,0.04051,26,001,0,0,1,Sn,False,8,-29.90800429,-34.349418,-0.0339,0.0339,18,001,0,0,1,0.276923,0.041026,2.1,0.582945824,0.0,1.162487268,264,1056,-1097.25022593,-1213.708943,-4.531887809375,-3.8815909885606055,-4.295297727272728,4,,25.66287878787879,-1302.678441,,-4.9843964375,-4.632303401515152,,1,,4.005681818181818,6.40661938534279,,"(0.4666666666666667, 0.058823529411764705, 0.9372549019607843)",True,True,True,True,55,50,5,"(0.09019607843137255, 0.9058823529411765, 0.0)",True,55,47,8,"(0.1450980392156863, 0.8509803921568627, 0.0)",False,,,,,False
168_Ge96Sn72_011_011_a0.160714_b0.579487_c2.065574_interface3shift7,3,7,7,Ge,False,4.761904761904762,8,-35.08485951,-38.831661,-0.0275,0.0275,16,011,0,1,1,Sn,False,8,-29.90800429,-34.349418,-0.02397,0.02397,12,011,0,1,1,0.160714,0.579487,2.065574,0.671433747,0.0,1.338356733,168,672,-670.64126037,-750.255627,-4.062053987500001,-3.6050499795833337,-4.030205642857143,4,,9.005952380952381,-766.116045,,-4.5738174375,-4.124612892857143,,1,,2.5595238095238093,3.518604651162791,,"(0.4470588235294118, 0.09411764705882353, 0.9019607843137255)",True,False,True,True,157,174,17,"(0.09411764705882353, 0.9019607843137255, 0.0)",True,157,160,3,"(0.01568627450980392, 0.9803921568627451, 0.0)",False,,,,,False
336_Ge192Sn144_011_011_a0.374359_b0.133333_c2.163935_interface4shift1,4,1,1,Ge,False,2.380952380952381,8,-35.08485951,-38.831661,-0.0275,0.0275,32,011,0,1,1,Sn,False,8,-29.90800429,-34.349418,-0.02397,0.02397,24,011,0,1,1,0.374359,0.133333,2.163935,0.671433747,0.0,1.338356733,336,1344,,,,,,4,,,,,,,,1,,,,,,True,False,False,False,,,,,False,,,,,False,,,,,
168_Ge96Sn72_011_011_a0.223214_b0.748428_c2.163935_interface7shift5,7,5,5,Ge,False,4.761904761904762,8,-35.08485951,-38.831661,-0.0275,0.0275,16,011,0,1,1,Sn,False,8,-29.90800429,-34.349418,-0.02397,0.02397,12,011,0,1,1,0.223214,0.748428,2.163935,0.671435356,0.0,1.338356733,168,672,-677.09463235,-755.788058,-4.062053987500001,-3.643462908035714,-4.063136779761904,4,,8.011904761904763,-766.320133,,-4.5738174375,-4.125827702380953,,1,,1.7797619047619047,4.501672240802677,,"(0.4470588235294118, 0.09411764705882353, 0.9019607843137255)",True,False,True,True,137,155,18,"(0.11372549019607843, 0.8823529411764706, 0.0)",True,137,137,0,"(0.0, 1.0, 0.0)",False,,,,,False
336_Ge192Sn144_011_011_a0.451282_b0.728205_c2.163935_interface5shift2,5,2,2,Ge,False,2.380952380952381,8,-35.08485951,-38.831661,-0.0275,0.0275,32,011,0,1,1,Sn,False,8,-29.90800429,-34.349418,-0.02397,0.02397,24,011,0,1,1,0.451282,0.728205,2.163935,0.671433747,0.0,1.338356733,336,1344,,,,,,4,,,,,,,,1,,,,,,True,False,False,False,,,,,False,,,,,False,,,,,
108_Ge60Sn48_001_001_a0.507937_b0.285714_c2.3_interface16shift3,16,3,3,Ge,False,7.4074074074074066,8,-35.08485951,-38.831661,-0.03888,0.03888,10,001,0,0,1,Sn,False,8,-29.90800429,-34.349418,-0.0339,0.0339,8,001,0,0,1,0.507937,0.285714,2.3,2.586106539,0.0,5.239093304,108,432,,,,,,4,,,-490.124319,,-4.5738174375,-3.8605855555555557,,1,,1.1805555555555556,,,,True,False,False,False,,,,,False,,,,,False,,,,,False
168_Ge96Sn72_011_011_a0.987421_b0.276923_c2.262295_interface8shift8,8,8,8,Ge,False,4.761904761904762,8,-35.08485951,-38.831661,-0.0275,0.0275,16,011,0,1,1,Sn,False,8,-29.90800429,-34.349418,-0.02397,0.02397,12,011,0,1,1,0.987421,0.276923,2.262295,0.671435356,0.0,1.338356733,168,672,-669.31409628,-755.533692,-4.062053987500001,-3.597150193333333,-4.0616226964285715,4,,15.119047619047619,-766.702835,,-4.5738174375,-4.1281056904761915,,1,,2.9598214285714284,5.108094519859226,,"(0.4470588235294118, 0.09411764705882353, 0.9019607843137255)",True,False,True,True,172,154,18,"(0.10196078431372549, 0.8941176470588236, 0.0)",True,172,155,17,"(0.09803921568627451, 0.8980392156862745, 0.0)",False,,,,,False
96_Ge48Sn48_013_112_a0.133929_b0.792135_c1.286755_interface14shift6,14,6,6,Ge,False,8.333333333333332,8,-35.08485951,-38.831661,-0.04167,0.04167,8,013,0,1,3,Sn,False,8,-29.90800429,-34.349418,-0.04152,0.04152,8,112,1,1,2,0.133929,0.792135,1.286755,2.586106539,0.0,1.897323132,96,384,-258.89666089,-335.016916,-4.062053987500001,-2.0198312196875,-2.7274566354166665,4,,6.15625,-429.843778,,-4.5738174375,-3.7152364479166664,,1,,3.2578125,1.8896882494004796,,"(0.4117647058823529, 0.16470588235294117, 0.8313725490196079)",True,False,True,True,185,206,21,"(0.09803921568627451, 0.8980392156862745, 0.0)",True,185,185,0,"(0.0, 1.0, 0.0)",False,,,,,False
168_Ge96Sn72_111_111_a0.320755_b0.062893_c2.262296_interface1shift5,1,5,5,Ge,False,4.761904761904762,8,-35.08485951,-38.831661,-0.03367,0.03367,16,111,1,1,1,Sn,False,8,-29.90800429,-34.349418,-0.02936,0.02936,12,111,1,1,1,0.320755,0.062893,2.262296,0.671435356,0.0,1.338350773,168,672,-683.29333621,-766.771597,-4.062053987500001,-3.6803599548214287,-4.128514988095238,4,,13.75,-768.99474,,-4.5738174375,-4.141747982142856,,1,,0.8854166666666666,15.529411764705882,,"(0.4470588235294118, 0.09411764705882353, 0.9019607843137255)",True,False,True,True,111,117,6,"(0.050980392156862744, 0.9450980392156862, 0.0)",True,111,111,0,"(0.0, 1.0, 0.0)",False,,,,,False
264_Si156Sn108_001_001_a0.0_b0.0_c0.0_interface1shift1swap6,1,1,1,Si,False,3.0303030303030303,8,-42.60220066,-45.400925,-0.04051,0.04051,26,001,0,0,1,Sn,False,8,-29.90800429,-34.349418,-0.0339,0.0339,18,001,0,0,1,0.0,0.0,0.0,0.582945824,0.0,1.162487268,264,1056,1070.58990979,,-4.531887809375,4.329924677045455,,4,,79.45075757575758,,,,,,1,,,,,,False,True,False,False,,,,,False,,,,,False,,,,,
168_Ge96Sn72_111_111_a0.144654_b0.572327_c2.262296_interface10shift2,10,2,2,Ge,False,4.761904761904762,8,-35.08485951,-38.831661,0.29966,0.36701,16,111,1,1,1,Sn,False,8,-29.90800429,-34.349418,0.30397,0.36269,12,111,1,1,1,0.144654,0.572327,2.262296,0.671435356,6.83e-06,1.338350773,168,672,-683.29602736,-766.776294,-4.062053987500001,-3.6803759735714285,-4.1285429464285714,4,,13.976190476190476,-768.995447,,-4.5738174375,-4.141752190476191,,1,,0.8154761904761905,17.138686131386862,,"(0.4470588235294118, 0.09411764705882353, 0.9019607843137255)",True,False,True,True,108,111,3,"(0.023529411764705882, 0.9725490196078431, 0.0)",True,108,105,3,"(0.027450980392156862, 0.9686274509803922, 0.0)",False,,,,,False
120_Si72Sn48_011_011_a0.612903_b0.287879_c2.163935_interface8shift3,8,3,3,Si,False,6.666666666666667,8,-42.60220066,-45.400925,-0.02864,0.02864,12,011,0,1,1,Sn,False,8,-29.90800429,-34.349418,-0.02397,0.02397,8,011,0,1,1,0.612903,0.287879,2.163935,2.441367626,0.0,4.823124409,120,480,-549.85902275,-599.832139,-4.531887809375,-3.977906815,-4.3340149666666665,4,,5.225,-607.07783,,-4.9843964375,-4.394395724999999,,1,,2.995833333333333,1.7440890125173854,,"(0.43137254901960786, 0.13333333333333333, 0.8666666666666667)",True,False,True,True,24,77,53,"(0.6862745098039216, 0.30980392156862746, 0.0)",True,24,25,1,"(0.0392156862745098, 0.9568627450980393, 0.0)",False,,,,,False
264_Si156Sn108_001_001_a0.276923_b0.041026_c2.1_interface1shift1swap4,1,1,1,Si,False,3.0303030303030303,8,-42.60220066,-45.400925,-0.04051,0.04051,26,001,0,0,1,Sn,False,8,-29.90800429,-34.349418,-0.0339,0.0339,18,001,0,0,1,0.276923,0.041026,2.1,0.582945824,0.0,1.162487268,264,1056,-1101.63649746,-1217.507156,-4.531887809375,-3.89820565344697,-4.309684897727273,4,,25.83712121212121,-1303.675325,,-4.9843964375,-4.636079477272728,,1,,3.590909090909091,7.1951476793248945,,"(0.4666666666666667, 0.058823529411764705, 0.9372549019607843)",True,True,True,True,37,36,1,"(0.023529411764705882, 0.9725490196078431, 0.0)",True,37,39,2,"(0.050980392156862744, 0.9450980392156862, 0.0)",False,,,,,False
264_Si156Sn108_001_001_a0.276923_b0.041026_c2.1_interface1shift1swap3,1,1,1,Si,False,3.0303030303030303,8,-42.60220066,-45.400925,-0.04051,0.04051,26,001,0,0,1,Sn,False,8,-29.90800429,-34.349418,-0.0339,0.0339,18,001,0,0,1,0.276923,0.041026,2.1,0.582945824,0.0,1.162487268,264,1056,-1100.93961517,-1218.48764,-4.531887809375,-3.89556594780303,-4.313398852272727,4,,25.734848484848484,-1303.460248,,-4.9843964375,-4.635264791666668,,1,,5.149621212121212,4.997425524089739,,"(0.4666666666666667, 0.058823529411764705, 0.9372549019607843)",True,True,True,True,39,39,0,"(0.0, 1.0, 0.0)",True,39,35,4,"(0.10196078431372549, 0.8941176470588236, 0.0)",False,,,,,False
264_Si156Sn108_001_001_a0.276923_b0.041026_c2.1_interface1shift2swap5,1,2,2,Si,False,3.0303030303030303,8,-42.60220066,-45.400925,-0.04051,0.04051,26,001,0,0,1,Sn,False,8,-29.90800429,-34.349418,-0.0339,0.0339,18,001,0,0,1,0.276923,0.041026,2.1,0.582945824,0.0,1.162487268,264,1056,-1094.26888079,-1209.107095,-4.531887809375,-3.8702980145454537,-4.277866484848485,4,,26.946969696969695,-1303.075861,,-4.9843964375,-4.63380878030303,,1,,3.665719696969697,7.35107207439938,,"(0.4666666666666667, 0.058823529411764705, 0.9372549019607843)",True,True,True,True,70,45,25,"(0.3568627450980392, 0.6392156862745098, 0.0)",True,70,73,3,"(0.0392156862745098, 0.9568627450980393, 0.0)",False,,,,,False
216_Si144Sn72_011_001_a0.742424_b0.106952_c1.967214_interface7shift1,7,1,1,Si,False,3.7037037037037033,8,-42.60220066,-45.400925,-0.02864,0.02864,24,011,0,1,1,Sn,False,8,-29.90800429,-34.349418,-0.0339,0.0339,12,001,0,0,1,0.742424,0.106952,1.967214,3.476561546,0.0,0.950324535,216,864,-995.08654926,-1080.537587,-4.531887809375,-4.271186779212963,-4.633274277777779,4,,9.180555555555555,-1112.894277,,-4.9843964375,-4.783073768518519,,1,,2.2106481481481484,4.152879581151832,,"(0.4588235294117647, 0.07058823529411765, 0.9254901960784314)",True,False,True,True,1,6,5,"(0.8313725490196079, 0.16470588235294117, 0.0)",True,1,2,1,"(0.4980392156862745, 0.4980392156862745, 0.0)",False,,,,,False
96_Si48Sn48_112_111_a0.537634_b0.183007_c1.579689_interface4shift3,4,3,3,Si,False,8.333333333333332,8,-42.60220066,-45.400925,-0.04167,0.04167,8,112,1,1,2,Sn,False,8,-29.90800429,-34.349418,-0.02936,0.02936,8,111,1,1,1,0.537634,0.183007,1.579689,3.476550341,0.0,0.950312614,96,384,,,,,,4,,,-474.326531,,-4.9843964375,-4.110168625,,1,,8.966145833333334,,,,True,False,False,False,,,,,False,,,,,False,,,,,False
24_Sn24_001_001_a0.0_b0.0_c0.0_interface9shift1,9,1,1,Sn,False,33.33333333333333,8,-29.90800429,-34.349418,-0.0339,0.0339,2,001,0,0,1,Sn,False,8,-29.90800429,-34.349418,-0.0339,0.0339,2,001,0,0,1,0.0,0.0,0.0,0.0,0.0,0.0,24,96,136.64447858,56.594064,-3.73850053625,8.185853631666667,5.2205375,4,,3.4583333333333335,-87.099019,,-4.29367725,-0.7666742916666666,,1,,0.8020833333333334,4.311688311688312,,"(0.16470588235294117, 0.6627450980392157, 0.3333333333333333)",False,False,False,True,217,223,6,"(0.023529411764705882, 0.9725490196078431, 0.0)",True,217,210,7,"(0.03137254901960784, 0.9647058823529412, 0.0)",False,,,,,False
168_Ge96Sn72_011_011_a0.089286_b0.164103_c2.065574_interface3shift2,3,2,2,Ge,False,4.761904761904762,8,-35.08485951,-38.831661,-0.0275,0.0275,16,011,0,1,1,Sn,False,8,-29.90800429,-34.349418,-0.02397,0.02397,12,011,0,1,1,0.089286,0.164103,2.065574,0.671433747,0.0,1.338356733,168,672,-670.4868664,-750.217186,-4.062053987500001,-3.604130967857143,-4.029976827380952,4,,8.964285714285714,-766.101993,,-4.5738174375,-4.12452925,,1,,2.5014880952380953,3.583581201665675,,"(0.4470588235294118, 0.09411764705882353, 0.9019607843137255)",True,False,True,True,164,180,16,"(0.08627450980392157, 0.9098039215686274, 0.0)",True,164,171,7,"(0.0392156862745098, 0.9568627450980393, 0.0)",False,,,,,False
264_Si156Sn108_001_001_a0.276923_b0.041026_c2.1_interface1shift7swap2,1,7,7,Si,False,3.0303030303030303,8,-42.60220066,-45.400925,-0.04051,0.04051,26,001,0,0,1,Sn,False,8,-29.90800429,-34.349418,-0.0339,0.0339,18,001,0,0,1,0.276923,0.041026,2.1,0.582945824,0.0,1.162487268,264,1056,-1098.0167782,-1212.606372,-4.531887809375,-3.884494595643939,-4.2911213219696975,4,,27.321969696969695,-1306.622379,,-4.9843964375,-4.647242560606061,,1,,6.502840909090909,4.201543614387651,,"(0.4666666666666667, 0.058823529411764705, 0.9372549019607843)",True,True,True,True,51,17,34,"(0.6666666666666666, 0.3333333333333333, 0.0)",True,51,56,5,"(0.08627450980392157, 0.9098039215686274, 0.0)",False,,,,,False
48_Sn48_114_114_a0.0_b0.0_c0.0_interface1shift1swap5,1,1,1,Sn,False,16.666666666666664,8,-29.90800429,-34.349418,-0.04167,0.04167,4,114,1,1,4,Sn,False,8,-29.90800429,-34.349418,-0.04167,0.04167,4,114,1,1,4,0.0,0.0,0.0,0.0,0.0,0.0,48,192,-544.69373776,,-3.73850053625,-10.101619357916666,,4,,5.708333333333333,-34.801001,,-4.29367725,0.7062048958333333,,1,,4.78125,1.193899782135076,,"(0.32941176470588235, 0.32941176470588235, 0.6666666666666666)",False,True,True,True,,,,,False,,,,,False,,,,,True
168_Ge96Sn72_011_011_a0.5_b0.841026_c2.163935_interface6shift3,6,3,3,Ge,False,4.761904761904762,8,-35.08485951,-38.831661,-0.0275,0.0275,16,011,0,1,1,Sn,False,8,-29.90800429,-34.349418,-0.02397,0.02397,12,011,0,1,1,0.5,0.841026,2.163935,0.671433747,0.0,1.338356733,168,672,-676.39253684,-755.574078,-4.062053987500001,-3.6392837680952383,-4.061863089285714,4,,8.898809523809524,-766.30934,,-4.5738174375,-4.125763458333334,,1,,1.9895833333333333,4.472700074794316,,"(0.4470588235294118, 0.09411764705882353, 0.9019607843137255)",True,False,True,True,153,171,18,"(0.10196078431372549, 0.8941176470588236, 0.0)",True,153,153,0,"(0.0, 1.0, 0.0)",False,,,,,False
264_Si156Sn108_001_001_a0.276923_b0.041026_c2.1_interface1shift7swap8,1,7,7,Si,False,3.0303030303030303,8,-42.60220066,-45.400925,-0.04051,0.04051,26,001,0,0,1,Sn,False,8,-29.90800429,-34.349418,-0.0339,0.0339,18,001,0,0,1,0.276923,0.041026,2.1,0.582945824,0.0,1.162487268,264,1056,-1097.94980974,-1213.593613,-4.531887809375,-3.8842409272348486,-4.294860871212122,4,,26.477272727272727,-1305.172235,,-4.9843964375,-4.641749590909091,,1,,6.816287878787879,3.884412336760211,,"(0.4666666666666667, 0.058823529411764705, 0.9372549019607843)",True,True,True,True,53,19,34,"(0.6392156862745098, 0.3568627450980392, 0.0)",True,53,49,4,"(0.07450980392156863, 0.9215686274509803, 0.0)",False,,,,,False
168_Ge96Sn72_111_111_a0.0_b0.0_c0.0_interface10shift1,10,1,1,Ge,False,4.761904761904762,8,-35.08485951,-38.831661,0.29966,0.36701,16,111,1,1,1,Sn,False,8,-29.90800429,-34.349418,0.30397,0.36269,12,111,1,1,1,0.0,0.0,0.0,0.671435356,6.83e-06,1.338350773,168,672,3867.72483422,2408.078894,-4.062053987500001,23.409033916785717,,4,,12.101190476190476,,,,,,1,,,,,,False,False,False,False,,,,,False,,,,,False,,,,,
120_Si72Sn48_011_011_a0.612903_b0.295455_c2.163935_interface8shift1,8,1,1,Si,False,6.666666666666667,8,-42.60220066,-45.400925,-0.02864,0.02864,12,011,0,1,1,Sn,False,8,-29.90800429,-34.349418,-0.02397,0.02397,8,011,0,1,1,0.612903,0.295455,2.163935,2.441367626,0.0,4.823124409,120,480,-550.22236464,-600.122402,-4.531887809375,-3.9809346640833336,-4.336433824999999,4,,5.216666666666667,-606.42784,,-4.9843964375,-4.388979141666666,,1,,2.6145833333333335,1.995219123505976,,"(0.43137254901960786, 0.13333333333333333, 0.8666666666666667)",True,False,True,True,20,78,58,"(0.7411764705882353, 0.2549019607843137, 0.0)",True,20,21,1,"(0.047058823529411764, 0.9490196078431372, 0.0)",False,,,,,False
144_Sn144_011_011_a0.0_b0.0_c0.0_interface3shift1,3,1,1,Sn,False,5.555555555555555,8,-29.90800429,-34.349418,-0.02397,0.02397,12,011,0,1,1,Sn,False,8,-29.90800429,-34.349418,-0.02397,0.02397,12,011,0,1,1,0.0,0.0,0.0,0.0,0.0,0.0,144,576,876.85909802,582.343594,-3.73850053625,6.504688240277778,4.521127986111112,4,,6.569444444444445,-619.992272,,-4.29367725,-3.8284266388888883,,1,,6.034722222222222,1.0886075949367089,,"(0.4392156862745098, 0.10980392156862745, 0.8862745098039215)",False,False,False,True,208,187,21,"(0.09803921568627451, 0.8980392156862745, 0.0)",True,208,206,2,"(0.00784313725490196, 0.9882352941176471, 0.0)",False,,,,,False
336_Ge192Sn144_011_011_a0.087179_b0.912821_c2.065574_interface2shift2,2,2,2,Ge,False,2.380952380952381,8,-35.08485951,-38.831661,-0.0275,0.0275,32,011,0,1,1,Sn,False,8,-29.90800429,-34.349418,-0.02397,0.02397,24,011,0,1,1,0.087179,0.912821,2.065574,0.671433747,0.0,1.338356733,336,1344,,,,,,4,,,,,,,,1,,,,,,True,False,False,False,,,,,False,,,,,False,,,,,
336_Ge192Sn144_011_011_a0.005128_b0.010256_c2.163935_interface4shift5,4,5,5,Ge,False,2.380952380952381,8,-35.08485951,-38.831661,-0.0275,0.0275,32,011,0,1,1,Sn,False,8,-29.90800429,-34.349418,-0.02397,0.02397,24,011,0,1,1,0.005128,0.010256,2.163935,0.671433747,0.0,1.338356733,336,1344,,,,,,4,,,,,,,,1,,,,,,True,False,False,False,,,,,False,,,,,False,,,,,
264_Si156Sn108_001_001_a0.0_b0.0_c0.0_interface1shift1swap1,1,1,1,Si,False,3.0303030303030303,8,-42.60220066,-45.400925,-0.04051,0.04051,26,001,0,0,1,Sn,False,8,-29.90800429,-34.349418,-0.0339,0.0339,18,001,0,0,1,0.0,0.0,0.0,0.582945824,0.0,1.162487268,264,1056,905.37634311,,-4.531887809375,3.704115712348485,,4,,82.52272727272727,,,,,,1,,,,,,False,True,False,False,,,,,False,,,,,False,,,,,
264_Si156Sn108_001_001_a0.276923_b0.041026_c2.1_interface1shift5swap4,1,5,5,Si,False,3.0303030303030303,8,-42.60220066,-45.400925,-0.04051,0.04051,26,001,0,0,1,Sn,False,8,-29.90800429,-34.349418,-0.0339,0.0339,18,001,0,0,1,0.276923,0.041026,2.1,0.582945824,0.0,1.162487268,264,1056,-1092.63685476,-1206.608168,-4.531887809375,-3.864116097765151,-4.268400852272728,4,,28.916666666666668,-1301.938905,,-4.9843964375,-4.629502128787879,,1,,6.174242424242424,4.683435582822086,,"(0.4666666666666667, 0.058823529411764705, 0.9372549019607843)",True,True,True,True,79,61,18,"(0.22745098039215686, 0.7686274509803922, 0.0)",True,79,79,0,"(0.0, 1.0, 0.0)",False,,,,,False
168_Ge96Sn72_111_111_a0.044025_b0.899371_c2.262296_interface12shift2,12,2,2,Ge,False,4.761904761904762,8,-35.08485951,-38.831661,0.29966,0.36701,16,111,1,1,1,Sn,False,8,-29.90800429,-34.349418,-0.02936,0.02936,12,111,1,1,1,0.044025,0.899371,2.262296,0.671435356,6.83e-06,1.338350773,168,672,-683.26145464,-766.751679,-4.062053987500001,-3.6801701835714287,-4.1283964285714285,4,,13.761904761904763,-768.991546,,-4.5738174375,-4.141728970238096,,1,,0.8764880952380952,15.70118845500849,,"(0.4470588235294118, 0.09411764705882353, 0.9019607843137255)",True,False,True,True,131,136,5,"(0.03529411764705882, 0.9607843137254902, 0.0)",True,131,130,1,"(0.00392156862745098, 0.9921568627450981, 0.0)",False,,,,,False
48_Sn48_001_001_a0.0_b0.0_c0.0_interface8shift1swap1,8,1,1,Sn,False,16.666666666666664,8,-29.90800429,-34.349418,-0.0339,0.0339,4,001,0,0,1,Sn,False,8,-29.90800429,-34.349418,-0.0339,0.0339,4,001,0,0,1,0.0,0.0,0.0,0.0,0.0,0.0,48,192,273.23328648,113.188127,-3.73850053625,6.938526980416667,3.7893117291666663,4,,4.854166666666667,-174.198016,,-4.29367725,-2.197899583333333,,1,,0.6770833333333334,7.1692307692307695,,"(0.32941176470588235, 0.32941176470588235, 0.6666666666666666)",False,True,False,True,212,221,9,"(0.0392156862745098, 0.9568627450980393, 0.0)",True,212,204,8,"(0.03529411764705882, 0.9607843137254902, 0.0)",False,,,,,False
48_Sn48_001_122_a0.0_b0.0_c0.0_interface5shift1,5,1,1,Sn,False,16.666666666666664,8,-29.90800429,-34.349418,-0.0339,0.0339,6,001,0,0,1,Sn,False,8,-29.90800429,-34.349418,-0.04167,0.04167,2,122,1,2,2,0.0,0.0,0.0,0.0,0.0,0.0,48,192,254.6481695,150.168352,-3.73850053625,6.5513370433333336,4.559733083333334,4,,5.5625,-206.951068,,-4.29367725,-2.8802548333333333,,1,,4.276041666666667,1.3008526187576126,,"(0.32941176470588235, 0.32941176470588235, 0.6666666666666666)",False,False,False,True,211,212,1,"(0.00392156862745098, 0.9921568627450981, 0.0)",True,211,208,3,"(0.011764705882352941, 0.984313725490196, 0.0)",False,,,,,False
264_Si156Sn108_001_001_a0.276923_b0.041026_c2.1_interface1shift3,1,3,3,Si,False,3.0303030303030303,8,-42.60220066,-45.400925,-0.04051,0.04051,26,001,0,0,1,Sn,False,8,-29.90800429,-34.349418,-0.0339,0.0339,18,001,0,0,1,0.276923,0.041026,2.1,0.582945824,0.0,1.162487268,264,1056,-1172.47490333,-1283.84847,-4.531887809375,-4.16653294840909,-4.560977753787879,4,,22.560606060606062,-1320.977882,,-4.9843964375,-4.701619465909091,,1,,2.324810606060606,9.704276985743382,,"(0.4666666666666667, 0.058823529411764705, 0.9372549019607843)",True,False,True,True,14,13,1,"(0.07058823529411765, 0.9254901960784314, 0.0)",True,14,14,0,"(0.0, 1.0, 0.0)",False,,,,,False
168_Ge96Sn72_111_111_a0.295597_b0.396226_c2.262296_interface11shift7,11,7,7,Ge,False,4.761904761904762,8,-35.08485951,-38.831661,0.29966,0.36701,16,111,1,1,1,Sn,False,8,-29.90800429,-34.349418,0.30397,0.36269,12,111,1,1,1,0.295597,0.396226,2.262296,0.671435356,6.83e-06,1.338350773,168,672,-683.28743886,-766.77009,-4.062053987500001,-3.680324851547619,-4.128506017857143,4,,14.029761904761905,-768.994501,,-4.5738174375,-4.141746559523809,,1,,0.8169642857142857,17.17304189435337,,"(0.4470588235294118, 0.09411764705882353, 0.9019607843137255)",True,False,True,True,113,119,6,"(0.047058823529411764, 0.9490196078431372, 0.0)",True,113,113,0,"(0.0, 1.0, 0.0)",False,,,,,False
180_Ge144Sn36_011_012_a1.0_b0.117949_c1.986941_interface15shift4,15,4,4,Ge,False,4.444444444444445,8,-35.08485951,-38.831661,-0.0275,0.0275,24,011,0,1,1,Sn,False,8,-29.90800429,-34.349418,-0.04167,0.04167,6,012,0,1,2,1.0,0.117949,1.986941,4.701496601,0.0,3.998506069,180,720,-733.82305902,-822.876243,-4.062053987500001,-3.7157233067777775,-4.1649731333333335,4,,12.694444444444445,-839.648254,,-4.5738174375,-4.258150972222222,,1,,2.7569444444444446,4.604534005037783,,"(0.45098039215686275, 0.08627450980392157, 0.9098039215686274)",True,False,True,True,98,107,9,"(0.08235294117647059, 0.9137254901960784, 0.0)",True,98,97,1,"(0.00784313725490196, 0.9882352941176471, 0.0)",False,,,,,False
336_Ge192Sn144_011_011_a0.210256_b0.784615_c2.065574_interface2shift7,2,7,7,Ge,False,2.380952380952381,8,-35.08485951,-38.831661,-0.0275,0.0275,32,011,0,1,1,Sn,False,8,-29.90800429,-34.349418,-0.02397,0.02397,24,011,0,1,1,0.210256,0.784615,2.065574,0.671433747,0.0,1.338356733,336,1344,,,,,,4,,,,,,,,1,,,,,,True,False,False,False,,,,,False,,,,,False,,,,,
264_Si156Sn108_001_001_a0.276923_b0.041026_c2.1_interface1shift8swap5,1,8,8,Si,False,3.0303030303030303,8,-42.60220066,-45.400925,-0.04051,0.04051,26,001,0,0,1,Sn,False,8,-29.90800429,-34.349418,-0.0339,0.0339,18,001,0,0,1,0.276923,0.041026,2.1,0.582945824,0.0,1.162487268,264,1056,-1097.98526341,-1213.39236,-4.531887809375,-3.8843752214393934,-4.294098549242425,4,,25.178030303030305,-1303.283349,,-4.9843964375,-4.63459471969697,,1,,4.715909090909091,5.3389558232931735,,"(0.4666666666666667, 0.058823529411764705, 0.9372549019607843)",True,True,True,True,52,42,10,"(0.19215686274509805, 0.803921568627451, 0.0)",True,52,51,1,"(0.01568627450980392, 0.9803921568627451, 0.0)",False,,,,,False
168_Ge96Sn72_111_111_a0.295597_b0.899371_c2.262296_interface12shift8,12,8,8,Ge,False,4.761904761904762,8,-35.08485951,-38.831661,0.29966,0.36701,16,111,1,1,1,Sn,False,8,-29.90800429,-34.349418,-0.02936,0.02936,12,111,1,1,1,0.295597,0.899371,2.262296,0.671435356,6.83e-06,1.338350773,168,672,-683.2669763,-766.75616,-4.062053987500001,-3.680203050595238,-4.128423101190476,4,,14.083333333333334,-768.9921,,-4.5738174375,-4.141732267857143,,1,,0.8169642857142857,17.238615664845174,,"(0.4470588235294118, 0.09411764705882353, 0.9019607843137255)",True,False,True,True,128,132,4,"(0.027450980392156862, 0.9686274509803922, 0.0)",True,128,127,1,"(0.00392156862745098, 0.9921568627450981, 0.0)",False,,,,,False
168_Ge96Sn72_011_011_a0.223214_b0.490566_c2.163935_interface7shift4,7,4,4,Ge,False,4.761904761904762,8,-35.08485951,-38.831661,-0.0275,0.0275,16,011,0,1,1,Sn,False,8,-29.90800429,-34.349418,-0.02397,0.02397,12,011,0,1,1,0.223214,0.490566,2.163935,0.671435356,0.0,1.338356733,168,672,-676.70563372,-755.688122,-4.062053987500001,-3.64114744,-4.062541922619048,4,,7.898809523809524,-766.31703,,-4.5738174375,-4.125809232142857,,1,,1.9255952380952381,4.102009273570324,,"(0.4470588235294118, 0.09411764705882353, 0.9019607843137255)",True,False,True,True,144,161,17,"(0.10196078431372549, 0.8941176470588236, 0.0)",True,144,143,1,"(0.00392156862745098, 0.9921568627450981, 0.0)",False,,,,,False
144_Si72Sn72_001_011_a0.212963_b0.012346_c2.262295_interface6shift3,6,3,3,Si,False,5.555555555555555,8,-42.60220066,-45.400925,-0.04051,0.04051,12,001,0,0,1,Sn,False,8,-29.90800429,-34.349418,-0.02397,0.02397,12,011,0,1,1,0.212963,0.012346,2.262295,3.476556301,0.0,0.950324535,144,576,-627.39705056,-690.571485,-4.531887809375,-3.853380872291667,-4.241813486111111,4,,6.236111111111111,-707.982562,,-4.9843964375,-4.362723743055556,,1,,1.5104166666666667,4.128735632183908,,"(0.4392156862745098, 0.10980392156862745, 0.8862745098039215)",True,False,True,True,84,86,2,"(0.0196078431372549, 0.9764705882352941, 0.0)",True,84,91,7,"(0.07450980392156863, 0.9215686274509803, 0.0)",False,,,,,False
168_Ge96Sn72_111_111_a0.044025_b0.144654_c2.262296_interface12shift6,12,6,6,Ge,False,4.761904761904762,8,-35.08485951,-38.831661,0.29966,0.36701,16,111,1,1,1,Sn,False,8,-29.90800429,-34.349418,-0.02936,0.02936,12,111,1,1,1,0.044025,0.144654,2.262296,0.671435356,6.83e-06,1.338350773,168,672,-683.27099885,-766.759249,-4.062053987500001,-3.680226994345238,-4.1284414880952385,4,,13.589285714285714,-768.992445,,-4.5738174375,-4.1417343214285705,,1,,0.8154761904761905,16.664233576642335,,"(0.4470588235294118, 0.09411764705882353, 0.9019607843137255)",True,False,True,True,125,130,5,"(0.03529411764705882, 0.9607843137254902, 0.0)",True,125,122,3,"(0.023529411764705882, 0.9725490196078431, 0.0)",False,,,,,False
96_Ge48Sn48_013_112_a0.0_b0.0_c0.0_interface14shift1,14,1,1,Ge,False,8.333333333333332,8,-35.08485951,-38.831661,-0.04167,0.04167,8,013,0,1,3,Sn,False,8,-29.90800429,-34.349418,-0.04152,0.04152,8,112,1,1,2,0.0,0.0,0.0,2.586106539,0.0,1.897323132,96,384,432.3989596,89.04774,-4.062053987500001,5.181164827083333,1.6898835312499998,4,,7.34375,-433.762341,,-4.5738174375,-3.7560548125,,1,,5.440104166666667,1.34992819530876,,"(0.4117647058823529, 0.16470588235294117, 0.8313725490196079)",False,False,False,True,202,190,12,"(0.058823529411764705, 0.9372549019607843, 0.0)",True,202,201,1,"(0.00392156862745098, 0.9921568627450981, 0.0)",False,,,,,False
264_Si156Sn108_001_001_a0.0_b0.0_c0.0_interface1shift1swap8,1,1,1,Si,False,3.0303030303030303,8,-42.60220066,-45.400925,-0.04051,0.04051,26,001,0,0,1,Sn,False,8,-29.90800429,-34.349418,-0.0339,0.0339,18,001,0,0,1,0.0,0.0,0.0,0.582945824,0.0,1.162487268,264,1056,1080.65931418,3980.896247,-4.531887809375,4.368066360340909,,4,,79.03030303030303,,,,,,1,,,,,,False,True,False,False,,,,,False,,,,,False,,,,,
144_Si72Sn72_001_011_a0.212963_b0.512346_c2.262295_interface6shift8,6,8,8,Si,False,5.555555555555555,8,-42.60220066,-45.400925,-0.04051,0.04051,12,001,0,0,1,Sn,False,8,-29.90800429,-34.349418,-0.02397,0.02397,12,011,0,1,1,0.212963,0.512346,2.262295,3.476556301,0.0,0.950324535,144,576,-627.39705016,-690.571486,-4.531887809375,-3.8533808695138894,-4.241813493055556,4,,6.222222222222222,-707.982562,,-4.9843964375,-4.362723743055556,,1,,1.5,4.148148148148148,,"(0.4392156862745098, 0.10980392156862745, 0.8862745098039215)",True,False,True,True,85,87,2,"(0.0196078431372549, 0.9764705882352941, 0.0)",True,85,89,4,"(0.043137254901960784, 0.9529411764705882, 0.0)",False,,,,,False
264_Si156Sn108_001_001_a0.276923_b0.041026_c2.1_interface1shift3swap1,1,3,3,Si,False,3.0303030303030303,8,-42.60220066,-45.400925,-0.04051,0.04051,26,001,0,0,1,Sn,False,8,-29.90800429,-34.349418,-0.0339,0.0339,18,001,0,0,1,0.276923,0.041026,2.1,0.582945824,0.0,1.162487268,264,1056,-1105.44881214,-1222.03833,-4.531887809375,-3.91264623935606,-4.3268484356060615,4,,25.943181818181817,-1302.917459,,-4.9843964375,-4.633208772727273,,1,,5.597537878787879,4.634748773473185,,"(0.4666666666666667, 0.058823529411764705, 0.9372549019607843)",True,True,True,True,27,48,21,"(0.43529411764705883, 0.5607843137254902, 0.0)",True,27,27,0,"(0.0, 1.0, 0.0)",False,,,,,False
48_Sn48_114_114_a0.0_b0.0_c0.0_interface1shift1swap7,1,1,1,Sn,False,16.666666666666664,8,-29.90800429,-34.349418,-0.04167,0.04167,4,114,1,1,4,Sn,False,8,-29.90800429,-34.349418,-0.04167,0.04167,4,114,1,1,4,0.0,0.0,0.0,0.0,0.0,0.0,48,192,-543.01060968,,-3.73850053625,-10.066554189583334,,4,,7.291666666666667,-34.801001,,-4.29367725,0.7062048958333333,,1,,6.854166666666667,1.0638297872340425,,"(0.32941176470588235, 0.32941176470588235, 0.6666666666666666)",False,True,True,True,,,,,False,,,,,False,,,,,True
288_Sn288_011_011_a0.0_b0.0_c0.0_interface14shift1,14,1,1,Sn,False,2.7777777777777777,8,-29.90800429,-34.349418,-0.02397,0.02397,24,011,0,1,1,Sn,False,8,-29.90800429,-34.349418,-0.02397,0.02397,24,011,0,1,1,0.0,0.0,0.0,0.0,0.0,0.0,288,1152,,,,,,4,,,,,,,,1,,,,,,False,False,False,False,,,,,False,,,,,False,,,,,
336_Ge192Sn144_011_011_a0.882051_b0.153846_c2.163935_interface4shift7,4,7,7,Ge,False,2.380952380952381,8,-35.08485951,-38.831661,-0.0275,0.0275,32,011,0,1,1,Sn,False,8,-29.90800429,-34.349418,-0.02397,0.02397,24,011,0,1,1,0.882051,0.153846,2.163935,0.671433747,0.0,1.338356733,336,1344,,,,,,4,,,,,,,,1,,,,,,True,False,False,False,,,,,False,,,,,False,,,,,
48_Sn48_001_122_a0.0_b0.0_c0.0_interface11shift1,11,1,1,Sn,False,16.666666666666664,8,-29.90800429,-34.349418,-0.0339,0.0339,6,001,0,0,1,Sn,False,8,-29.90800429,-34.349418,-0.04167,0.04167,2,122,1,2,2,0.0,0.0,0.0,0.0,0.0,0.0,48,192,50.55240709,-27.183417,-3.73850053625,2.2993419931250005,0.8649045625,4,,11.604166666666666,-206.668884,,-4.29367725,-2.8743759999999994,,1,,3.1510416666666665,3.6826446280991734,,"(0.32941176470588235, 0.32941176470588235, 0.6666666666666666)",False,False,False,True,196,216,20,"(0.09019607843137255, 0.9058823529411765, 0.0)",True,196,196,0,"(0.0, 1.0, 0.0)",False,,,,,False
264_Si156Sn108_001_001_a0.276923_b0.041026_c2.1_interface1shift2swap3,1,2,2,Si,False,3.0303030303030303,8,-42.60220066,-45.400925,-0.04051,0.04051,26,001,0,0,1,Sn,False,8,-29.90800429,-34.349418,-0.0339,0.0339,18,001,0,0,1,0.276923,0.041026,2.1,0.582945824,0.0,1.162487268,264,1056,-1100.80469218,-1218.282183,-4.531887809375,-3.895054875871212,-4.312620606060606,4,,26.518939393939394,-1303.771124,,-4.9843964375,-4.636442352272728,,1,,5.946969696969697,4.459235668789809,,"(0.4666666666666667, 0.058823529411764705, 0.9372549019607843)",True,True,True,True,40,35,5,"(0.12156862745098039, 0.8745098039215686, 0.0)",True,40,37,3,"(0.07450980392156863, 0.9215686274509803, 0.0)",False,,,,,False
264_Si156Sn108_001_001_a0.276923_b0.041026_c2.1_interface1shift7swap4,1,7,7,Si,False,3.0303030303030303,8,-42.60220066,-45.400925,-0.04051,0.04051,26,001,0,0,1,Sn,False,8,-29.90800429,-34.349418,-0.0339,0.0339,18,001,0,0,1,0.276923,0.041026,2.1,0.582945824,0.0,1.162487268,264,1056,-1096.7195684,-1211.540069,-4.531887809375,-3.8795809221590907,-4.287082295454545,4,,25.693181818181817,-1304.743058,,-4.9843964375,-4.6401239204545455,,1,,4.778409090909091,5.376932223543401,,"(0.4666666666666667, 0.058823529411764705, 0.9372549019607843)",True,True,True,True,58,21,37,"(0.6352941176470588, 0.3607843137254902, 0.0)",True,58,61,3,"(0.047058823529411764, 0.9490196078431372, 0.0)",False,,,,,False
96_Si48Sn48_112_111_a0.88172_b0.156863_c1.480959_interface4shift5,4,5,5,Si,False,8.333333333333332,8,-42.60220066,-45.400925,-0.04167,0.04167,8,112,1,1,2,Sn,False,8,-29.90800429,-34.349418,-0.02936,0.02936,8,111,1,1,1,0.88172,0.156863,1.480959,3.476550341,0.0,0.950312614,96,384,,,,,,4,,,-472.328194,,-4.9843964375,-4.089352614583333,,1,,4.091145833333333,,,,True,False,False,False,,,,,False,,,,,False,,,,,False
168_Ge96Sn72_011_011_a0.223214_b0.742138_c2.163935_interface7shift1,7,1,1,Ge,False,4.761904761904762,8,-35.08485951,-38.831661,-0.0275,0.0275,16,011,0,1,1,Sn,False,8,-29.90800429,-34.349418,-0.02397,0.02397,12,011,0,1,1,0.223214,0.742138,2.163935,0.671435356,0.0,1.338356733,168,672,-676.79927514,-755.714074,-4.062053987500001,-3.6417048294047616,-4.062696398809524,4,,7.785714285714286,-766.319597,,-4.5738174375,-4.125824511904762,,1,,1.8482142857142858,4.21256038647343,,"(0.4470588235294118, 0.09411764705882353, 0.9019607843137255)",True,False,True,True,141,156,15,"(0.09411764705882353, 0.9019607843137255, 0.0)",True,141,141,0,"(0.0, 1.0, 0.0)",False,,,,,False
96_Sn96_114_011_a0.0_b0.0_c0.0_interface16shift1,16,1,1,Sn,False,8.333333333333332,8,-29.90800429,-34.349418,-0.04167,0.04167,4,114,1,1,4,Sn,False,8,-29.90800429,-34.349418,-0.02397,0.02397,12,011,0,1,1,0.0,0.0,0.0,0.0,0.0,0.0,96,384,,,,,,4,,,-414.272149,,-4.29367725,-3.5997220104166665,,1,,5.1015625,,,,False,False,False,False,,,,,False,,,,,False,,,,,False
264_Si156Sn108_001_001_a0.276923_b0.041026_c2.1_interface1shift1swap6,1,1,1,Si,False,3.0303030303030303,8,-42.60220066,-45.400925,-0.04051,0.04051,26,001,0,0,1,Sn,False,8,-29.90800429,-34.349418,-0.0339,0.0339,18,001,0,0,1,0.276923,0.041026,2.1,0.582945824,0.0,1.162487268,264,1056,-1103.61116924,-1220.100066,-4.531887809375,-3.9056854707954543,,4,,26.143939393939394,,,,,,1,,,,,,True,True,False,False,,,,,False,,,,,False,,,,,
60_Si36Sn24_012_012_a0.0_b0.0_c0.0_interface10shift1,10,1,1,Si,False,13.333333333333334,8,-42.60220066,-45.400925,-0.04167,0.04167,6,012,0,1,2,Sn,False,8,-29.90800429,-34.349418,-0.04167,0.04167,4,012,0,1,2,0.0,0.0,0.0,2.441372156,0.0,4.823124409,60,240,287.64966271,681.291697,-4.531887809375,6.002664460999999,12.684034,4,,9.883333333333333,-297.685818,,-4.9843964375,-3.6322579166666666,,1,,3.341666666666667,2.9576059850374063,,"(0.36470588235294116, 0.26666666666666666, 0.7333333333333333)",False,False,False,True,205,211,6,"(0.027450980392156862, 0.9686274509803922, 0.0)",True,205,222,17,"(0.07450980392156863, 0.9215686274509803, 0.0)",False,,,,,False
168_Ge96Sn72_011_011_a0.0_b0.0_c0.0_interface7shift1,7,1,1,Ge,False,4.761904761904762,8,-35.08485951,-38.831661,-0.0275,0.0275,16,011,0,1,1,Sn,False,8,-29.90800429,-34.349418,-0.02397,0.02397,12,011,0,1,1,0.0,0.0,0.0,0.671435356,0.0,1.338356733,168,672,1413.56274946,460.265377,-4.062053987500001,8.800926269404762,3.175276523809524,4,,7.178571428571429,-768.069849,,-4.5738174375,-4.136242678571429,,1,,8.061011904761905,0.8905298135499354,,"(0.4470588235294118, 0.09411764705882353, 0.9019607843137255)",False,False,False,True,219,142,77,"(0.34901960784313724, 0.6470588235294118, 0.0)",True,219,202,17,"(0.07450980392156863, 0.9215686274509803, 0.0)",False,,,,,False
60_Si36Sn24_012_012_a0.0_b0.0_c0.0_interface14shift1,14,1,1,Si,False,13.333333333333334,8,-42.60220066,-45.400925,-0.04167,0.04167,6,012,0,1,2,Sn,False,8,-29.90800429,-34.349418,-0.04167,0.04167,4,012,0,1,2,0.0,0.0,0.0,2.441372156,0.0,4.823124409,60,240,579.82203485,907.579361,-4.531887809375,10.872203996666666,16.455495066666668,4,,13.266666666666667,-297.967271,,-4.9843964375,-3.6369488,,1,,3.966666666666667,3.3445378151260505,,"(0.36470588235294116, 0.26666666666666666, 0.7333333333333333)",False,False,False,True,220,210,10,"(0.043137254901960784, 0.9529411764705882, 0.0)",True,220,223,3,"(0.011764705882352941, 0.984313725490196, 0.0)",False,,,,,False
96_Ge48Sn48_013_112_a0.642857_b0.286517_c1.286755_interface14shift5,14,5,5,Ge,False,8.333333333333332,8,-35.08485951,-38.831661,-0.04167,0.04167,8,013,0,1,3,Sn,False,8,-29.90800429,-34.349418,-0.04152,0.04152,8,112,1,1,2,0.642857,0.286517,1.286755,2.586106539,0.0,1.897323132,96,384,-254.80511196,-331.031444,-4.062053987500001,-1.9772109183333333,-2.6859413020833336,4,,6.177083333333333,-430.574006,,-4.5738174375,-3.722842989583333,,1,,2.8307291666666665,2.1821527138914445,,"(0.4117647058823529, 0.16470588235294117, 0.8313725490196079)",True,False,True,True,191,191,0,"(0.0, 1.0, 0.0)",True,191,191,0,"(0.0, 1.0, 0.0)",False,,,,,False
168_Ge96Sn72_111_111_a0.132075_b0.056604_c2.262296_interface11shift3,11,3,3,Ge,False,4.761904761904762,8,-35.08485951,-38.831661,0.29966,0.36701,16,111,1,1,1,Sn,False,8,-29.90800429,-34.349418,0.30397,0.36269,12,111,1,1,1,0.132075,0.056604,2.262296,0.671435356,6.83e-06,1.338350773,168,672,-683.27364042,-766.760013,-4.062053987500001,-3.6802427179761903,-4.128446035714285,4,,13.785714285714286,-768.99261,,-4.5738174375,-4.141735303571429,,1,,0.8333333333333334,16.542857142857144,,"(0.4470588235294118, 0.09411764705882353, 0.9019607843137255)",True,False,True,True,122,128,6,"(0.043137254901960784, 0.9529411764705882, 0.0)",True,122,120,2,"(0.01568627450980392, 0.9803921568627451, 0.0)",False,,,,,False
96_Si48Sn48_112_111_a0.0_b0.0_c0.0_interface3shift1,3,1,1,Si,False,8.333333333333332,8,-42.60220066,-45.400925,-0.04167,0.04167,8,112,1,1,2,Sn,False,8,-29.90800429,-34.349418,-0.02936,0.02936,8,111,1,1,1,0.0,0.0,0.0,3.476550341,0.0,0.950312614,96,384,,,,,,4,,,-469.080294,,-4.9843964375,-4.055520322916666,,1,,4.890625,,,,False,False,False,False,,,,,False,,,,,False,,,,,False
264_Si156Sn108_001_001_a0.276923_b0.041026_c2.1_interface1shift7,1,7,7,Si,False,3.0303030303030303,8,-42.60220066,-45.400925,-0.04051,0.04051,26,001,0,0,1,Sn,False,8,-29.90800429,-34.349418,-0.0339,0.0339,18,001,0,0,1,0.276923,0.041026,2.1,0.582945824,0.0,1.162487268,264,1056,-1172.49334565,-1283.862736,-4.531887809375,-4.166602805681818,-4.561031791666667,4,,22.515151515151516,-1320.981609,,-4.9843964375,-4.701633583333333,,1,,2.5956439393939394,8.674206493980298,,"(0.4666666666666667, 0.058823529411764705, 0.9372549019607843)",True,False,True,True,10,9,1,"(0.09803921568627451, 0.8980392156862745, 0.0)",True,10,11,1,"(0.09019607843137255, 0.9058823529411765, 0.0)",False,,,,,False
168_Ge96Sn72_111_111_a0.320755_b0.314465_c2.262296_interface1shift7,1,7,7,Ge,False,4.761904761904762,8,-35.08485951,-38.831661,-0.03367,0.03367,16,111,1,1,1,Sn,False,8,-29.90800429,-34.349418,-0.02936,0.02936,12,111,1,1,1,0.320755,0.314465,2.262296,0.671435356,0.0,1.338350773,168,672,-683.29781013,-766.774764,-4.062053987500001,-3.680386585297619,-4.128533839285715,4,,13.648809523809524,-768.995241,,-4.5738174375,-4.1417509642857135,,1,,0.8199404761904762,16.646098003629763,,"(0.4470588235294118, 0.09411764705882353, 0.9019607843137255)",True,False,True,True,106,116,10,"(0.08235294117647059, 0.9137254901960784, 0.0)",True,106,110,4,"(0.03529411764705882, 0.9607843137254902, 0.0)",False,,,,,False
120_Si72Sn48_011_011_a0.978495_b0.113636_c2.163935_interface8shift2,8,2,2,Si,False,6.666666666666667,8,-42.60220066,-45.400925,-0.02864,0.02864,12,011,0,1,1,Sn,False,8,-29.90800429,-34.349418,-0.02397,0.02397,8,011,0,1,1,0.978495,0.113636,2.163935,2.441367626,0.0,4.823124409,120,480,-550.24070456,-600.010261,-4.531887809375,-3.9810874967500003,-4.335499316666667,4,,5.141666666666667,-605.791171,,-4.9843964375,-4.383673566666666,,1,,2.7604166666666665,1.8626415094339623,,"(0.43137254901960786, 0.13333333333333333, 0.8666666666666667)",True,False,True,True,19,82,63,"(0.7647058823529411, 0.23137254901960785, 0.0)",True,19,24,5,"(0.20784313725490197, 0.788235294117647, 0.0)",False,,,,,False
120_Si72Sn48_011_011_a0.0_b0.0_c0.0_interface12shift1,12,1,1,Si,False,6.666666666666667,8,-42.60220066,-45.400925,-0.02864,0.02864,12,011,0,1,1,Sn,False,8,-29.90800429,-34.349418,-0.02397,0.02397,8,011,0,1,1,0.0,0.0,0.0,2.441372156,0.0,4.823124409,120,480,553.60611448,642.176432,-4.531887809375,5.21763599525,6.016056458333334,4,,11.975,-608.513131,,-4.9843964375,-4.406356566666667,,1,,6.416666666666667,1.866233766233766,,"(0.43137254901960786, 0.13333333333333333, 0.8666666666666667)",False,False,False,True,204,73,131,"(0.6392156862745098, 0.3568627450980392, 0.0)",True,204,216,12,"(0.054901960784313725, 0.9411764705882353, 0.0)",False,,,,,False
264_Si156Sn108_001_001_a0.276923_b0.041026_c2.1_interface1shift2swap7,1,2,2,Si,False,3.0303030303030303,8,-42.60220066,-45.400925,-0.04051,0.04051,26,001,0,0,1,Sn,False,8,-29.90800429,-34.349418,-0.0339,0.0339,18,001,0,0,1,0.276923,0.041026,2.1,0.582945824,0.0,1.162487268,264,1056,-1093.07475166,-1209.398327,-4.531887809375,-3.8657747981439385,-4.278969636363637,4,,27.132575757575758,-1304.22637,,-4.9843964375,-4.638166768939395,,1,,5.252840909090909,5.165314584460068,,"(0.4666666666666667, 0.058823529411764705, 0.9372549019607843)",True,True,True,True,77,28,49,"(0.6352941176470588, 0.3607843137254902, 0.0)",True,77,71,6,"(0.07450980392156863, 0.9215686274509803, 0.0)",False,,,,,False
180_Ge144Sn36_011_012_a0.0_b0.0_c0.0_interface15shift1,15,1,1,Ge,False,4.444444444444445,8,-35.08485951,-38.831661,-0.0275,0.0275,24,011,0,1,1,Sn,False,8,-29.90800429,-34.349418,-0.04167,0.04167,6,012,0,1,2,0.0,0.0,0.0,4.701496601,0.0,3.998506069,180,720,317.63629655,-10.57774,-4.062053987500001,2.1257175575000002,0.34779632777777775,4,,9.972222222222221,-835.967807,,-4.5738174375,-4.2377040444444445,,1,,4.872222222222222,2.0467502850627137,,"(0.45098039215686275, 0.08627450980392157, 0.9098039215686274)",False,False,False,True,195,109,86,"(0.4392156862745098, 0.5568627450980392, 0.0)",True,195,193,2,"(0.00784313725490196, 0.9882352941176471, 0.0)",False,,,,,False
180_Ge144Sn36_011_012_a0.833333_b0.117949_c1.986941_interface15shift1,15,1,1,Ge,False,4.444444444444445,8,-35.08485951,-38.831661,-0.0275,0.0275,24,011,0,1,1,Sn,False,8,-29.90800429,-34.349418,-0.04167,0.04167,6,012,0,1,2,0.833333,0.117949,1.986941,4.701496601,0.0,3.998506069,180,720,-733.82269328,-822.876256,-4.062053987500001,-3.7157212748888884,-4.1649732055555555,4,,12.872222222222222,-839.648254,,-4.5738174375,-4.258150972222222,,1,,2.761111111111111,4.661971830985915,,"(0.45098039215686275, 0.08627450980392157, 0.9098039215686274)",True,False,True,True,99,108,9,"(0.08235294117647059, 0.9137254901960784, 0.0)",True,99,96,3,"(0.027450980392156862, 0.9686274509803922, 0.0)",False,,,,,False
96_Si48Sn48_112_111_a0.365591_b0.411765_c1.480959_interface3shift6,3,6,6,Si,False,8.333333333333332,8,-42.60220066,-45.400925,-0.04167,0.04167,8,112,1,1,2,Sn,False,8,-29.90800429,-34.349418,-0.02936,0.02936,8,111,1,1,1,0.365591,0.411765,1.480959,3.476550341,0.0,0.950312614,96,384,,,,,,4,,,-474.416024,,-4.9843964375,-4.111100843749999,,1,,3.4765625,,,,True,False,False,False,,,,,False,,,,,False,,,,,False
168_Ge96Sn72_011_011_a0.125_b0.842767_c2.065574_interface9shift8,9,8,8,Ge,False,4.761904761904762,8,-35.08485951,-38.831661,-0.0275,0.0275,16,011,0,1,1,Sn,False,8,-29.90800429,-34.349418,-0.02397,0.02397,12,011,0,1,1,0.125,0.842767,2.065574,0.671435356,0.0,1.338356733,168,672,-670.23248931,-750.172529,-4.062053987500001,-3.6026168185119047,-4.029711011904761,4,,8.011904761904763,-766.100103,,-4.5738174375,-4.124518,,1,,2.525297619047619,3.1726576311137302,,"(0.4470588235294118, 0.09411764705882353, 0.9019607843137255)",True,False,True,True,171,183,12,"(0.06274509803921569, 0.9333333333333333, 0.0)",True,171,175,4,"(0.0196078431372549, 0.9764705882352941, 0.0)",False,,,,,False
120_Si72Sn48_011_011_a0.623656_b0.287879_c2.163935_interface8shift8,8,8,8,Si,False,6.666666666666667,8,-42.60220066,-45.400925,-0.02864,0.02864,12,011,0,1,1,Sn,False,8,-29.90800429,-34.349418,-0.02397,0.02397,8,011,0,1,1,0.623656,0.287879,2.163935,2.441367626,0.0,4.823124409,120,480,-550.18962279,-600.073139,-4.531887809375,-3.9806618153333337,-4.336023299999999,4,,5.108333333333333,-607.086076,,-4.9843964375,-4.394464441666667,,1,,3.03125,1.6852233676975945,,"(0.43137254901960786, 0.13333333333333333, 0.8666666666666667)",True,False,True,True,23,75,52,"(0.6901960784313725, 0.3058823529411765, 0.0)",True,23,23,0,"(0.0, 1.0, 0.0)",False,,,,,False
60_Si36Sn24_012_012_a0.0_b0.0_c0.0_interface16shift1,16,1,1,Si,False,13.333333333333334,8,-42.60220066,-45.400925,-0.04167,0.04167,6,012,0,1,2,Sn,False,8,-29.90800429,-34.349418,-0.04167,0.04167,4,012,0,1,2,0.0,0.0,0.0,2.441372156,0.0,4.823124409,60,240,308.55074283,570.237801,-4.531887809375,6.351015796333333,10.833135733333334,4,,16.516666666666666,-297.970668,,-4.9843964375,-3.6370054166666668,,1,,3.4125,4.84004884004884,,"(0.36470588235294116, 0.26666666666666666, 0.7333333333333333)",False,False,False,True,207,209,2,"(0.00784313725490196, 0.9882352941176471, 0.0)",True,207,221,14,"(0.06274509803921569, 0.9333333333333333, 0.0)",False,,,,,False
288_Sn288_011_011_a0.0_b0.0_c0.0_interface2shift1,2,1,1,Sn,False,2.7777777777777777,8,-29.90800429,-34.349418,-0.02397,0.02397,24,011,0,1,1,Sn,False,8,-29.90800429,-34.349418,-0.02397,0.02397,24,011,0,1,1,0.0,0.0,0.0,0.0,0.0,0.0,288,1152,,,,,,4,,,,,,,,1,,,,,,False,False,False,False,,,,,False,,,,,False,,,,,
48_Sn48_001_122_a0.0_b0.0_c0.0_interface12shift1,12,1,1,Sn,False,16.666666666666664,8,-29.90800429,-34.349418,-0.0339,0.0339,6,001,0,0,1,Sn,False,8,-29.90800429,-34.349418,-0.04167,0.04167,2,122,1,2,2,0.0,0.0,0.0,0.0,0.0,0.0,48,192,332.47761005,211.01911,-3.73850053625,8.172783721458334,5.8274572083333345,4,,7.75,-206.568796,,-4.29367725,-2.872290833333333,,1,,2.9947916666666665,2.5878260869565217,,"(0.32941176470588235, 0.32941176470588235, 0.6666666666666666)",False,False,False,True,216,219,3,"(0.011764705882352941, 0.984313725490196, 0.0)",True,216,214,2,"(0.00784313725490196, 0.9882352941176471, 0.0)",False,,,,,False
264_Si156Sn108_001_001_a0.276923_b0.041026_c2.1_interface1shift6,1,6,6,Si,False,3.0303030303030303,8,-42.60220066,-45.400925,-0.04051,0.04051,26,001,0,0,1,Sn,False,8,-29.90800429,-34.349418,-0.0339,0.0339,18,001,0,0,1,0.276923,0.041026,2.1,0.582945824,0.0,1.162487268,264,1056,-1172.49334333,-1283.862742,-4.531887809375,-4.166602796893939,-4.56103181439394,4,,21.973484848484848,-1320.981608,,-4.9843964375,-4.701633579545455,,1,,2.578598484848485,8.521483657730444,,"(0.4666666666666667, 0.058823529411764705, 0.9372549019607843)",True,False,True,True,11,11,0,"(0.0, 1.0, 0.0)",True,11,10,1,"(0.09019607843137255, 0.9058823529411765, 0.0)",False,,,,,False
264_Si156Sn108_001_001_a0.276923_b0.041026_c2.1_interface1shift8swap8,1,8,8,Si,False,3.0303030303030303,8,-42.60220066,-45.400925,-0.04051,0.04051,26,001,0,0,1,Sn,False,8,-29.90800429,-34.349418,-0.0339,0.0339,18,001,0,0,1,0.276923,0.041026,2.1,0.582945824,0.0,1.162487268,264,1056,-1098.82430038,-1215.565304,-4.531887809375,-3.887553391780303,-4.302329397727273,4,,25.678030303030305,-1303.36874,,-4.9843964375,-4.6349181704545455,,1,,4.3106060606060606,5.956942003514939,,"(0.4666666666666667, 0.058823529411764705, 0.9372549019607843)",True,True,True,True,42,41,1,"(0.023529411764705882, 0.9725490196078431, 0.0)",True,42,44,2,"(0.043137254901960784, 0.9529411764705882, 0.0)",False,,,,,False
168_Ge96Sn72_011_011_a0.0_b0.0_c0.0_interface9shift1,9,1,1,Ge,False,4.761904761904762,8,-35.08485951,-38.831661,-0.0275,0.0275,16,011,0,1,1,Sn,False,8,-29.90800429,-34.349418,-0.02397,0.02397,12,011,0,1,1,0.0,0.0,0.0,0.671435356,0.0,1.338356733,168,672,1742.61017637,428.156387,-4.062053987500001,10.75954190577381,,4,,6.7023809523809526,,,,,,1,,,,,,False,False,False,False,,,,,False,,,,,False,,,,,
48_Sn48_001_122_a0.0_b0.0_c0.0_interface6shift1,6,1,1,Sn,False,16.666666666666664,8,-29.90800429,-34.349418,-0.0339,0.0339,6,001,0,0,1,Sn,False,8,-29.90800429,-34.349418,-0.04167,0.04167,2,122,1,2,2,0.0,0.0,0.0,0.0,0.0,0.0,48,192,81.77124049,-2.930098,-3.73850053625,2.9497343556250004,1.3701820416666666,4,,11.854166666666666,-206.859252,,-4.29367725,-2.878342,,1,,3.328125,3.5618153364632237,,"(0.32941176470588235, 0.32941176470588235, 0.6666666666666666)",False,False,False,True,198,214,16,"(0.07450980392156863, 0.9215686274509803, 0.0)",True,198,199,1,"(0.00392156862745098, 0.9921568627450981, 0.0)",False,,,,,False
96_Ge48Sn48_013_112_a0.133929_b0.786517_c1.286755_interface14shift4,14,4,4,Ge,False,8.333333333333332,8,-35.08485951,-38.831661,-0.04167,0.04167,8,013,0,1,3,Sn,False,8,-29.90800429,-34.349418,-0.04152,0.04152,8,112,1,1,2,0.133929,0.786517,1.286755,2.586106539,0.0,1.897323132,96,384,-255.57349514,-332.243262,-4.062053987500001,-1.9852149097916667,-2.69856440625,4,,6.010416666666667,-430.557766,,-4.5738174375,-3.7226738229166667,,1,,2.7291666666666665,2.202290076335878,,"(0.4117647058823529, 0.16470588235294117, 0.8313725490196079)",True,False,True,True,187,196,9,"(0.043137254901960784, 0.9529411764705882, 0.0)",True,187,187,0,"(0.0, 1.0, 0.0)",False,,,,,False
336_Ge192Sn144_011_011_a0.2_b0.979487_c2.163935_interface5shift8,5,8,8,Ge,False,2.380952380952381,8,-35.08485951,-38.831661,-0.0275,0.0275,32,011,0,1,1,Sn,False,8,-29.90800429,-34.349418,-0.02397,0.02397,24,011,0,1,1,0.2,0.979487,2.163935,0.671433747,0.0,1.338356733,336,1344,,,,,,4,,,,,,,,1,,,,,,True,False,False,False,,,,,False,,,,,False,,,,,
144_Si72Sn72_001_011_a0.046296_b0.481481_c2.3_interface5shift1,5,1,1,Si,False,5.555555555555555,8,-42.60220066,-45.400925,-0.04051,0.04051,12,001,0,0,1,Sn,False,8,-29.90800429,-34.349418,-0.02397,0.02397,12,011,0,1,1,0.046296,0.481481,2.3,3.476556301,0.0,0.950324535,144,576,-626.77044834,-691.00889,-4.531887809375,-3.8490294679861115,-4.244851020833333,4,,6.819444444444445,-706.652214,,-4.9843964375,-4.353485215277777,,1,,3.8055555555555554,1.7919708029197081,,"(0.4392156862745098, 0.10980392156862745, 0.8862745098039215)",True,False,True,True,91,92,1,"(0.00784313725490196, 0.9882352941176471, 0.0)",True,91,87,4,"(0.043137254901960784, 0.9529411764705882, 0.0)",False,,,,,False
336_Ge192Sn144_011_011_a0.0_b0.0_c0.0_interface5shift1,5,1,1,Ge,False,2.380952380952381,8,-35.08485951,-38.831661,-0.0275,0.0275,32,011,0,1,1,Sn,False,8,-29.90800429,-34.349418,-0.02397,0.02397,24,011,0,1,1,0.0,0.0,0.0,0.671433747,0.0,1.338356733,336,1344,,,,,,4,,,,,,,,1,,,,,,False,False,False,False,,,,,False,,,,,False,,,,,
48_Sn48_001_001_a0.0_b0.0_c0.0_interface8shift1,8,1,1,Sn,False,16.666666666666664,8,-29.90800429,-34.349418,-0.0339,0.0339,4,001,0,0,1,Sn,False,8,-29.90800429,-34.349418,-0.0339,0.0339,4,001,0,0,1,0.0,0.0,0.0,0.0,0.0,0.0,48,192,273.23328648,113.188127,-3.73850053625,6.938526980416667,3.7893117291666663,4,,5.166666666666667,-174.198016,,-4.29367725,-2.197899583333333,,1,,0.671875,7.689922480620155,,"(0.32941176470588235, 0.32941176470588235, 0.6666666666666666)",False,False,False,True,213,222,9,"(0.0392156862745098, 0.9568627450980393, 0.0)",True,213,205,8,"(0.03529411764705882, 0.9607843137254902, 0.0)",False,,,,,False
168_Ge96Sn72_111_111_a0.572327_b0.062893_c2.262296_interface1shift1,1,1,1,Ge,False,4.761904761904762,8,-35.08485951,-38.831661,-0.03367,0.03367,16,111,1,1,1,Sn,False,8,-29.90800429,-34.349418,-0.02936,0.02936,12,111,1,1,1,0.572327,0.062893,2.262296,0.671435356,0.0,1.338350773,168,672,-683.27672344,-766.76179,-4.062053987500001,-3.680261069285714,-4.1284566130952385,4,,13.81547619047619,-768.993202,,-4.5738174375,-4.141738827380952,,1,,0.8229166666666666,16.78842676311031,,"(0.4470588235294118, 0.09411764705882353, 0.9019607843137255)",True,False,True,True,120,122,2,"(0.01568627450980392, 0.9803921568627451, 0.0)",True,120,117,3,"(0.023529411764705882, 0.9725490196078431, 0.0)",False,,,,,False
96_Si48Sn48_112_111_a0.344086_b0.405229_c1.480958_interface2shift6,2,6,6,Si,False,8.333333333333332,8,-42.60220066,-45.400925,-0.04167,0.04167,8,112,1,1,2,Sn,False,8,-29.90800429,-34.349418,-0.02936,0.02936,8,111,1,1,1,0.344086,0.405229,1.480958,3.476550341,0.0,0.950312614,96,384,,,,,,4,,,-474.49067,,-4.9843964375,-4.11187840625,,1,,9.497395833333334,,,,True,False,False,False,,,,,False,,,,,False,,,,,False
168_Ge96Sn72_111_111_a0.295597_b0.396226_c2.262296_interface12shift7,12,7,7,Ge,False,4.761904761904762,8,-35.08485951,-38.831661,0.29966,0.36701,16,111,1,1,1,Sn,False,8,-29.90800429,-34.349418,-0.02936,0.02936,12,111,1,1,1,0.295597,0.396226,2.262296,0.671435356,6.83e-06,1.338350773,168,672,-683.28743662,-766.77009,-4.062053987500001,-3.6803248382142857,-4.128506017857143,4,,13.648809523809524,-768.994501,,-4.5738174375,-4.141746559523809,,1,,0.8184523809523809,16.676363636363636,,"(0.4470588235294118, 0.09411764705882353, 0.9019607843137255)",True,False,True,True,114,120,6,"(0.047058823529411764, 0.9490196078431372, 0.0)",True,114,114,0,"(0.0, 1.0, 0.0)",False,,,,,False
264_Si156Sn108_001_001_a0.0_b0.0_c0.0_interface1shift1,1,1,1,Si,False,3.0303030303030303,8,-42.60220066,-45.400925,-0.04051,0.04051,26,001,0,0,1,Sn,False,8,-29.90800429,-34.349418,-0.0339,0.0339,18,001,0,0,1,0.0,0.0,0.0,0.582945824,0.0,1.162487268,264,1056,1334.13660537,16426.651005,-4.531887809375,5.328207614848486,,4,,65.59469696969697,,,,,,1,,,,,,False,False,False,False,,,,,False,,,,,False,,,,,
144_Si72Sn72_001_011_a0.046296_b0.814815_c2.3_interface5shift2,5,2,2,Si,False,5.555555555555555,8,-42.60220066,-45.400925,-0.04051,0.04051,12,001,0,0,1,Sn,False,8,-29.90800429,-34.349418,-0.02397,0.02397,12,011,0,1,1,0.046296,0.814815,2.3,3.476556301,0.0,0.950324535,144,576,-626.77045193,-691.008893,-4.531887809375,-3.849029492916667,-4.244851041666666,4,,6.986111111111111,-706.652214,,-4.9843964375,-4.353485215277777,,1,,3.7881944444444446,1.8441796516956919,,"(0.4392156862745098, 0.10980392156862745, 0.8862745098039215)",True,False,True,True,90,93,3,"(0.03137254901960784, 0.9647058823529412, 0.0)",True,90,84,6,"(0.06666666666666667, 0.9333333333333333, 0.0)",False,,,,,False
144_Si72Sn72_001_011_a0.12963_b0.814815_c2.3_interface5shift3,5,3,3,Si,False,5.555555555555555,8,-42.60220066,-45.400925,-0.04051,0.04051,12,001,0,0,1,Sn,False,8,-29.90800429,-34.349418,-0.02397,0.02397,12,011,0,1,1,0.12963,0.814815,2.3,3.476556301,0.0,0.950324535,144,576,-626.76956284,-691.008896,-4.531887809375,-3.849023318680556,-4.2448510625,4,,6.777777777777778,-706.652213,,-4.9843964375,-4.353485208333333,,1,,3.779513888888889,1.7932935231970601,,"(0.4392156862745098, 0.10980392156862745, 0.8862745098039215)",True,False,True,True,93,97,4,"(0.0392156862745098, 0.9568627450980393, 0.0)",True,93,81,12,"(0.12549019607843137, 0.8705882352941177, 0.0)",False,,,,,False
240_Si144Sn96_011_011_a0.0_b0.0_c0.0_interface11shift1,11,1,1,Si,False,3.3333333333333335,8,-42.60220066,-45.400925,-0.02864,0.02864,24,011,0,1,1,Sn,False,8,-29.90800429,-34.349418,-0.02397,0.02397,16,011,0,1,1,0.0,0.0,0.0,2.441372156,0.0,4.823124409,240,960,2995.96251476,186356.201219,-4.531887809375,12.785302998791668,,4,,39.38333333333333,,,,,,1,,,,,,False,False,False,False,,,,,False,,,,,False,,,,,
180_Ge144Sn36_011_012_a0.333333_b0.123077_c1.986941_interface15shift5,15,5,5,Ge,False,4.444444444444445,8,-35.08485951,-38.831661,-0.0275,0.0275,24,011,0,1,1,Sn,False,8,-29.90800429,-34.349418,-0.04167,0.04167,6,012,0,1,2,0.333333,0.123077,1.986941,4.701496601,0.0,3.998506069,180,720,-733.31298439,-822.647855,-4.062053987500001,-3.712889558833333,-4.163704311111111,4,,12.772222222222222,-840.252,,-4.5738174375,-4.261505116666667,,1,,5.622222222222222,2.2717391304347827,,"(0.45098039215686275, 0.08627450980392157, 0.9098039215686274)",True,False,True,True,101,103,2,"(0.01568627450980392, 0.9803921568627451, 0.0)",True,101,103,2,"(0.01568627450980392, 0.9803921568627451, 0.0)",False,,,,,False
144_Sn144_011_011_a0.0_b0.0_c0.0_interface3shift1swap1,3,1,1,Sn,False,5.555555555555555,8,-29.90800429,-34.349418,-0.02397,0.02397,12,011,0,1,1,Sn,False,8,-29.90800429,-34.349418,-0.02397,0.02397,12,011,0,1,1,0.0,0.0,0.0,0.0,0.0,0.0,144,576,876.85909802,582.343594,-3.73850053625,6.504688240277778,4.521127986111112,4,,6.555555555555555,-619.992272,,-4.29367725,-3.8284266388888883,,1,,6.003472222222222,1.0919606709080394,,"(0.4392156862745098, 0.10980392156862745, 0.8862745098039215)",False,True,False,True,209,188,21,"(0.09803921568627451, 0.8980392156862745, 0.0)",True,209,207,2,"(0.00784313725490196, 0.9882352941176471, 0.0)",False,,,,,False
264_Si156Sn108_001_001_a0.276923_b0.041026_c2.1_interface1shift4swap5,1,4,4,Si,False,3.0303030303030303,8,-42.60220066,-45.400925,-0.04051,0.04051,26,001,0,0,1,Sn,False,8,-29.90800429,-34.349418,-0.0339,0.0339,18,001,0,0,1,0.276923,0.041026,2.1,0.582945824,0.0,1.162487268,264,1056,-1094.51879753,-1209.488336,-4.531887809375,-3.871244668863636,-4.279310579545454,4,,26.481060606060606,-1303.150328,,-4.9843964375,-4.6340908522727275,,1,,4.625,5.725634725634725,,"(0.4666666666666667, 0.058823529411764705, 0.9372549019607843)",True,True,True,True,68,44,24,"(0.35294117647058826, 0.6431372549019608, 0.0)",True,68,70,2,"(0.027450980392156862, 0.9686274509803922, 0.0)",False,,,,,False
48_Sn48_114_114_a0.0_b0.0_c0.0_interface1shift1swap8,1,1,1,Sn,False,16.666666666666664,8,-29.90800429,-34.349418,-0.04167,0.04167,4,114,1,1,4,Sn,False,8,-29.90800429,-34.349418,-0.04167,0.04167,4,114,1,1,4,0.0,0.0,0.0,0.0,0.0,0.0,48,192,-540.8673537,,-3.73850053625,-10.021903023333332,,4,,7.375,-34.801001,,-4.29367725,0.7062048958333333,,1,,6.1875,1.1919191919191918,,"(0.32941176470588235, 0.32941176470588235, 0.6666666666666666)",False,True,True,True,,,,,False,,,,,False,,,,,True
264_Si156Sn108_001_001_a0.0_b0.0_c0.0_interface1shift1swap3,1,1,1,Si,False,3.0303030303030303,8,-42.60220066,-45.400925,-0.04051,0.04051,26,001,0,0,1,Sn,False,8,-29.90800429,-34.349418,-0.0339,0.0339,18,001,0,0,1,0.0,0.0,0.0,0.582945824,0.0,1.162487268,264,1056,1082.98561965,,-4.531887809375,4.376878123484849,,4,,79.2840909090909,,,,,,1,,,,,,False,True,False,False,,,,,False,,,,,False,,,,,
168_Ge96Sn72_111_111_a0.132075_b0.559748_c2.262296_interface12shift4,12,4,4,Ge,False,4.761904761904762,8,-35.08485951,-38.831661,0.29966,0.36701,16,111,1,1,1,Sn,False,8,-29.90800429,-34.349418,-0.02936,0.02936,12,111,1,1,1,0.132075,0.559748,2.262296,0.671435356,6.83e-06,1.338350773,168,672,-683.29555548,-766.775887,-4.062053987500001,-3.6803731647619045,-4.128540523809524,4,,13.714285714285714,-768.995422,,-4.5738174375,-4.141752041666667,,1,,0.8720238095238095,15.726962457337883,,"(0.4470588235294118, 0.09411764705882353, 0.9019607843137255)",True,False,True,True,110,114,4,"(0.03137254901960784, 0.9647058823529412, 0.0)",True,110,109,1,"(0.00784313725490196, 0.9882352941176471, 0.0)",False,,,,,False
96_Si48Sn48_112_111_a0.870968_b0.156863_c1.480959_interface3shift2,3,2,2,Si,False,8.333333333333332,8,-42.60220066,-45.400925,-0.04167,0.04167,8,112,1,1,2,Sn,False,8,-29.90800429,-34.349418,-0.02936,0.02936,8,111,1,1,1,0.870968,0.156863,1.480959,3.476550341,0.0,0.950312614,96,384,,,,,,4,,,-472.807425,,-4.9843964375,-4.094344604166667,,1,,5.067708333333333,,,,True,False,False,False,,,,,False,,,,,False,,,,,False
120_Si72Sn48_011_011_a0.623656_b0.295455_c2.163935_interface8shift7,8,7,7,Si,False,6.666666666666667,8,-42.60220066,-45.400925,-0.02864,0.02864,12,011,0,1,1,Sn,False,8,-29.90800429,-34.349418,-0.02397,0.02397,8,011,0,1,1,0.623656,0.295455,2.163935,2.441367626,0.0,4.823124409,120,480,-550.52246685,-600.355737,-4.531887809375,-3.9834355158333334,-4.338378283333332,4,,5.158333333333333,-606.417313,,-4.9843964375,-4.388891416666667,,1,,3.3,1.5631313131313131,,"(0.43137254901960786, 0.13333333333333333, 0.8666666666666667)",True,False,True,True,18,81,63,"(0.7764705882352941, 0.2196078431372549, 0.0)",True,18,19,1,"(0.050980392156862744, 0.9450980392156862, 0.0)",False,,,,,False
264_Si156Sn108_001_001_a0.276923_b0.041026_c2.1_interface1shift5swap8,1,5,5,Si,False,3.0303030303030303,8,-42.60220066,-45.400925,-0.04051,0.04051,26,001,0,0,1,Sn,False,8,-29.90800429,-34.349418,-0.0339,0.0339,18,001,0,0,1,0.276923,0.041026,2.1,0.582945824,0.0,1.162487268,264,1056,-1096.35809876,-1211.537454,-4.531887809375,-3.8782117189772727,-4.287072390151516,4,,25.174242424242426,-1305.268979,,-4.9843964375,-4.642116045454546,,1,,4.609848484848484,5.4609695973705845,,"(0.4666666666666667, 0.058823529411764705, 0.9372549019607843)",True,True,True,True,60,18,42,"(0.6980392156862745, 0.2980392156862745, 0.0)",True,60,62,2,"(0.03137254901960784, 0.9647058823529412, 0.0)",False,,,,,False
336_Ge192Sn144_011_011_a0.451282_b0.225641_c2.163935_interface5shift5,5,5,5,Ge,False,2.380952380952381,8,-35.08485951,-38.831661,-0.0275,0.0275,32,011,0,1,1,Sn,False,8,-29.90800429,-34.349418,-0.02397,0.02397,24,011,0,1,1,0.451282,0.225641,2.163935,0.671433747,0.0,1.338356733,336,1344,,,,,,4,,,,,,,,1,,,,,,True,False,False,False,,,,,False,,,,,False,,,,,
168_Ge96Sn72_011_011_a0.151786_b0.574359_c2.065574_interface3shift5,3,5,5,Ge,False,4.761904761904762,8,-35.08485951,-38.831661,-0.0275,0.0275,16,011,0,1,1,Sn,False,8,-29.90800429,-34.349418,-0.02397,0.02397,12,011,0,1,1,0.151786,0.574359,2.065574,0.671433747,0.0,1.338356733,168,672,-670.60889629,-750.246954,-4.062053987500001,-3.60485733625,-4.030154017857143,4,,8.976190476190476,-766.107063,,-4.5738174375,-4.124559428571429,,1,,2.5476190476190474,3.5233644859813085,,"(0.4470588235294118, 0.09411764705882353, 0.9019607843137255)",True,False,True,True,158,177,19,"(0.10588235294117647, 0.8901960784313725, 0.0)",True,158,163,5,"(0.027450980392156862, 0.9686274509803922, 0.0)",False,,,,,False
48_Sn48_001_122_a0.0_b0.0_c0.0_interface10shift1,10,1,1,Sn,False,16.666666666666664,8,-29.90800429,-34.349418,-0.0339,0.0339,6,001,0,0,1,Sn,False,8,-29.90800429,-34.349418,-0.04167,0.04167,2,122,1,2,2,0.0,0.0,0.0,0.0,0.0,0.0,48,192,332.47759566,211.019085,-3.73850053625,8.172783421666667,5.8274566875,4,,5.75,-206.568797,,-4.29367725,-2.8722908541666663,,1,,2.9895833333333335,1.9233449477351916,,"(0.32941176470588235, 0.32941176470588235, 0.6666666666666666)",False,False,False,True,215,218,3,"(0.011764705882352941, 0.984313725490196, 0.0)",True,215,213,2,"(0.00784313725490196, 0.9882352941176471, 0.0)",False,,,,,False
168_Ge96Sn72_011_011_a0.258929_b0.092308_c2.163935_interface6shift7,6,7,7,Ge,False,4.761904761904762,8,-35.08485951,-38.831661,-0.0275,0.0275,16,011,0,1,1,Sn,False,8,-29.90800429,-34.349418,-0.02397,0.02397,12,011,0,1,1,0.258929,0.092308,2.163935,0.671433747,0.0,1.338356733,168,672,-676.58582793,-755.626642,-4.062053987500001,-3.640434310297619,-4.062175970238095,4,,8.80952380952381,-767.555301,,-4.5738174375,-4.133179892857142,,1,,2.9925595238095237,2.9438090502237695,,"(0.4470588235294118, 0.09411764705882353, 0.9019607843137255)",True,False,True,True,148,145,3,"(0.0196078431372549, 0.9764705882352941, 0.0)",True,148,149,1,"(0.00392156862745098, 0.9921568627450981, 0.0)",False,,,,,False
264_Si156Sn108_001_001_a0.276923_b0.041026_c2.1_interface1shift5swap7,1,5,5,Si,False,3.0303030303030303,8,-42.60220066,-45.400925,-0.04051,0.04051,26,001,0,0,1,Sn,False,8,-29.90800429,-34.349418,-0.0339,0.0339,18,001,0,0,1,0.276923,0.041026,2.1,0.582945824,0.0,1.162487268,264,1056,-1098.17318108,-1215.029093,-4.531887809375,-3.8850870307954537,-4.300298295454546,4,,26.526515151515152,-1302.048616,,-4.9843964375,-4.629917700757576,,1,,4.509469696969697,5.882402351952961,,"(0.4666666666666667, 0.058823529411764705, 0.9372549019607843)",True,True,True,True,47,58,11,"(0.18823529411764706, 0.807843137254902, 0.0)",True,47,46,1,"(0.0196078431372549, 0.9764705882352941, 0.0)",False,,,,,False
168_Ge96Sn72_011_011_a0.160714_b0.076923_c2.065574_interface3shift8,3,8,8,Ge,False,4.761904761904762,8,-35.08485951,-38.831661,-0.0275,0.0275,16,011,0,1,1,Sn,False,8,-29.90800429,-34.349418,-0.02397,0.02397,12,011,0,1,1,0.160714,0.076923,2.065574,0.671433747,0.0,1.338356733,168,672,-670.64558848,-750.255369,-4.062053987500001,-3.605075742142857,-4.030204107142858,4,,9.029761904761905,-767.827318,,-4.5738174375,-4.134799041666666,,1,,6.833333333333333,1.3214285714285716,,"(0.4470588235294118, 0.09411764705882353, 0.9019607843137255)",True,False,True,True,156,143,13,"(0.08235294117647059, 0.9137254901960784, 0.0)",True,156,161,5,"(0.027450980392156862, 0.9686274509803922, 0.0)",False,,,,,False
216_Si144Sn72_011_001_a0.227273_b0.101604_c1.868853_interface7shift5,7,5,5,Si,False,3.7037037037037033,8,-42.60220066,-45.400925,-0.02864,0.02864,24,011,0,1,1,Sn,False,8,-29.90800429,-34.349418,-0.0339,0.0339,12,001,0,0,1,0.227273,0.101604,1.868853,3.476561546,0.0,0.950324535,216,864,-983.48387863,-1069.347085,-4.531887809375,-4.217470711481481,-4.581466398148148,4,,9.273148148148149,-1112.962661,,-4.9843964375,-4.7833903611111115,,1,,1.9421296296296295,4.774731823599524,,"(0.4588235294117647, 0.07058823529411765, 0.9254901960784314)",True,False,True,True,7,3,4,"(0.5686274509803921, 0.42745098039215684, 0.0)",True,7,7,0,"(0.0, 1.0, 0.0)",False,,,,,False
336_Ge192Sn144_011_011_a0.071795_b0.907692_c2.163935_interface2shift4,2,4,4,Ge,False,2.380952380952381,8,-35.08485951,-38.831661,-0.0275,0.0275,32,011,0,1,1,Sn,False,8,-29.90800429,-34.349418,-0.02397,0.02397,24,011,0,1,1,0.071795,0.907692,2.163935,0.671433747,0.0,1.338356733,336,1344,,,,,,4,,,,,,,,1,,,,,,True,False,False,False,,,,,False,,,,,False,,,,,
264_Si156Sn108_001_001_a0.276923_b0.041026_c2.1_interface1shift1,1,1,1,Si,False,3.0303030303030303,8,-42.60220066,-45.400925,-0.04051,0.04051,26,001,0,0,1,Sn,False,8,-29.90800429,-34.349418,-0.0339,0.0339,18,001,0,0,1,0.276923,0.041026,2.1,0.582945824,0.0,1.162487268,264,1056,-1172.49394743,-1283.862733,-4.531887809375,-4.166605085151515,-4.56103178030303,4,,22.34090909090909,-1320.981609,,-4.9843964375,-4.701633583333333,,1,,2.581439393939394,8.654438738077769,,"(0.4666666666666667, 0.058823529411764705, 0.9372549019607843)",True,False,True,True,9,10,1,"(0.09803921568627451, 0.8980392156862745, 0.0)",True,9,12,3,"(0.24705882352941178, 0.7490196078431373, 0.0)",False,,,,,False
168_Ge96Sn72_011_011_a0.116071_b0.339623_c2.065574_interface9shift3,9,3,3,Ge,False,4.761904761904762,8,-35.08485951,-38.831661,-0.0275,0.0275,16,011,0,1,1,Sn,False,8,-29.90800429,-34.349418,-0.02397,0.02397,12,011,0,1,1,0.116071,0.339623,2.065574,0.671435356,0.0,1.338356733,168,672,-670.52360482,-750.244531,-4.062053987500001,-3.604349648928571,-4.030139595238095,4,,7.994047619047619,-767.301562,,-4.5738174375,-4.131669541666666,,1,,3.90625,2.0464761904761906,,"(0.4470588235294118, 0.09411764705882353, 0.9019607843137255)",True,False,True,True,163,147,16,"(0.09803921568627451, 0.8980392156862745, 0.0)",True,163,164,1,"(0.00392156862745098, 0.9921568627450981, 0.0)",False,,,,,False
168_Ge96Sn72_111_111_a0.132075_b0.056604_c2.262296_interface12shift3,12,3,3,Ge,False,4.761904761904762,8,-35.08485951,-38.831661,0.29966,0.36701,16,111,1,1,1,Sn,False,8,-29.90800429,-34.349418,-0.02936,0.02936,12,111,1,1,1,0.132075,0.056604,2.262296,0.671435356,6.83e-06,1.338350773,168,672,-683.27363852,-766.760013,-4.062053987500001,-3.6802427066666663,-4.128446035714285,4,,13.988095238095237,-768.99261,,-4.5738174375,-4.141735303571429,,1,,0.9122023809523809,15.33442088091354,,"(0.4470588235294118, 0.09411764705882353, 0.9019607843137255)",True,False,True,True,123,129,6,"(0.043137254901960784, 0.9529411764705882, 0.0)",True,123,121,2,"(0.01568627450980392, 0.9803921568627451, 0.0)",False,,,,,False
48_Sn48_114_114_a0.0_b0.0_c0.0_interface1shift1swap3,1,1,1,Sn,False,16.666666666666664,8,-29.90800429,-34.349418,-0.04167,0.04167,4,114,1,1,4,Sn,False,8,-29.90800429,-34.349418,-0.04167,0.04167,4,114,1,1,4,0.0,0.0,0.0,0.0,0.0,0.0,48,192,-493.92068909,,-3.73850053625,-9.043847510625,,4,,9.895833333333334,-34.801001,,-4.29367725,0.7062048958333333,,1,,4.578125,2.1615472127417523,,"(0.32941176470588235, 0.32941176470588235, 0.6666666666666666)",False,True,True,True,,,,,False,,,,,False,,,,,True
336_Ge192Sn144_011_011_a0.953846_b0.728205_c2.163935_interface5shift7,5,7,7,Ge,False,2.380952380952381,8,-35.08485951,-38.831661,-0.0275,0.0275,32,011,0,1,1,Sn,False,8,-29.90800429,-34.349418,-0.02397,0.02397,24,011,0,1,1,0.953846,0.728205,2.163935,0.671433747,0.0,1.338356733,336,1344,,,,,,4,,,,,,,,1,,,,,,True,False,False,False,,,,,False,,,,,False,,,,,
216_Si144Sn72_011_001_a0.909091_b0.101604_c1.967214_interface7shift7,7,7,7,Si,False,3.7037037037037033,8,-42.60220066,-45.400925,-0.02864,0.02864,24,011,0,1,1,Sn,False,8,-29.90800429,-34.349418,-0.0339,0.0339,12,001,0,0,1,0.909091,0.101604,1.967214,3.476561546,0.0,0.950324535,216,864,-995.08491469,-1080.526663,-4.531887809375,-4.271179211759259,-4.633223703703704,4,,9.277777777777779,-1112.900513,,-4.9843964375,-4.78310263888889,,1,,1.8206018518518519,5.095994914176733,,"(0.4588235294117647, 0.07058823529411765, 0.9254901960784314)",True,False,True,True,4,4,0,"(0.0, 1.0, 0.0)",True,4,4,0,"(0.0, 1.0, 0.0)",False,,,,,False
264_Si156Sn108_001_001_a0.276923_b0.041026_c2.1_interface1shift2swap6,1,2,2,Si,False,3.0303030303030303,8,-42.60220066,-45.400925,-0.04051,0.04051,26,001,0,0,1,Sn,False,8,-29.90800429,-34.349418,-0.0339,0.0339,18,001,0,0,1,0.276923,0.041026,2.1,0.582945824,0.0,1.162487268,264,1056,-1103.31146054,-1219.768272,-4.531887809375,-3.904550210568182,,4,,26.170454545454547,,,,,,1,,,,,,True,True,False,False,,,,,False,,,,,False,,,,,
264_Si156Sn108_001_001_a0.276923_b0.041026_c2.1_interface1shift6swap8,1,6,6,Si,False,3.0303030303030303,8,-42.60220066,-45.400925,-0.04051,0.04051,26,001,0,0,1,Sn,False,8,-29.90800429,-34.349418,-0.0339,0.0339,18,001,0,0,1,0.276923,0.041026,2.1,0.582945824,0.0,1.162487268,264,1056,-1096.77683868,-1211.770053,-4.531887809375,-3.8797978550378787,-4.287953446969697,4,,25.96590909090909,-1301.972498,,-4.9843964375,-4.629629375,,1,,3.976325757575758,6.530126220528697,,"(0.4666666666666667, 0.058823529411764705, 0.9372549019607843)",True,True,True,True,57,59,2,"(0.03137254901960784, 0.9647058823529412, 0.0)",True,57,58,1,"(0.01568627450980392, 0.9803921568627451, 0.0)",False,,,,,False
264_Si156Sn108_001_001_a0.276923_b0.041026_c2.1_interface1shift3swap6,1,3,3,Si,False,3.0303030303030303,8,-42.60220066,-45.400925,-0.04051,0.04051,26,001,0,0,1,Sn,False,8,-29.90800429,-34.349418,-0.0339,0.0339,18,001,0,0,1,0.276923,0.041026,2.1,0.582945824,0.0,1.162487268,264,1056,-1105.18391131,-1221.174521,-4.531887809375,-3.9116428271212116,-4.323576431818182,4,,26.924242424242426,-1302.366458,,-4.9843964375,-4.631121647727273,,1,,5.459280303030303,4.931830008673027,,"(0.4666666666666667, 0.058823529411764705, 0.9372549019607843)",True,True,True,True,30,55,25,"(0.45098039215686275, 0.5450980392156862, 0.0)",True,30,31,1,"(0.03137254901960784, 0.9647058823529412, 0.0)",False,,,,,False
264_Si156Sn108_001_001_a0.276923_b0.041026_c2.1_interface1shift1swap5,1,1,1,Si,False,3.0303030303030303,8,-42.60220066,-45.400925,-0.04051,0.04051,26,001,0,0,1,Sn,False,8,-29.90800429,-34.349418,-0.0339,0.0339,18,001,0,0,1,0.276923,0.041026,2.1,0.582945824,0.0,1.162487268,264,1056,-1094.1862344,-1209.106126,-4.531887809375,-3.8699849600378786,-4.27786281439394,4,,26.015151515151516,-1302.725193,,-4.9843964375,-4.632480492424243,,1,,5.139204545454546,5.06209692279344,,"(0.4666666666666667, 0.058823529411764705, 0.9372549019607843)",True,True,True,True,72,49,23,"(0.3176470588235294, 0.6784313725490196, 0.0)",True,72,74,2,"(0.023529411764705882, 0.9725490196078431, 0.0)",False,,,,,False
168_Ge96Sn72_011_011_a0.223214_b1.0_c2.163935_interface7shift8,7,8,8,Ge,False,4.761904761904762,8,-35.08485951,-38.831661,-0.0275,0.0275,16,011,0,1,1,Sn,False,8,-29.90800429,-34.349418,-0.02397,0.02397,12,011,0,1,1,0.223214,1.0,2.163935,0.671435356,0.0,1.338356733,168,672,-677.14875481,-755.79954,-4.062053987500001,-3.6437850655357145,-4.0632051250000005,4,,7.904761904761905,-766.317529,,-4.5738174375,-4.125812202380952,,1,,1.6949404761904763,4.663740122914837,,"(0.4470588235294118, 0.09411764705882353, 0.9019607843137255)",True,False,True,True,136,160,24,"(0.14901960784313725, 0.8470588235294118, 0.0)",True,136,136,0,"(0.0, 1.0, 0.0)",False,,,,,False
96_Si48Sn48_112_111_a0.860215_b0.405229_c1.480958_interface2shift8,2,8,8,Si,False,8.333333333333332,8,-42.60220066,-45.400925,-0.04167,0.04167,8,112,1,1,2,Sn,False,8,-29.90800429,-34.349418,-0.02936,0.02936,8,111,1,1,1,0.860215,0.405229,1.480958,3.476550341,0.0,0.950312614,96,384,,,,,,4,,,-474.501077,,-4.9843964375,-4.1119868125,,1,,8.669270833333334,,,,True,False,False,False,,,,,False,,,,,False,,,,,False
144_Si72Sn72_001_011_a0.12963_b0.141975_c2.3_interface5shift5,5,5,5,Si,False,5.555555555555555,8,-42.60220066,-45.400925,-0.04051,0.04051,12,001,0,0,1,Sn,False,8,-29.90800429,-34.349418,-0.02397,0.02397,12,011,0,1,1,0.12963,0.141975,2.3,3.476556301,0.0,0.950324535,144,576,-626.80138463,-691.041609,-4.531887809375,-3.8492443033333337,-4.245078236111111,4,,7.097222222222222,-706.651274,,-4.9843964375,-4.353478687499999,,1,,4.131944444444445,1.7176470588235293,,"(0.4392156862745098, 0.10980392156862745, 0.8862745098039215)",True,False,True,True,88,99,11,"(0.10980392156862745, 0.8862745098039215, 0.0)",True,88,80,8,"(0.09019607843137255, 0.9058823529411765, 0.0)",False,,,,,False
264_Si156Sn108_001_001_a0.276923_b0.041026_c2.1_interface1shift3swap8,1,3,3,Si,False,3.0303030303030303,8,-42.60220066,-45.400925,-0.04051,0.04051,26,001,0,0,1,Sn,False,8,-29.90800429,-34.349418,-0.0339,0.0339,18,001,0,0,1,0.276923,0.041026,2.1,0.582945824,0.0,1.162487268,264,1056,-1096.71836153,-1211.565518,-4.531887809375,-3.879576350681818,-4.2871786931818185,4,,26.742424242424242,-1302.476029,,-4.9843964375,-4.63153668939394,,1,,4.268939393939394,6.264418811002662,,"(0.4666666666666667, 0.058823529411764705, 0.9372549019607843)",True,True,True,True,59,54,5,"(0.08235294117647059, 0.9137254901960784, 0.0)",True,59,60,1,"(0.01568627450980392, 0.9803921568627451, 0.0)",False,,,,,False
96_Ge48Sn48_013_112_a0.125_b0.730337_c1.286755_interface13shift1,13,1,1,Ge,False,8.333333333333332,8,-35.08485951,-38.831661,-0.04167,0.04167,8,013,0,1,3,Sn,False,8,-29.90800429,-34.349418,-0.04152,0.04152,8,112,1,1,2,0.125,0.730337,1.286755,2.586106539,0.0,1.897323132,96,384,-255.29647896,-331.901826,-4.062053987500001,-1.9823293245833333,-2.69500778125,4,,6.25,-430.557946,,-4.5738174375,-3.722675697916667,,1,,2.921875,2.1390374331550803,,"(0.4117647058823529, 0.16470588235294117, 0.8313725490196079)",True,False,True,True,190,192,2,"(0.00784313725490196, 0.9882352941176471, 0.0)",True,190,190,0,"(0.0, 1.0, 0.0)",False,,,,,False
336_Ge192Sn144_011_011_a0.702564_b0.476923_c2.163935_interface5shift6,5,6,6,Ge,False,2.380952380952381,8,-35.08485951,-38.831661,-0.0275,0.0275,32,011,0,1,1,Sn,False,8,-29.90800429,-34.349418,-0.02397,0.02397,24,011,0,1,1,0.702564,0.476923,2.163935,0.671433747,0.0,1.338356733,336,1344,,,,,,4,,,,,,,,1,,,,,,True,False,False,False,,,,,False,,,,,False,,,,,
168_Ge96Sn72_111_111_a0.132075_b0.559748_c2.262296_interface11shift4,11,4,4,Ge,False,4.761904761904762,8,-35.08485951,-38.831661,0.29966,0.36701,16,111,1,1,1,Sn,False,8,-29.90800429,-34.349418,0.30397,0.36269,12,111,1,1,1,0.132075,0.559748,2.262296,0.671435356,6.83e-06,1.338350773,168,672,-683.29555738,-766.775888,-4.062053987500001,-3.6803731760714284,-4.128540529761905,4,,13.601190476190476,-768.995422,,-4.5738174375,-4.141752041666667,,1,,0.9077380952380952,14.98360655737705,,"(0.4470588235294118, 0.09411764705882353, 0.9019607843137255)",True,False,True,True,109,115,6,"(0.050980392156862744, 0.9450980392156862, 0.0)",True,109,108,1,"(0.00784313725490196, 0.9882352941176471, 0.0)",False,,,,,False
264_Si156Sn108_001_001_a0.276923_b0.041026_c2.1_interface1shift8swap2,1,8,8,Si,False,3.0303030303030303,8,-42.60220066,-45.400925,-0.04051,0.04051,26,001,0,0,1,Sn,False,8,-29.90800429,-34.349418,-0.0339,0.0339,18,001,0,0,1,0.276923,0.041026,2.1,0.582945824,0.0,1.162487268,264,1056,-1098.02368699,-1211.756893,-4.531887809375,-3.88452076530303,-4.287903598484848,4,,25.21212121212121,-1304.333453,,-4.9843964375,-4.638572386363636,,1,,3.827651515151515,6.58683819891143,,"(0.4666666666666667, 0.058823529411764705, 0.9372549019607843)",True,True,True,True,50,27,23,"(0.4588235294117647, 0.5372549019607843, 0.0)",True,50,59,9,"(0.14901960784313725, 0.8470588235294118, 0.0)",False,,,,,False
120_Si72Sn48_011_011_a0.946237_b0.128788_c2.163935_interface8shift5,8,5,5,Si,False,6.666666666666667,8,-42.60220066,-45.400925,-0.02864,0.02864,12,011,0,1,1,Sn,False,8,-29.90800429,-34.349418,-0.02397,0.02397,8,011,0,1,1,0.946237,0.128788,2.163935,2.441367626,0.0,4.823124409,120,480,-550.22218846,-600.122407,-4.531887809375,-3.9809331959166667,-4.336433866666666,4,,5.225,-606.42784,,-4.9843964375,-4.388979141666666,,1,,2.622916666666667,1.9920571882446383,,"(0.43137254901960786, 0.13333333333333333, 0.8666666666666667)",True,False,True,True,21,79,58,"(0.7333333333333333, 0.2627450980392157, 0.0)",True,21,20,1,"(0.047058823529411764, 0.9490196078431372, 0.0)",False,,,,,False
144_Si72Sn72_001_011_a0.212963_b0.851852_c2.262295_interface6shift5,6,5,5,Si,False,5.555555555555555,8,-42.60220066,-45.400925,-0.04051,0.04051,12,001,0,0,1,Sn,False,8,-29.90800429,-34.349418,-0.02397,0.02397,12,011,0,1,1,0.212963,0.851852,2.262295,3.476556301,0.0,0.950324535,144,576,-627.34872544,-690.522559,-4.531887809375,-3.853045281180555,-4.241473722222222,4,,6.798611111111111,-707.984159,,-4.9843964375,-4.362734833333333,,1,,1.6527777777777777,4.11344537815126,,"(0.4392156862745098, 0.10980392156862745, 0.8862745098039215)",True,False,True,True,87,84,3,"(0.03137254901960784, 0.9647058823529412, 0.0)",True,87,95,8,"(0.08235294117647059, 0.9137254901960784, 0.0)",False,,,,,False
216_Si144Sn72_011_001_a0.0_b0.0_c0.0_interface7shift1,7,1,1,Si,False,3.7037037037037033,8,-42.60220066,-45.400925,-0.02864,0.02864,24,011,0,1,1,Sn,False,8,-29.90800429,-34.349418,-0.0339,0.0339,12,001,0,0,1,0.0,0.0,0.0,3.476561546,0.0,0.950324535,216,864,2535.93843154,132196.894047,-4.531887809375,12.07615109486111,,4,,36.94444444444444,,,,,,1,,,,,,False,False,False,False,,,,,False,,,,,False,,,,,
264_Si156Sn108_001_001_a0.276923_b0.041026_c2.1_interface1shift2,1,2,2,Si,False,3.0303030303030303,8,-42.60220066,-45.400925,-0.04051,0.04051,26,001,0,0,1,Sn,False,8,-29.90800429,-34.349418,-0.0339,0.0339,18,001,0,0,1,0.276923,0.041026,2.1,0.582945824,0.0,1.162487268,264,1056,-1172.48765713,-1283.864428,-4.531887809375,-4.166581258257575,-4.561038200757577,4,,22.200757575757574,-1320.976932,,-4.9843964375,-4.701615867424243,,1,,2.4375,9.108003108003107,,"(0.4666666666666667, 0.058823529411764705, 0.9372549019607843)",True,False,True,True,12,15,3,"(0.2, 0.8, 0.0)",True,12,9,3,"(0.24705882352941178, 0.7490196078431373, 0.0)",False,,,,,False
96_Ge48Sn48_013_112_a0.116071_b0.735955_c1.385736_interface13shift3,13,3,3,Ge,False,8.333333333333332,8,-35.08485951,-38.831661,-0.04167,0.04167,8,013,0,1,3,Sn,False,8,-29.90800429,-34.349418,-0.04152,0.04152,8,112,1,1,2,0.116071,0.735955,1.385736,2.586106539,0.0,1.897323132,96,384,-287.4634848,-356.792369,-4.062053987500001,-2.3174023020833334,-2.9542842708333334,4,,6.229166666666667,-430.229396,,-4.5738174375,-3.719253302083333,,1,,2.8255208333333335,2.2046082949308756,,"(0.4117647058823529, 0.16470588235294117, 0.8313725490196079)",True,False,True,True,177,198,21,"(0.10588235294117647, 0.8901960784313725, 0.0)",True,177,177,0,"(0.0, 1.0, 0.0)",False,,,,,False
216_Si144Sn72_011_001_a0.227273_b0.106952_c1.868853_interface7shift8,7,8,8,Si,False,3.7037037037037033,8,-42.60220066,-45.400925,-0.02864,0.02864,24,011,0,1,1,Sn,False,8,-29.90800429,-34.349418,-0.0339,0.0339,12,001,0,0,1,0.227273,0.106952,1.868853,3.476561546,0.0,0.950324535,216,864,-983.47902494,-1069.322703,-4.531887809375,-4.217448240694445,-4.581353518518519,4,,9.203703703703704,-1112.977061,,-4.9843964375,-4.783457027777779,,1,,1.7951388888888888,5.127014829142489,,"(0.4588235294117647, 0.07058823529411765, 0.9254901960784314)",True,False,True,True,8,2,6,"(0.7490196078431373, 0.24705882352941178, 0.0)",True,8,8,0,"(0.0, 1.0, 0.0)",False,,,,,False
168_Ge96Sn72_111_111_a0.823899_b0.314465_c2.262296_interface1shift8,1,8,8,Ge,False,4.761904761904762,8,-35.08485951,-38.831661,-0.03367,0.03367,16,111,1,1,1,Sn,False,8,-29.90800429,-34.349418,-0.02936,0.02936,12,111,1,1,1,0.823899,0.314465,2.262296,0.671435356,0.0,1.338350773,168,672,-683.26566905,-766.755055,-4.062053987500001,-3.6801952693452384,-4.128416523809523,4,,13.755952380952381,-768.992088,,-4.5738174375,-4.141732196428571,,1,,0.8154761904761905,16.868613138686133,,"(0.4470588235294118, 0.09411764705882353, 0.9019607843137255)",True,False,True,True,129,134,5,"(0.03529411764705882, 0.9607843137254902, 0.0)",True,129,128,1,"(0.00392156862745098, 0.9921568627450981, 0.0)",False,,,,,False
168_Ge96Sn72_011_011_a0.125_b0.591195_c2.065574_interface9shift6,9,6,6,Ge,False,4.761904761904762,8,-35.08485951,-38.831661,-0.0275,0.0275,16,011,0,1,1,Sn,False,8,-29.90800429,-34.349418,-0.02397,0.02397,12,011,0,1,1,0.125,0.591195,2.065574,0.671435356,0.0,1.338356733,168,672,-670.31018962,-750.191302,-4.062053987500001,-3.6030793203571427,-4.029822755952381,4,,7.904761904761905,-766.099371,,-4.5738174375,-4.124513642857143,,1,,2.7827380952380953,2.8406417112299467,,"(0.4470588235294118, 0.09411764705882353, 0.9019607843137255)",True,False,True,True,170,184,14,"(0.07450980392156863, 0.9215686274509803, 0.0)",True,170,174,4,"(0.0196078431372549, 0.9764705882352941, 0.0)",False,,,,,False
264_Si156Sn108_001_001_a0.276923_b0.041026_c2.1_interface1shift1swap8,1,1,1,Si,False,3.0303030303030303,8,-42.60220066,-45.400925,-0.04051,0.04051,26,001,0,0,1,Sn,False,8,-29.90800429,-34.349418,-0.0339,0.0339,18,001,0,0,1,0.276923,0.041026,2.1,0.582945824,0.0,1.162487268,264,1056,-1096.15462455,-1212.659909,-4.531887809375,-3.8774409833333334,-4.291324113636364,4,,25.772727272727273,-1301.965328,,-4.9843964375,-4.629602215909091,,1,,6.044507575757576,4.2638257872473755,,"(0.4666666666666667, 0.058823529411764705, 0.9372549019607843)",True,True,True,True,61,60,1,"(0.01568627450980392, 0.9803921568627451, 0.0)",True,61,54,7,"(0.11372549019607843, 0.8823529411764706, 0.0)",False,,,,,False
168_Ge96Sn72_011_011_a0.223214_b0.238994_c2.163935_interface7shift2,7,2,2,Ge,False,4.761904761904762,8,-35.08485951,-38.831661,-0.0275,0.0275,16,011,0,1,1,Sn,False,8,-29.90800429,-34.349418,-0.02397,0.02397,12,011,0,1,1,0.223214,0.238994,2.163935,0.671435356,0.0,1.338356733,168,672,-676.5992185,-755.659113,-4.062053987500001,-3.6405140160714287,-4.06236925,4,,7.851190476190476,-766.316195,,-4.5738174375,-4.1258042619047615,,1,,1.9092261904761905,4.112236944660951,,"(0.4470588235294118, 0.09411764705882353, 0.9019607843137255)",True,False,True,True,147,162,15,"(0.09019607843137255, 0.9058823529411765, 0.0)",True,147,146,1,"(0.00392156862745098, 0.9921568627450981, 0.0)",False,,,,,False
168_Ge96Sn72_111_111_a0.823899_b0.062893_c2.262296_interface1shift6,1,6,6,Ge,False,4.761904761904762,8,-35.08485951,-38.831661,-0.03367,0.03367,16,111,1,1,1,Sn,False,8,-29.90800429,-34.349418,-0.02936,0.02936,12,111,1,1,1,0.823899,0.062893,2.262296,0.671435356,0.0,1.338350773,168,672,-683.25536542,-766.746367,-4.062053987500001,-3.6801339382142855,-4.128364809523809,4,,13.648809523809524,-768.990733,,-4.5738174375,-4.1417241309523805,,1,,0.8214285714285714,16.615942028985508,,"(0.4470588235294118, 0.09411764705882353, 0.9019607843137255)",True,False,True,True,134,139,5,"(0.03529411764705882, 0.9607843137254902, 0.0)",True,134,134,0,"(0.0, 1.0, 0.0)",False,,,,,False
168_Ge96Sn72_111_111_a0.138365_b0.075472_c2.262296_interface10shift5,10,5,5,Ge,False,4.761904761904762,8,-35.08485951,-38.831661,0.29966,0.36701,16,111,1,1,1,Sn,False,8,-29.90800429,-34.349418,0.30397,0.36269,12,111,1,1,1,0.138365,0.075472,2.262296,0.671435356,6.83e-06,1.338350773,168,672,-683.25647227,-766.749358,-4.062053987500001,-3.680140526607143,-4.128382613095239,4,,14.375,-768.991046,,-4.5738174375,-4.1417259940476185,,1,,0.8169642857142857,17.595628415300546,,"(0.4470588235294118, 0.09411764705882353, 0.9019607843137255)",True,False,True,True,133,137,4,"(0.027450980392156862, 0.9686274509803922, 0.0)",True,133,132,1,"(0.00392156862745098, 0.9921568627450981, 0.0)",False,,,,,False
168_Ge96Sn72_111_111_a0.0_b0.0_c0.0_interface1shift1,1,1,1,Ge,False,4.761904761904762,8,-35.08485951,-38.831661,-0.03367,0.03367,16,111,1,1,1,Sn,False,8,-29.90800429,-34.349418,-0.02936,0.02936,12,111,1,1,1,0.0,0.0,0.0,0.671435356,0.0,1.338350773,168,672,6497.27753118,2594.155385,-4.062053987500001,39.06113330345237,,4,,12.946428571428571,,,,,,1,,,,,,False,False,False,False,,,,,False,,,,,False,,,,,
168_Ge96Sn72_011_011_a0.116071_b0.591195_c2.065574_interface9shift2,9,2,2,Ge,False,4.761904761904762,8,-35.08485951,-38.831661,-0.0275,0.0275,16,011,0,1,1,Sn,False,8,-29.90800429,-34.349418,-0.02397,0.02397,12,011,0,1,1,0.116071,0.591195,2.065574,0.671435356,0.0,1.338356733,168,672,-670.48648987,-750.236834,-4.062053987500001,-3.6041287266071427,-4.030093779761906,4,,7.910714285714286,-767.301185,,-4.5738174375,-4.131667297619048,,1,,4.175595238095238,1.894511760513186,,"(0.4470588235294118, 0.09411764705882353, 0.9019607843137255)",True,False,True,True,165,148,17,"(0.10196078431372549, 0.8941176470588236, 0.0)",True,165,167,2,"(0.011764705882352941, 0.984313725490196, 0.0)",False,,,,,False
168_Ge96Sn72_011_011_a0.0_b0.0_c0.0_interface3shift1,3,1,1,Ge,False,4.761904761904762,8,-35.08485951,-38.831661,-0.0275,0.0275,16,011,0,1,1,Sn,False,8,-29.90800429,-34.349418,-0.02397,0.02397,12,011,0,1,1,0.0,0.0,0.0,0.671433747,0.0,1.338356733,168,672,2001.69368773,858.877106,-4.062053987500001,12.301705663869049,5.547965386904762,4,,8.232142857142858,-766.182435,,-4.5738174375,-4.125008071428572,,1,,7.994047619047619,1.0297840655249442,,"(0.4470588235294118, 0.09411764705882353, 0.9019607843137255)",False,False,False,True,221,173,48,"(0.21568627450980393, 0.7803921568627451, 0.0)",True,221,212,9,"(0.0392156862745098, 0.9568627450980393, 0.0)",False,,,,,False
144_Si72Sn72_001_011_a0.0_b0.0_c0.0_interface6shift1,6,1,1,Si,False,5.555555555555555,8,-42.60220066,-45.400925,-0.04051,0.04051,12,001,0,0,1,Sn,False,8,-29.90800429,-34.349418,-0.02397,0.02397,12,011,0,1,1,0.0,0.0,0.0,3.476556301,0.0,0.950324535,144,576,197.23542819,-9.477625,-4.531887809375,1.8732335634722221,0.4880049861111111,4,,11.11111111111111,-709.656914,,-4.9843964375,-4.3743511875,,1,,9.265625,1.1991755667978266,,"(0.4392156862745098, 0.10980392156862745, 0.8862745098039215)",False,False,False,True,193,83,110,"(0.5686274509803921, 0.42745098039215684, 0.0)",True,193,195,2,"(0.00784313725490196, 0.9882352941176471, 0.0)",False,,,,,False
48_Sn48_114_114_a0.0_b0.0_c0.0_interface1shift1swap4,1,1,1,Sn,False,16.666666666666664,8,-29.90800429,-34.349418,-0.04167,0.04167,4,114,1,1,4,Sn,False,8,-29.90800429,-34.349418,-0.04167,0.04167,4,114,1,1,4,0.0,0.0,0.0,0.0,0.0,0.0,48,192,-543.45471719,,-3.73850053625,-10.075806429375,,4,,6.416666666666667,-34.801001,,-4.29367725,0.7062048958333333,,1,,5.760416666666667,1.1139240506329113,,"(0.32941176470588235, 0.32941176470588235, 0.6666666666666666)",False,True,True,True,,,,,False,,,,,False,,,,,True
96_Ge48Sn48_013_112_a0.125_b0.230337_c1.385736_interface13shift6,13,6,6,Ge,False,8.333333333333332,8,-35.08485951,-38.831661,-0.04167,0.04167,8,013,0,1,3,Sn,False,8,-29.90800429,-34.349418,-0.04152,0.04152,8,112,1,1,2,0.125,0.230337,1.385736,2.586106539,0.0,1.897323132,96,384,-284.64364137,-354.332705,-4.062053987500001,-2.288028933020833,-2.928662770833333,4,,6.125,-430.123945,,-4.5738174375,-3.7181548541666665,,1,,2.53125,2.419753086419753,,"(0.4117647058823529, 0.16470588235294117, 0.8313725490196079)",True,False,True,True,183,202,19,"(0.09019607843137255, 0.9058823529411765, 0.0)",True,183,183,0,"(0.0, 1.0, 0.0)",False,,,,,False
144_Si72Sn72_001_011_a0.212963_b0.648148_c2.3_interface5shift7,5,7,7,Si,False,5.555555555555555,8,-42.60220066,-45.400925,-0.04051,0.04051,12,001,0,0,1,Sn,False,8,-29.90800429,-34.349418,-0.02397,0.02397,12,011,0,1,1,0.212963,0.648148,2.3,3.476556301,0.0,0.950324535,144,576,-626.77044798,-691.008891,-4.531887809375,-3.849029465486111,-4.244851027777777,4,,6.8125,-706.652214,,-4.9843964375,-4.353485215277777,,1,,3.782986111111111,1.8008260670032123,,"(0.4392156862745098, 0.10980392156862745, 0.8862745098039215)",True,False,True,True,92,94,2,"(0.0196078431372549, 0.9764705882352941, 0.0)",True,92,86,6,"(0.06274509803921569, 0.9333333333333333, 0.0)",False,,,,,False
48_Sn48_001_122_a0.0_b0.0_c0.0_interface7shift1,7,1,1,Sn,False,16.666666666666664,8,-29.90800429,-34.349418,-0.0339,0.0339,6,001,0,0,1,Sn,False,8,-29.90800429,-34.349418,-0.04167,0.04167,2,122,1,2,2,0.0,0.0,0.0,0.0,0.0,0.0,48,192,254.64816563,150.168355,-3.73850053625,6.5513369627083335,4.5597331458333334,4,,6.875,-206.950655,,-4.29367725,-2.880246229166667,,1,,4.208333333333333,1.6336633663366338,,"(0.32941176470588235, 0.32941176470588235, 0.6666666666666666)",False,False,False,True,210,213,3,"(0.011764705882352941, 0.984313725490196, 0.0)",True,210,209,1,"(0.00392156862745098, 0.9921568627450981, 0.0)",False,,,,,False
216_Si144Sn72_011_001_a0.734848_b0.106952_c1.868853_interface7shift4,7,4,4,Si,False,3.7037037037037033,8,-42.60220066,-45.400925,-0.02864,0.02864,24,011,0,1,1,Sn,False,8,-29.90800429,-34.349418,-0.0339,0.0339,12,001,0,0,1,0.734848,0.106952,1.868853,3.476561546,0.0,0.950324535,216,864,-983.49657032,-1069.373949,-4.531887809375,-4.217529469305556,-4.581590768518518,4,,9.12962962962963,-1112.774249,,-4.9843964375,-4.782518083333334,,1,,1.818287037037037,5.021005728835137,,"(0.4588235294117647, 0.07058823529411765, 0.9254901960784314)",True,False,True,True,5,8,3,"(0.37254901960784315, 0.6235294117647059, 0.0)",True,5,6,1,"(0.16470588235294117, 0.8313725490196079, 0.0)",False,,,,,False
264_Si156Sn108_001_001_a0.276923_b0.041026_c2.1_interface1shift5swap1,1,5,5,Si,False,3.0303030303030303,8,-42.60220066,-45.400925,-0.04051,0.04051,26,001,0,0,1,Sn,False,8,-29.90800429,-34.349418,-0.0339,0.0339,18,001,0,0,1,0.276923,0.041026,2.1,0.582945824,0.0,1.162487268,264,1056,-1107.64548266,-1225.612332,-4.531887809375,-3.9209669610227267,-4.340386321969697,4,,24.829545454545453,-1299.713776,,-4.9843964375,-4.6210736098484855,,1,,3.134469696969697,7.921450151057402,,"(0.4666666666666667, 0.058823529411764705, 0.9372549019607843)",True,True,True,True,25,71,46,"(0.6470588235294118, 0.34901960784313724, 0.0)",True,25,17,8,"(0.3176470588235294, 0.6784313725490196, 0.0)",False,,,,,False
168_Ge96Sn72_111_111_a0.138365_b0.578616_c2.262296_interface10shift6,10,6,6,Ge,False,4.761904761904762,8,-35.08485951,-38.831661,0.29966,0.36701,16,111,1,1,1,Sn,False,8,-29.90800429,-34.349418,0.30397,0.36269,12,111,1,1,1,0.138365,0.578616,2.262296,0.671435356,6.83e-06,1.338350773,168,672,-683.25770779,-766.746567,-4.062053987500001,-3.680147880892857,-4.128366,4,,13.803571428571429,-768.990172,,-4.5738174375,-4.141720791666667,,1,,0.8735119047619048,15.802385008517888,,"(0.4470588235294118, 0.09411764705882353, 0.9019607843137255)",True,False,True,True,132,140,8,"(0.054901960784313725, 0.9411764705882353, 0.0)",True,132,133,1,"(0.00392156862745098, 0.9921568627450981, 0.0)",False,,,,,False
264_Si156Sn108_001_001_a0.276923_b0.041026_c2.1_interface1shift6swap5,1,6,6,Si,False,3.0303030303030303,8,-42.60220066,-45.400925,-0.04051,0.04051,26,001,0,0,1,Sn,False,8,-29.90800429,-34.349418,-0.0339,0.0339,18,001,0,0,1,0.276923,0.041026,2.1,0.582945824,0.0,1.162487268,264,1056,-1094.76944018,-1209.285031,-4.531887809375,-3.8721940728409083,-4.2785404848484845,4,,25.87121212121212,-1302.506542,,-4.9843964375,-4.631652268939394,,1,,3.921401515151515,6.5974402318280605,,"(0.4666666666666667, 0.058823529411764705, 0.9372549019607843)",True,True,True,True,67,53,14,"(0.20784313725490197, 0.788235294117647, 0.0)",True,67,72,5,"(0.06666666666666667, 0.9294117647058824, 0.0)",False,,,,,False
264_Si156Sn108_001_001_a0.276923_b0.041026_c2.1_interface1shift5swap5,1,5,5,Si,False,3.0303030303030303,8,-42.60220066,-45.400925,-0.04051,0.04051,26,001,0,0,1,Sn,False,8,-29.90800429,-34.349418,-0.0339,0.0339,18,001,0,0,1,0.276923,0.041026,2.1,0.582945824,0.0,1.162487268,264,1056,-1095.65473271,-1209.955954,-4.531887809375,-3.875547453636363,-4.281081859848485,4,,26.897727272727273,-1304.040402,,-4.9843964375,-4.637462344696971,,1,,5.108901515151516,5.264874884151992,,"(0.4666666666666667, 0.058823529411764705, 0.9372549019607843)",True,True,True,True,64,31,33,"(0.5137254901960784, 0.4823529411764706, 0.0)",True,64,66,2,"(0.027450980392156862, 0.9686274509803922, 0.0)",False,,,,,False
168_Ge96Sn72_111_111_a0.069182_b0.062893_c2.262296_interface1shift2,1,2,2,Ge,False,4.761904761904762,8,-35.08485951,-38.831661,-0.03367,0.03367,16,111,1,1,1,Sn,False,8,-29.90800429,-34.349418,-0.02936,0.02936,12,111,1,1,1,0.069182,0.062893,2.262296,0.671435356,0.0,1.338350773,168,672,-683.29896763,-766.775996,-4.062053987500001,-3.680393475178571,-4.128541172619047,4,,13.726190476190476,-768.995433,,-4.5738174375,-4.141752107142858,,1,,0.8258928571428571,16.61981981981982,,"(0.4470588235294118, 0.09411764705882353, 0.9019607843137255)",True,False,True,True,105,112,7,"(0.058823529411764705, 0.9372549019607843, 0.0)",True,105,107,2,"(0.01568627450980392, 0.9803921568627451, 0.0)",False,,,,,False
144_Si72Sn72_001_011_a0.212963_b0.981481_c2.3_interface5shift4,5,4,4,Si,False,5.555555555555555,8,-42.60220066,-45.400925,-0.04051,0.04051,12,001,0,0,1,Sn,False,8,-29.90800429,-34.349418,-0.02397,0.02397,12,011,0,1,1,0.212963,0.981481,2.3,3.476556301,0.0,0.950324535,144,576,-626.77045401,-691.008895,-4.531887809375,-3.849029507361111,-4.244851055555555,4,,6.951388888888889,-706.652214,,-4.9843964375,-4.353485215277777,,1,,3.8628472222222223,1.799550561797753,,"(0.4392156862745098, 0.10980392156862745, 0.8862745098039215)",True,False,True,True,89,95,6,"(0.06274509803921569, 0.9333333333333333, 0.0)",True,89,83,6,"(0.06666666666666667, 0.9294117647058824, 0.0)",False,,,,,False
96_Si48Sn48_112_111_a0.0_b0.0_c0.0_interface4shift1,4,1,1,Si,False,8.333333333333332,8,-42.60220066,-45.400925,-0.04167,0.04167,8,112,1,1,2,Sn,False,8,-29.90800429,-34.349418,-0.02936,0.02936,8,111,1,1,1,0.0,0.0,0.0,3.476550341,0.0,0.950312614,96,384,,,,,,4,,,-469.080294,,-4.9843964375,-4.055520322916666,,1,,4.9140625,,,,False,False,False,False,,,,,False,,,,,False,,,,,False
180_Ge144Sn36_011_012_a0.0_b0.123077_c1.986941_interface15shift3,15,3,3,Ge,False,4.444444444444445,8,-35.08485951,-38.831661,-0.0275,0.0275,24,011,0,1,1,Sn,False,8,-29.90800429,-34.349418,-0.04167,0.04167,6,012,0,1,2,0.0,0.123077,1.986941,4.701496601,0.0,3.998506069,180,720,-733.31290427,-822.647859,-4.062053987500001,-3.712889113722222,-4.1637043333333335,4,,12.605555555555556,-840.252,,-4.5738174375,-4.261505116666667,,1,,5.620833333333334,2.242648875710403,,"(0.45098039215686275, 0.08627450980392157, 0.9098039215686274)",True,False,True,True,103,104,1,"(0.00784313725490196, 0.9882352941176471, 0.0)",True,103,102,1,"(0.00784313725490196, 0.9882352941176471, 0.0)",False,,,,,False
264_Si156Sn108_001_001_a0.276923_b0.041026_c2.1_interface1shift6swap1,1,6,6,Si,False,3.0303030303030303,8,-42.60220066,-45.400925,-0.04051,0.04051,26,001,0,0,1,Sn,False,8,-29.90800429,-34.349418,-0.0339,0.0339,18,001,0,0,1,0.276923,0.041026,2.1,0.582945824,0.0,1.162487268,264,1056,-1105.37160632,-1221.90542,-4.531887809375,-3.9123537930681813,-4.3263449886363645,4,,25.928030303030305,-1302.920788,,-4.9843964375,-4.6332213825757576,,1,,4.746212121212121,5.462889066241022,,"(0.4666666666666667, 0.058823529411764705, 0.9372549019607843)",True,True,True,True,29,47,18,"(0.3803921568627451, 0.615686274509804, 0.0)",True,29,28,1,"(0.03137254901960784, 0.9647058823529412, 0.0)",False,,,,,False
168_Ge96Sn72_111_111_a0.144654_b0.823899_c2.262296_interface10shift4,10,4,4,Ge,False,4.761904761904762,8,-35.08485951,-38.831661,0.29966,0.36701,16,111,1,1,1,Sn,False,8,-29.90800429,-34.349418,0.30397,0.36269,12,111,1,1,1,0.144654,0.823899,2.262296,0.671435356,6.83e-06,1.338350773,168,672,-683.29685785,-766.776151,-4.062053987500001,-3.680380916964286,-4.128542095238096,4,,13.601190476190476,-768.995426,,-4.5738174375,-4.14175206547619,,1,,0.8199404761904762,16.58802177858439,,"(0.4470588235294118, 0.09411764705882353, 0.9019607843137255)",True,False,True,True,107,113,6,"(0.050980392156862744, 0.9450980392156862, 0.0)",True,107,106,1,"(0.00784313725490196, 0.9882352941176471, 0.0)",False,,,,,False
264_Si156Sn108_001_001_a0.0_b0.0_c0.0_interface1shift1swap5,1,1,1,Si,False,3.0303030303030303,8,-42.60220066,-45.400925,-0.04051,0.04051,26,001,0,0,1,Sn,False,8,-29.90800429,-34.349418,-0.0339,0.0339,18,001,0,0,1,0.0,0.0,0.0,0.582945824,0.0,1.162487268,264,1056,819.12116382,,-4.531887809375,3.3773915483712122,,4,,81.125,,,,,,1,,,,,,False,True,False,False,,,,,False,,,,,False,,,,,
96_Si48Sn48_112_111_a0.88172_b0.156863_c1.480959_interface3shift5,3,5,5,Si,False,8.333333333333332,8,-42.60220066,-45.400925,-0.04167,0.04167,8,112,1,1,2,Sn,False,8,-29.90800429,-34.349418,-0.02936,0.02936,8,111,1,1,1,0.88172,0.156863,1.480959,3.476550341,0.0,0.950312614,96,384,,,,,,4,,,-472.328194,,-4.9843964375,-4.089352614583333,,1,,4.130208333333333,,,,True,False,False,False,,,,,False,,,,,False,,,,,False
264_Si156Sn108_001_001_a0.276923_b0.041026_c2.1_interface1shift6swap2,1,6,6,Si,False,3.0303030303030303,8,-42.60220066,-45.400925,-0.04051,0.04051,26,001,0,0,1,Sn,False,8,-29.90800429,-34.349418,-0.0339,0.0339,18,001,0,0,1,0.276923,0.041026,2.1,0.582945824,0.0,1.162487268,264,1056,-1095.28517552,-1209.516678,-4.531887809375,-3.874147615795454,-4.279417935606061,4,,25.799242424242426,-1304.773665,,-4.9843964375,-4.640239856060606,,1,,4.9602272727272725,5.201221840397099,,"(0.4666666666666667, 0.058823529411764705, 0.9372549019607843)",True,True,True,True,66,20,46,"(0.6941176470588235, 0.30196078431372547, 0.0)",True,66,69,3,"(0.043137254901960784, 0.9529411764705882, 0.0)",False,,,,,False
24_Sn24_001_001_a0.0_b0.0_c0.0_interface9shift1swap1,9,1,1,Sn,False,33.33333333333333,8,-29.90800429,-34.349418,-0.0339,0.0339,2,001,0,0,1,Sn,False,8,-29.90800429,-34.349418,-0.0339,0.0339,2,001,0,0,1,0.0,0.0,0.0,0.0,0.0,0.0,24,96,136.64447858,56.594064,-3.73850053625,8.185853631666667,5.2205375,4,,3.625,-87.099019,,-4.29367725,-0.7666742916666666,,1,,0.8229166666666666,4.405063291139241,,"(0.16470588235294117, 0.6627450980392157, 0.3333333333333333)",False,True,False,True,218,224,6,"(0.023529411764705882, 0.9725490196078431, 0.0)",True,218,211,7,"(0.03137254901960784, 0.9647058823529412, 0.0)",False,,,,,False
168_Ge96Sn72_011_011_a0.0_b0.230769_c2.163935_interface8shift1,8,1,1,Ge,False,4.761904761904762,8,-35.08485951,-38.831661,-0.0275,0.0275,16,011,0,1,1,Sn,False,8,-29.90800429,-34.349418,-0.02397,0.02397,12,011,0,1,1,0.0,0.230769,2.163935,0.671435356,0.0,1.338356733,168,672,-676.43746063,-755.59616,-4.062053987500001,-3.639551171607143,-4.061994529761906,4,,12.035714285714286,-766.314244,,-4.5738174375,-4.125792648809524,,1,,1.9717261904761905,6.104150943396227,,"(0.4470588235294118, 0.09411764705882353, 0.9019607843137255)",True,False,True,True,152,166,14,"(0.08235294117647059, 0.9137254901960784, 0.0)",True,152,152,0,"(0.0, 1.0, 0.0)",False,,,,,False
180_Ge144Sn36_011_012_a0.833333_b0.123077_c1.986941_interface15shift6,15,6,6,Ge,False,4.444444444444445,8,-35.08485951,-38.831661,-0.0275,0.0275,24,011,0,1,1,Sn,False,8,-29.90800429,-34.349418,-0.04167,0.04167,6,012,0,1,2,0.833333,0.123077,1.986941,4.701496601,0.0,3.998506069,180,720,-733.31299952,-822.647868,-4.062053987500001,-3.7128896428888885,-4.163704383333334,4,,12.65,-840.252,,-4.5738174375,-4.261505116666667,,1,,5.5625,2.2741573033707865,,"(0.45098039215686275, 0.08627450980392157, 0.9098039215686274)",True,False,True,True,100,105,5,"(0.047058823529411764, 0.9490196078431372, 0.0)",True,100,100,0,"(0.0, 1.0, 0.0)",False,,,,,False
336_Ge192Sn144_011_011_a0.379487_b0.153846_c2.163935_interface4shift8,4,8,8,Ge,False,2.380952380952381,8,-35.08485951,-38.831661,-0.0275,0.0275,32,011,0,1,1,Sn,False,8,-29.90800429,-34.349418,-0.02397,0.02397,24,011,0,1,1,0.379487,0.153846,2.163935,0.671433747,0.0,1.338356733,336,1344,,,,,,4,,,,,,,,1,,,,,,True,False,False,False,,,,,False,,,,,False,,,,,
264_Si156Sn108_001_001_a0.276923_b0.041026_c2.1_interface1shift4swap6,1,4,4,Si,False,3.0303030303030303,8,-42.60220066,-45.400925,-0.04051,0.04051,26,001,0,0,1,Sn,False,8,-29.90800429,-34.349418,-0.0339,0.0339,18,001,0,0,1,0.276923,0.041026,2.1,0.582945824,0.0,1.162487268,264,1056,-1103.53442218,-1220.006183,-4.531887809375,-3.9053947622348484,-4.319150909090909,4,,26.204545454545453,-1303.527378,,-4.9843964375,-4.635519071969697,,1,,5.763257575757576,4.546828787380874,,"(0.4666666666666667, 0.058823529411764705, 0.9372549019607843)",True,True,True,True,33,38,5,"(0.12941176470588237, 0.8666666666666667, 0.0)",True,33,33,0,"(0.0, 1.0, 0.0)",False,,,,,False
108_Ge60Sn48_001_001_a0.857143_b0.325397_c2.3_interface16shift4,16,4,4,Ge,False,7.4074074074074066,8,-35.08485951,-38.831661,-0.03888,0.03888,10,001,0,0,1,Sn,False,8,-29.90800429,-34.349418,-0.0339,0.0339,8,001,0,0,1,0.857143,0.325397,2.3,2.586106539,0.0,5.239093304,108,432,,,,,,4,,,-490.120822,,-4.5738174375,-3.8605531759259257,,1,,1.1273148148148149,,,,True,False,False,False,,,,,False,,,,,False,,,,,False
168_Ge96Sn72_011_011_a0.503145_b0.230769_c2.163935_interface8shift2,8,2,2,Ge,False,4.761904761904762,8,-35.08485951,-38.831661,-0.0275,0.0275,16,011,0,1,1,Sn,False,8,-29.90800429,-34.349418,-0.02397,0.02397,12,011,0,1,1,0.503145,0.230769,2.163935,0.671435356,0.0,1.338356733,168,672,-676.66620414,-755.662372,-4.062053987500001,-3.6409127401190475,-4.062388648809524,4,,14.214285714285714,-766.30811,,-4.5738174375,-4.125756136904762,,1,,1.8154761904761905,7.829508196721311,,"(0.4470588235294118, 0.09411764705882353, 0.9019607843137255)",True,False,True,True,146,172,26,"(0.14901960784313725, 0.8470588235294118, 0.0)",True,146,145,1,"(0.00392156862745098, 0.9921568627450981, 0.0)",False,,,,,False
168_Ge96Sn72_111_111_a0.044025_b0.396226_c2.262296_interface12shift1,12,1,1,Ge,False,4.761904761904762,8,-35.08485951,-38.831661,0.29966,0.36701,16,111,1,1,1,Sn,False,8,-29.90800429,-34.349418,-0.02936,0.02936,12,111,1,1,1,0.044025,0.396226,2.262296,0.671435356,6.83e-06,1.338350773,168,672,-683.27872122,-766.761702,-4.062053987500001,-3.680272960833333,-4.128456089285715,4,,13.702380952380953,-768.993044,,-4.5738174375,-4.141737886904762,,1,,0.8363095238095238,16.384341637010674,,"(0.4470588235294118, 0.09411764705882353, 0.9019607843137255)",True,False,True,True,119,124,5,"(0.0392156862745098, 0.9568627450980393, 0.0)",True,119,119,0,"(0.0, 1.0, 0.0)",False,,,,,False
96_Ge48Sn48_013_112_a0.133929_b0.792135_c1.385736_interface14shift2,14,2,2,Ge,False,8.333333333333332,8,-35.08485951,-38.831661,-0.04167,0.04167,8,013,0,1,3,Sn,False,8,-29.90800429,-34.349418,-0.04152,0.04152,8,112,1,1,2,0.133929,0.792135,1.385736,2.586106539,0.0,1.897323132,96,384,-287.32107374,-356.627147,-4.062053987500001,-2.315918853541666,-2.952563208333333,4,,6.072916666666667,-430.121962,,-4.5738174375,-3.7181341979166667,,1,,2.2760416666666665,2.6681922196796344,,"(0.4117647058823529, 0.16470588235294117, 0.8313725490196079)",True,False,True,True,178,204,26,"(0.12549019607843137, 0.8705882352941177, 0.0)",True,178,178,0,"(0.0, 1.0, 0.0)",False,,,,,False
264_Si156Sn108_001_001_a0.276923_b0.041026_c2.1_interface1shift2swap8,1,2,2,Si,False,3.0303030303030303,8,-42.60220066,-45.400925,-0.04051,0.04051,26,001,0,0,1,Sn,False,8,-29.90800429,-34.349418,-0.0339,0.0339,18,001,0,0,1,0.276923,0.041026,2.1,0.582945824,0.0,1.162487268,264,1056,-1096.97859977,-1213.584216,-4.531887809375,-3.880562101590909,-4.294825276515152,4,,25.795454545454547,-1302.55501,,-4.9843964375,-4.6318358598484854,,1,,5.367424242424242,4.805928016937192,,"(0.4666666666666667, 0.058823529411764705, 0.9372549019607843)",True,True,True,True,56,51,5,"(0.08627450980392157, 0.9098039215686274, 0.0)",True,56,50,6,"(0.10588235294117647, 0.8901960784313725, 0.0)",False,,,,,False
264_Si156Sn108_001_001_a0.276923_b0.041026_c2.1_interface1shift4swap1,1,4,4,Si,False,3.0303030303030303,8,-42.60220066,-45.400925,-0.04051,0.04051,26,001,0,0,1,Sn,False,8,-29.90800429,-34.349418,-0.0339,0.0339,18,001,0,0,1,0.276923,0.041026,2.1,0.582945824,0.0,1.162487268,264,1056,-1093.43117597,-1211.027428,-4.531887809375,-3.867124890227272,,4,,26.681818181818183,,,,,,1,,,,,,True,True,False,False,,,,,False,,,,,False,,,,,
96_Ge48Sn48_013_112_a0.116071_b0.230337_c1.385736_interface13shift7,13,7,7,Ge,False,8.333333333333332,8,-35.08485951,-38.831661,-0.04167,0.04167,8,013,0,1,3,Sn,False,8,-29.90800429,-34.349418,-0.04152,0.04152,8,112,1,1,2,0.116071,0.230337,1.385736,2.586106539,0.0,1.897323132,96,384,-285.10749247,-354.869033,-4.062053987500001,-2.2928607153125,-2.9342495208333332,4,,6.104166666666667,-430.011299,,-4.5738174375,-3.716981458333333,,1,,2.1510416666666665,2.8377723970944313,,"(0.4117647058823529, 0.16470588235294117, 0.8313725490196079)",True,False,True,True,181,205,24,"(0.11372549019607843, 0.8823529411764706, 0.0)",True,181,181,0,"(0.0, 1.0, 0.0)",False,,,,,False
264_Si156Sn108_001_001_a0.276923_b0.041026_c2.1_interface1shift3swap7,1,3,3,Si,False,3.0303030303030303,8,-42.60220066,-45.400925,-0.04051,0.04051,26,001,0,0,1,Sn,False,8,-29.90800429,-34.349418,-0.0339,0.0339,18,001,0,0,1,0.276923,0.041026,2.1,0.582945824,0.0,1.162487268,264,1056,-1098.68929815,-1215.525616,-4.531887809375,-3.8870420196969695,-4.30217906439394,4,,26.16287878787879,-1299.909469,,-4.9843964375,-4.621814871212122,,1,,4.331439393939394,6.0402273721031925,,"(0.4666666666666667, 0.058823529411764705, 0.9372549019607843)",True,True,True,True,44,70,26,"(0.3686274509803922, 0.6274509803921569, 0.0)",True,44,45,1,"(0.0196078431372549, 0.9764705882352941, 0.0)",False,,,,,False
48_Sn48_001_122_a0.0_b0.0_c0.0_interface13shift1,13,1,1,Sn,False,16.666666666666664,8,-29.90800429,-34.349418,-0.0339,0.0339,6,001,0,0,1,Sn,False,8,-29.90800429,-34.349418,-0.04167,0.04167,2,122,1,2,2,0.0,0.0,0.0,0.0,0.0,0.0,48,192,81.77172639,-2.930175,-3.73850053625,2.949744478541667,1.3701804375000002,4,,5.125,-206.859252,,-4.29367725,-2.878342,,1,,3.296875,1.5545023696682465,,"(0.32941176470588235, 0.32941176470588235, 0.6666666666666666)",False,False,False,True,199,215,16,"(0.07058823529411765, 0.9254901960784314, 0.0)",True,199,198,1,"(0.00392156862745098, 0.9921568627450981, 0.0)",False,,,,,False
264_Si156Sn108_001_001_a0.276923_b0.041026_c2.1_interface1shift4swap2,1,4,4,Si,False,3.0303030303030303,8,-42.60220066,-45.400925,-0.04051,0.04051,26,001,0,0,1,Sn,False,8,-29.90800429,-34.349418,-0.0339,0.0339,18,001,0,0,1,0.276923,0.041026,2.1,0.582945824,0.0,1.162487268,264,1056,-1098.05437717,-1212.629398,-4.531887809375,-3.884637015984848,-4.291208541666667,4,,25.625,-1304.622935,,-4.9843964375,-4.63966890909091,,1,,3.803977272727273,6.736370425690814,,"(0.4666666666666667, 0.058823529411764705, 0.9372549019607843)",True,True,True,True,49,22,27,"(0.5490196078431373, 0.4470588235294118, 0.0)",True,49,55,6,"(0.10588235294117647, 0.8901960784313725, 0.0)",False,,,,,False
216_Si144Sn72_011_001_a0.734848_b0.101604_c1.868853_interface7shift3,7,3,3,Si,False,3.7037037037037033,8,-42.60220066,-45.400925,-0.02864,0.02864,24,011,0,1,1,Sn,False,8,-29.90800429,-34.349418,-0.0339,0.0339,12,001,0,0,1,0.734848,0.101604,1.868853,3.476561546,0.0,0.950324535,216,864,-983.49502471,-1069.377655,-4.531887809375,-4.217522313703704,-4.581607925925926,4,,9.398148148148149,-1113.365013,,-4.9843964375,-4.785253101851852,,1,,4.69212962962963,2.002960039467193,,"(0.4588235294117647, 0.07058823529411765, 0.9254901960784314)",True,False,True,True,6,1,5,"(0.8313725490196079, 0.16470588235294117, 0.0)",True,6,5,1,"(0.16470588235294117, 0.8313725490196079, 0.0)",False,,,,,False
288_Sn288_011_011_a0.0_b0.0_c0.0_interface2shift1swap1,2,1,1,Sn,False,2.7777777777777777,8,-29.90800429,-34.349418,-0.02397,0.02397,24,011,0,1,1,Sn,False,8,-29.90800429,-34.349418,-0.02397,0.02397,24,011,0,1,1,0.0,0.0,0.0,0.0,0.0,0.0,288,1152,,,,,,4,,,,,,,,1,,,,,,False,True,False,False,,,,,False,,,,,False,,,,,
168_Ge96Sn72_111_111_a0.295597_b0.899371_c2.262296_interface11shift8,11,8,8,Ge,False,4.761904761904762,8,-35.08485951,-38.831661,0.29966,0.36701,16,111,1,1,1,Sn,False,8,-29.90800429,-34.349418,0.30397,0.36269,12,111,1,1,1,0.295597,0.899371,2.262296,0.671435356,6.83e-06,1.338350773,168,672,-683.26697966,-766.756161,-4.062053987500001,-3.6802030705952378,-4.128423107142858,4,,13.994047619047619,-768.9921,,-4.5738174375,-4.141732267857143,,1,,0.8184523809523809,17.098181818181818,,"(0.4470588235294118, 0.09411764705882353, 0.9019607843137255)",True,False,True,True,127,133,6,"(0.043137254901960784, 0.9529411764705882, 0.0)",True,127,126,1,"(0.00784313725490196, 0.9882352941176471, 0.0)",False,,,,,False
264_Si156Sn108_001_001_a0.276923_b0.041026_c2.1_interface1shift4,1,4,4,Si,False,3.0303030303030303,8,-42.60220066,-45.400925,-0.04051,0.04051,26,001,0,0,1,Sn,False,8,-29.90800429,-34.349418,-0.0339,0.0339,18,001,0,0,1,0.276923,0.041026,2.1,0.582945824,0.0,1.162487268,264,1056,-1172.47537262,-1283.84846,-4.531887809375,-4.166534726022727,-4.5609777159090905,4,,22.625,-1320.977882,,-4.9843964375,-4.701619465909091,,1,,2.289772727272727,9.88089330024814,,"(0.4666666666666667, 0.058823529411764705, 0.9372549019607843)",True,False,True,True,13,14,1,"(0.07058823529411765, 0.9254901960784314, 0.0)",True,13,16,3,"(0.1843137254901961, 0.8117647058823529, 0.0)",False,,,,,False
168_Ge96Sn72_011_011_a0.241071_b0.589744_c2.163935_interface6shift5,6,5,5,Ge,False,4.761904761904762,8,-35.08485951,-38.831661,-0.0275,0.0275,16,011,0,1,1,Sn,False,8,-29.90800429,-34.349418,-0.02397,0.02397,12,011,0,1,1,0.241071,0.589744,2.163935,0.671433747,0.0,1.338356733,168,672,-676.18489519,-755.521378,-4.062053987500001,-3.638047805892857,-4.0615493988095235,4,,8.875,-766.309825,,-4.5738174375,-4.1257663452380955,,1,,2.0625,4.303030303030303,,"(0.4470588235294118, 0.09411764705882353, 0.9019607843137255)",True,False,True,True,155,170,15,"(0.08627450980392157, 0.9098039215686274, 0.0)",True,155,156,1,"(0.00392156862745098, 0.9921568627450981, 0.0)",False,,,,,False
96_Si48Sn48_112_111_a0.354839_b0.405229_c1.480958_interface2shift7,2,7,7,Si,False,8.333333333333332,8,-42.60220066,-45.400925,-0.04167,0.04167,8,112,1,1,2,Sn,False,8,-29.90800429,-34.349418,-0.02936,0.02936,8,111,1,1,1,0.354839,0.405229,1.480958,3.476550341,0.0,0.950312614,96,384,,,,,,4,,,-474.490001,,-4.9843964375,-4.1118714375,,1,,8.7421875,,,,True,False,False,False,,,,,False,,,,,False,,,,,False
168_Ge96Sn72_111_111_a0.044025_b0.144654_c2.262296_interface11shift6,11,6,6,Ge,False,4.761904761904762,8,-35.08485951,-38.831661,0.29966,0.36701,16,111,1,1,1,Sn,False,8,-29.90800429,-34.349418,0.30397,0.36269,12,111,1,1,1,0.044025,0.144654,2.262296,0.671435356,6.83e-06,1.338350773,168,672,-683.2710023,-766.759249,-4.062053987500001,-3.680227014880952,-4.1284414880952385,4,,13.803571428571429,-768.992445,,-4.5738174375,-4.1417343214285705,,1,,0.8363095238095238,16.505338078291814,,"(0.4470588235294118, 0.09411764705882353, 0.9019607843137255)",True,False,True,True,124,131,7,"(0.050980392156862744, 0.9450980392156862, 0.0)",True,124,123,1,"(0.00784313725490196, 0.9882352941176471, 0.0)",False,,,,,False
48_Sn48_001_122_a0.0_b0.0_c0.0_interface4shift1,4,1,1,Sn,False,16.666666666666664,8,-29.90800429,-34.349418,-0.0339,0.0339,6,001,0,0,1,Sn,False,8,-29.90800429,-34.349418,-0.04167,0.04167,2,122,1,2,2,0.0,0.0,0.0,0.0,0.0,0.0,48,192,50.58068473,-27.182903,-3.73850053625,2.299931110625,0.8649152708333334,4,,5.145833333333333,-206.668878,,-4.29367725,-2.8743758749999997,,1,,3.125,1.6466666666666665,,"(0.32941176470588235, 0.32941176470588235, 0.6666666666666666)",False,False,False,True,197,217,20,"(0.09019607843137255, 0.9058823529411765, 0.0)",True,197,197,0,"(0.0, 1.0, 0.0)",False,,,,,False
168_Ge96Sn72_111_111_a0.0_b0.0_c0.0_interface11shift1,11,1,1,Ge,False,4.761904761904762,8,-35.08485951,-38.831661,0.29966,0.36701,16,111,1,1,1,Sn,False,8,-29.90800429,-34.349418,0.30397,0.36269,12,111,1,1,1,0.0,0.0,0.0,0.671435356,6.83e-06,1.338350773,168,672,2193.06600671,1181.777869,-4.062053987500001,13.44082661017857,7.469993738095238,4,,11.904761904761905,-756.823025,,-4.5738174375,-4.069297297619047,,1,,5.217261904761905,2.2818026240730176,,"(0.4470588235294118, 0.09411764705882353, 0.9019607843137255)",False,False,False,True,224,186,38,"(0.16862745098039217, 0.8274509803921568, 0.0)",True,224,219,5,"(0.0196078431372549, 0.9764705882352941, 0.0)",False,,,,,False
264_Si156Sn108_001_001_a0.276923_b0.041026_c2.1_interface1shift4swap4,1,4,4,Si,False,3.0303030303030303,8,-42.60220066,-45.400925,-0.04051,0.04051,26,001,0,0,1,Sn,False,8,-29.90800429,-34.349418,-0.0339,0.0339,18,001,0,0,1,0.276923,0.041026,2.1,0.582945824,0.0,1.162487268,264,1056,-1101.33648616,-1217.362078,-4.531887809375,-3.8970692470075754,-4.309135359848486,4,,24.943181818181817,-1304.073517,,-4.9843964375,-4.637587780303031,,1,,6.6856060606060606,3.7308781869688383,,"(0.4666666666666667, 0.058823529411764705, 0.9372549019607843)",True,True,True,True,38,29,9,"(0.23529411764705882, 0.7607843137254902, 0.0)",True,38,40,2,"(0.047058823529411764, 0.9490196078431372, 0.0)",False,,,,,False
336_Ge192Sn144_011_011_a0.0_b0.0_c0.0_interface4shift1,4,1,1,Ge,False,2.380952380952381,8,-35.08485951,-38.831661,-0.0275,0.0275,32,011,0,1,1,Sn,False,8,-29.90800429,-34.349418,-0.02397,0.02397,24,011,0,1,1,0.0,0.0,0.0,0.671433747,0.0,1.338356733,336,1344,,,,,,4,,,,,,,,1,,,,,,False,False,False,False,,,,,False,,,,,False,,,,,
168_Ge96Sn72_111_111_a0.044025_b0.647799_c2.262296_interface11shift5,11,5,5,Ge,False,4.761904761904762,8,-35.08485951,-38.831661,0.29966,0.36701,16,111,1,1,1,Sn,False,8,-29.90800429,-34.349418,0.30397,0.36269,12,111,1,1,1,0.044025,0.647799,2.262296,0.671435356,6.83e-06,1.338350773,168,672,-683.27901902,-766.759119,-4.062053987500001,-3.680274733452381,-4.1284407142857145,4,,13.946428571428571,-768.992761,,-4.5738174375,-4.141736202380953,,1,,0.875,15.938775510204081,,"(0.4470588235294118, 0.09411764705882353, 0.9019607843137255)",True,False,True,True,116,126,10,"(0.0784313725490196, 0.9176470588235294, 0.0)",True,116,124,8,"(0.06274509803921569, 0.9333333333333333, 0.0)",False,,,,,False
216_Si144Sn72_011_001_a0.409091_b0.106952_c1.967214_interface7shift2,7,2,2,Si,False,3.7037037037037033,8,-42.60220066,-45.400925,-0.02864,0.02864,24,011,0,1,1,Sn,False,8,-29.90800429,-34.349418,-0.0339,0.0339,12,001,0,0,1,0.409091,0.106952,1.967214,3.476561546,0.0,0.950324535,216,864,-995.08654269,-1080.537585,-4.531887809375,-4.271186748796296,-4.633274268518519,4,,9.199074074074074,-1112.894277,,-4.9843964375,-4.783073768518519,,1,,2.244212962962963,4.099020113460547,,"(0.4588235294117647, 0.07058823529411765, 0.9254901960784314)",True,False,True,True,3,7,4,"(0.5686274509803921, 0.42745098039215684, 0.0)",True,3,3,0,"(0.0, 1.0, 0.0)",False,,,,,False
96_Ge48Sn48_013_112_a0.142857_b0.286517_c1.385736_interface14shift8,14,8,8,Ge,False,8.333333333333332,8,-35.08485951,-38.831661,-0.04167,0.04167,8,013,0,1,3,Sn,False,8,-29.90800429,-34.349418,-0.04152,0.04152,8,112,1,1,2,0.142857,0.286517,1.385736,2.586106539,0.0,1.897323132,96,384,-284.1631521,-353.618504,-4.062053987500001,-2.2830238364583333,-2.921223177083333,4,,6.09375,-430.12336,,-4.5738174375,-3.7181487604166663,,1,,2.6588541666666665,2.2918707149853086,,"(0.4117647058823529, 0.16470588235294117, 0.8313725490196079)",True,False,True,True,184,203,19,"(0.09019607843137255, 0.9058823529411765, 0.0)",True,184,184,0,"(0.0, 1.0, 0.0)",False,,,,,False
96_Si48Sn48_112_111_a0.537634_b0.183007_c1.579689_interface3shift3,3,3,3,Si,False,8.333333333333332,8,-42.60220066,-45.400925,-0.04167,0.04167,8,112,1,1,2,Sn,False,8,-29.90800429,-34.349418,-0.02936,0.02936,8,111,1,1,1,0.537634,0.183007,1.579689,3.476550341,0.0,0.950312614,96,384,,,,,,4,,,-474.32653,,-4.9843964375,-4.110168614583333,,1,,9.013020833333334,,,,True,False,False,False,,,,,False,,,,,False,,,,,False
264_Si156Sn108_001_001_a0.276923_b0.041026_c2.1_interface1shift1swap1,1,1,1,Si,False,3.0303030303030303,8,-42.60220066,-45.400925,-0.04051,0.04051,26,001,0,0,1,Sn,False,8,-29.90800429,-34.349418,-0.0339,0.0339,18,001,0,0,1,0.276923,0.041026,2.1,0.582945824,0.0,1.162487268,264,1056,-1094.49798247,-1212.006273,-4.531887809375,-3.871165823939393,,4,,26.598484848484848,,,,,,1,,,,,,True,True,False,False,,,,,False,,,,,False,,,,,
168_Ge96Sn72_111_111_a0.144654_b0.069182_c2.262296_interface10shift1,10,1,1,Ge,False,4.761904761904762,8,-35.08485951,-38.831661,0.29966,0.36701,16,111,1,1,1,Sn,False,8,-29.90800429,-34.349418,0.30397,0.36269,12,111,1,1,1,0.144654,0.069182,2.262296,0.671435356,6.83e-06,1.338350773,168,672,-683.2760873,-766.761875,-4.062053987500001,-3.680257282738095,-4.128457119047619,4,,13.625,-768.992967,,-4.5738174375,-4.141737428571428,,1,,0.8392857142857143,16.23404255319149,,"(0.4470588235294118, 0.09411764705882353, 0.9019607843137255)",True,False,True,True,121,125,4,"(0.03137254901960784, 0.9647058823529412, 0.0)",True,121,116,5,"(0.0392156862745098, 0.9568627450980393, 0.0)",False,,,,,False
168_Ge96Sn72_011_011_a0.258929_b0.594872_c2.163935_interface6shift8,6,8,8,Ge,False,4.761904761904762,8,-35.08485951,-38.831661,-0.0275,0.0275,16,011,0,1,1,Sn,False,8,-29.90800429,-34.349418,-0.02397,0.02397,12,011,0,1,1,0.258929,0.594872,2.163935,0.671433747,0.0,1.338356733,168,672,-676.2913486,-755.542271,-4.062053987500001,-3.638681457142857,-4.061673761904762,4,,8.779761904761905,-767.506717,,-4.5738174375,-4.132890702380952,,1,,3.0848214285714284,2.8461167390255673,,"(0.4470588235294118, 0.09411764705882353, 0.9019607843137255)",True,False,True,True,154,146,8,"(0.050980392156862744, 0.9450980392156862, 0.0)",True,154,154,0,"(0.0, 1.0, 0.0)",False,,,,,False
108_Ge60Sn48_001_001_a0.206349_b0.388889_c2.3_interface16shift6,16,6,6,Ge,False,7.4074074074074066,8,-35.08485951,-38.831661,-0.03888,0.03888,10,001,0,0,1,Sn,False,8,-29.90800429,-34.349418,-0.0339,0.0339,8,001,0,0,1,0.206349,0.388889,2.3,2.586106539,0.0,5.239093304,108,432,,,,,,4,,,-490.122374,,-4.5738174375,-3.860567546296296,,1,,1.0787037037037037,,,,True,False,False,False,,,,,False,,,,,False,,,,,False
60_Si36Sn24_012_012_a0.0_b0.0_c0.0_interface9shift1,9,1,1,Si,False,13.333333333333334,8,-42.60220066,-45.400925,-0.04167,0.04167,6,012,0,1,2,Sn,False,8,-29.90800429,-34.349418,-0.04167,0.04167,4,012,0,1,2,0.0,0.0,0.0,2.441372156,0.0,4.823124409,60,240,-15.45663863,-72.368491,-4.531887809375,0.950892772,0.12303086666666659,4,,6.25,-298.345495,,-4.9843964375,-3.643252533333334,,1,,3.1708333333333334,1.9710906701708277,,"(0.36470588235294116, 0.26666666666666666, 0.7333333333333333)",False,False,True,True,192,208,16,"(0.07450980392156863, 0.9215686274509803, 0.0)",True,192,192,0,"(0.0, 1.0, 0.0)",False,,,,,False
264_Si156Sn108_001_001_a0.276923_b0.041026_c2.1_interface1shift3swap2,1,3,3,Si,False,3.0303030303030303,8,-42.60220066,-45.400925,-0.04051,0.04051,26,001,0,0,1,Sn,False,8,-29.90800429,-34.349418,-0.0339,0.0339,18,001,0,0,1,0.276923,0.041026,2.1,0.582945824,0.0,1.162487268,264,1056,-1095.42801643,-1209.548269,-4.531887809375,-3.8746886798484845,-4.279537598484849,4,,25.723484848484848,-1304.36357,,-4.9843964375,-4.638686465909091,,1,,4.40530303030303,5.8392089423903695,,"(0.4666666666666667, 0.058823529411764705, 0.9372549019607843)",True,True,True,True,65,26,39,"(0.6, 0.4, 0.0)",True,65,68,3,"(0.043137254901960784, 0.9529411764705882, 0.0)",False,,,,,False
168_Ge96Sn72_011_011_a0.5_b0.338462_c2.163935_interface6shift4,6,4,4,Ge,False,4.761904761904762,8,-35.08485951,-38.831661,-0.0275,0.0275,16,011,0,1,1,Sn,False,8,-29.90800429,-34.349418,-0.02397,0.02397,12,011,0,1,1,0.5,0.338462,2.163935,0.671433747,0.0,1.338356733,168,672,-676.66974774,-755.653129,-4.062053987500001,-3.6409338329761907,-4.062333630952382,4,,8.964285714285714,-766.313515,,-4.5738174375,-4.12578830952381,,1,,1.9806547619047619,4.525920360631104,,"(0.4470588235294118, 0.09411764705882353, 0.9019607843137255)",True,False,True,True,145,168,23,"(0.13333333333333333, 0.8627450980392157, 0.0)",True,145,147,2,"(0.011764705882352941, 0.984313725490196, 0.0)",False,,,,,False
336_Ge192Sn144_011_011_a0.082051_b0.410256_c2.065574_interface2shift5,2,5,5,Ge,False,2.380952380952381,8,-35.08485951,-38.831661,-0.0275,0.0275,32,011,0,1,1,Sn,False,8,-29.90800429,-34.349418,-0.02397,0.02397,24,011,0,1,1,0.082051,0.410256,2.065574,0.671433747,0.0,1.338356733,336,1344,,,,,,4,,,,,,,,1,,,,,,True,False,False,False,,,,,False,,,,,False,,,,,
96_Ge48Sn48_013_112_a0.625_b0.730337_c1.286755_interface13shift4,13,4,4,Ge,False,8.333333333333332,8,-35.08485951,-38.831661,-0.04167,0.04167,8,013,0,1,3,Sn,False,8,-29.90800429,-34.349418,-0.04152,0.04152,8,112,1,1,2,0.625,0.730337,1.286755,2.586106539,0.0,1.897323132,96,384,-255.29649319,-331.901833,-4.062053987500001,-1.9823294728125,-2.6950078541666667,4,,6.385416666666667,-430.557946,,-4.5738174375,-3.722675697916667,,1,,2.8463541666666665,2.2433668801463864,,"(0.4117647058823529, 0.16470588235294117, 0.8313725490196079)",True,False,True,True,188,193,5,"(0.023529411764705882, 0.9725490196078431, 0.0)",True,188,189,1,"(0.00392156862745098, 0.9921568627450981, 0.0)",False,,,,,False
120_Si72Sn48_011_011_a0.956989_b0.121212_c2.163935_interface8shift6,8,6,6,Si,False,6.666666666666667,8,-42.60220066,-45.400925,-0.02864,0.02864,12,011,0,1,1,Sn,False,8,-29.90800429,-34.349418,-0.02397,0.02397,8,011,0,1,1,0.956989,0.121212,2.163935,2.441367626,0.0,4.823124409,120,480,-550.19107088,-600.073144,-4.531887809375,-3.9806738827499997,-4.336023341666666,4,,5.1,-607.086064,,-4.9843964375,-4.394464341666666,,1,,3.089583333333333,1.650708024275118,,"(0.43137254901960786, 0.13333333333333333, 0.8666666666666667)",True,False,True,True,22,76,54,"(0.7098039215686275, 0.28627450980392155, 0.0)",True,22,22,0,"(0.0, 1.0, 0.0)",False,,,,,False
168_Ge96Sn72_011_011_a0.125_b0.08805_c2.065574_interface9shift5,9,5,5,Ge,False,4.761904761904762,8,-35.08485951,-38.831661,-0.0275,0.0275,16,011,0,1,1,Sn,False,8,-29.90800429,-34.349418,-0.02397,0.02397,12,011,0,1,1,0.125,0.08805,2.065574,0.671435356,0.0,1.338356733,168,672,-670.4396266,-750.222371,-4.062053987500001,-3.6038497785714285,-4.0300076904761895,4,,8.0,-766.102049,,-4.5738174375,-4.124529583333333,,1,,2.5208333333333335,3.173553719008264,,"(0.4470588235294118, 0.09411764705882353, 0.9019607843137255)",True,False,True,True,166,179,13,"(0.07058823529411765, 0.9254901960784314, 0.0)",True,166,170,4,"(0.023529411764705882, 0.9764705882352941, 0.0)",False,,,,,False
96_Si48Sn48_112_111_a0.365591_b0.411765_c1.480959_interface4shift6,4,6,6,Si,False,8.333333333333332,8,-42.60220066,-45.400925,-0.04167,0.04167,8,112,1,1,2,Sn,False,8,-29.90800429,-34.349418,-0.02936,0.02936,8,111,1,1,1,0.365591,0.411765,1.480959,3.476550341,0.0,0.950312614,96,384,,,,,,4,,,-474.416024,,-4.9843964375,-4.111100843749999,,1,,3.53125,,,,True,False,False,False,,,,,False,,,,,False,,,,,False
180_Ge144Sn36_011_012_a0.5_b0.123077_c1.986941_interface15shift2,15,2,2,Ge,False,4.444444444444445,8,-35.08485951,-38.831661,-0.0275,0.0275,24,011,0,1,1,Sn,False,8,-29.90800429,-34.349418,-0.04167,0.04167,6,012,0,1,2,0.5,0.123077,1.986941,4.701496601,0.0,3.998506069,180,720,-733.31290969,-822.647861,-4.062053987500001,-3.712889143833333,-4.163704344444445,4,,12.65,-840.252,,-4.5738174375,-4.261505116666667,,1,,5.620833333333334,2.2505559673832467,,"(0.45098039215686275, 0.08627450980392157, 0.9098039215686274)",True,False,True,True,102,106,4,"(0.03529411764705882, 0.9607843137254902, 0.0)",True,102,101,1,"(0.00784313725490196, 0.9882352941176471, 0.0)",False,,,,,False
108_Ge60Sn48_001_001_a0.753968_b0.031746_c2.3_interface16shift5,16,5,5,Ge,False,7.4074074074074066,8,-35.08485951,-38.831661,-0.03888,0.03888,10,001,0,0,1,Sn,False,8,-29.90800429,-34.349418,-0.0339,0.0339,8,001,0,0,1,0.753968,0.031746,2.3,2.586106539,0.0,5.239093304,108,432,,,,,,4,,,-490.124904,,-4.5738174375,-3.8605909722222225,,1,,1.2777777777777777,,,,True,False,False,False,,,,,False,,,,,False,,,,,False
168_Ge96Sn72_011_011_a0.223214_b0.496855_c2.163935_interface7shift7,7,7,7,Ge,False,4.761904761904762,8,-35.08485951,-38.831661,-0.0275,0.0275,16,011,0,1,1,Sn,False,8,-29.90800429,-34.349418,-0.02397,0.02397,12,011,0,1,1,0.223214,0.496855,2.163935,0.671435356,0.0,1.338356733,168,672,-677.03750716,-755.773898,-4.062053987500001,-3.643122877142857,-4.063052494047619,4,,7.940476190476191,-766.315578,,-4.5738174375,-4.125800589285714,,1,,1.6473214285714286,4.820234869015357,,"(0.4470588235294118, 0.09411764705882353, 0.9019607843137255)",True,False,True,True,138,163,25,"(0.15294117647058825, 0.8431372549019608, 0.0)",True,138,138,0,"(0.0, 1.0, 0.0)",False,,,,,False
144_Si72Sn72_001_011_a0.0_b0.0_c0.0_interface5shift1,5,1,1,Si,False,5.555555555555555,8,-42.60220066,-45.400925,-0.04051,0.04051,12,001,0,0,1,Sn,False,8,-29.90800429,-34.349418,-0.02397,0.02397,12,011,0,1,1,0.0,0.0,0.0,3.476556301,0.0,0.950324535,144,576,358.32838088,154.546218,-4.531887809375,2.9919346238194446,1.627059451388889,4,,16.9375,-706.460345,,-4.9843964375,-4.352152791666666,,1,,11.43576388888889,1.481099134659177,,"(0.4392156862745098, 0.10980392156862745, 0.8862745098039215)",False,False,False,True,200,100,100,"(0.4980392156862745, 0.4980392156862745, 0.0)",True,200,200,0,"(0.0, 1.0, 0.0)",False,,,,,False
120_Si72Sn48_011_011_a0.0_b0.0_c0.0_interface8shift1,8,1,1,Si,False,6.666666666666667,8,-42.60220066,-45.400925,-0.02864,0.02864,12,011,0,1,1,Sn,False,8,-29.90800429,-34.349418,-0.02397,0.02397,8,011,0,1,1,0.0,0.0,0.0,2.441367626,0.0,4.823124409,120,480,430.04446534,2146.443183,-4.531887809375,4.18795558575,18.551612716666664,4,,6.716666666666667,-607.610283,,-4.9843964375,-4.398832833333333,,1,,4.91875,1.3655230834392207,,"(0.43137254901960786, 0.13333333333333333, 0.8666666666666667)",False,False,False,True,201,74,127,"(0.6313725490196078, 0.36470588235294116, 0.0)",True,201,224,23,"(0.10196078431372549, 0.8941176470588236, 0.0)",False,,,,,False
96_Si48Sn48_112_111_a0.0_b0.0_c0.0_interface2shift1,2,1,1,Si,False,8.333333333333332,8,-42.60220066,-45.400925,-0.04167,0.04167,8,112,1,1,2,Sn,False,8,-29.90800429,-34.349418,-0.02936,0.02936,8,111,1,1,1,0.0,0.0,0.0,3.476550341,0.0,0.950312614,96,384,,,,,,4,,,-467.161888,,-4.9843964375,-4.035536927083332,,1,,7.364583333333333,,,,False,False,False,False,,,,,False,,,,,False,,,,,False
96_Si48Sn48_112_111_a0.849462_b0.150327_c1.480958_interface2shift2,2,2,2,Si,False,8.333333333333332,8,-42.60220066,-45.400925,-0.04167,0.04167,8,112,1,1,2,Sn,False,8,-29.90800429,-34.349418,-0.02936,0.02936,8,111,1,1,1,0.849462,0.150327,1.480958,3.476550341,0.0,0.950312614,96,384,,,,,,4,,,-473.891646,,-4.9843964375,-4.105638572916667,,1,,3.9036458333333335,,,,True,False,False,False,,,,,False,,,,,False,,,,,False
264_Si156Sn108_001_001_a0.276923_b0.041026_c2.1_interface1shift3swap5,1,3,3,Si,False,3.0303030303030303,8,-42.60220066,-45.400925,-0.04051,0.04051,26,001,0,0,1,Sn,False,8,-29.90800429,-34.349418,-0.0339,0.0339,18,001,0,0,1,0.276923,0.041026,2.1,0.582945824,0.0,1.162487268,264,1056,-1094.31061738,-1208.837397,-4.531887809375,-3.8704561076893933,-4.276844901515152,4,,26.181818181818183,-1302.521685,,-4.9843964375,-4.6317096287878785,,1,,3.3759469696969697,7.755399719495092,,"(0.4666666666666667, 0.058823529411764705, 0.9372549019607843)",True,True,True,True,69,52,17,"(0.24313725490196078, 0.7529411764705882, 0.0)",True,69,76,7,"(0.09019607843137255, 0.9058823529411765, 0.0)",False,,,,,False
264_Si156Sn108_001_001_a0.276923_b0.041026_c2.1_interface1shift7swap5,1,7,7,Si,False,3.0303030303030303,8,-42.60220066,-45.400925,-0.04051,0.04051,26,001,0,0,1,Sn,False,8,-29.90800429,-34.349418,-0.0339,0.0339,18,001,0,0,1,0.276923,0.041026,2.1,0.582945824,0.0,1.162487268,264,1056,-1093.53162326,-1207.825368,-4.531887809375,-3.8675053723863635,-4.273011458333333,4,,25.988636363636363,-1303.810353,,-4.9843964375,-4.636590946969697,,1,,4.617424242424242,5.6283839212469235,,"(0.4666666666666667, 0.058823529411764705, 0.9372549019607843)",True,True,True,True,75,33,42,"(0.5568627450980392, 0.4392156862745098, 0.0)",True,75,78,3,"(0.03529411764705882, 0.9607843137254902, 0.0)",False,,,,,False
96_Ge48Sn48_013_112_a0.0_b0.0_c0.0_interface13shift1,13,1,1,Ge,False,8.333333333333332,8,-35.08485951,-38.831661,-0.04167,0.04167,8,013,0,1,3,Sn,False,8,-29.90800429,-34.349418,-0.04152,0.04152,8,112,1,1,2,0.0,0.0,0.0,2.586106539,0.0,1.897323132,96,384,689.36599184,269.707802,-4.062053987500001,7.85790474625,3.5717591770833335,4,,7.229166666666667,-433.792878,,-4.5738174375,-3.7563729062499998,,1,,6.182291666666667,1.1693344566133108,,"(0.4117647058823529, 0.16470588235294117, 0.8313725490196079)",False,False,False,True,214,189,25,"(0.11372549019607843, 0.8823529411764706, 0.0)",True,214,203,11,"(0.050980392156862744, 0.9450980392156862, 0.0)",False,,,,,False
336_Ge192Sn144_011_011_a0.502564_b0.010256_c2.163935_interface4shift3,4,3,3,Ge,False,2.380952380952381,8,-35.08485951,-38.831661,-0.0275,0.0275,32,011,0,1,1,Sn,False,8,-29.90800429,-34.349418,-0.02397,0.02397,24,011,0,1,1,0.502564,0.010256,2.163935,0.671433747,0.0,1.338356733,336,1344,,,,,,4,,,,,,,,1,,,,,,True,False,False,False,,,,,False,,,,,False,,,,,
336_Ge192Sn144_011_011_a0.953846_b0.225641_c2.163935_interface5shift4,5,4,4,Ge,False,2.380952380952381,8,-35.08485951,-38.831661,-0.0275,0.0275,32,011,0,1,1,Sn,False,8,-29.90800429,-34.349418,-0.02397,0.02397,24,011,0,1,1,0.953846,0.225641,2.163935,0.671433747,0.0,1.338356733,336,1344,,,,,,4,,,,,,,,1,,,,,,True,False,False,False,,,,,False,,,,,False,,,,,
264_Si156Sn108_001_001_a0.276923_b0.041026_c2.1_interface1shift8swap3,1,8,8,Si,False,3.0303030303030303,8,-42.60220066,-45.400925,-0.04051,0.04051,26,001,0,0,1,Sn,False,8,-29.90800429,-34.349418,-0.0339,0.0339,18,001,0,0,1,0.276923,0.041026,2.1,0.582945824,0.0,1.162487268,264,1056,-1097.88377882,-1213.672421,-4.531887809375,-3.8839908101136364,-4.295159386363636,4,,27.083333333333332,-1301.922752,,-4.9843964375,-4.629440943181819,,1,,4.8835227272727275,5.545859996121775,,"(0.4666666666666667, 0.058823529411764705, 0.9372549019607843)",True,True,True,True,54,62,8,"(0.12549019607843137, 0.8705882352941177, 0.0)",True,54,48,6,"(0.10980392156862745, 0.8862745098039215, 0.0)",False,,,,,False
96_Si48Sn48_112_111_a0.344086_b0.150327_c1.480958_interface2shift1,2,1,1,Si,False,8.333333333333332,8,-42.60220066,-45.400925,-0.04167,0.04167,8,112,1,1,2,Sn,False,8,-29.90800429,-34.349418,-0.02936,0.02936,8,111,1,1,1,0.344086,0.150327,1.480958,3.476550341,0.0,0.950312614,96,384,,,,,,4,,,-473.879173,,-4.9843964375,-4.105508645833333,,1,,4.2734375,,,,True,False,False,False,,,,,False,,,,,False,,,,,False
96_Ge48Sn48_013_112_a0.625_b0.735955_c1.385736_interface13shift8,13,8,8,Ge,False,8.333333333333332,8,-35.08485951,-38.831661,-0.04167,0.04167,8,013,0,1,3,Sn,False,8,-29.90800429,-34.349418,-0.04152,0.04152,8,112,1,1,2,0.625,0.735955,1.385736,2.586106539,0.0,1.897323132,96,384,-286.97231623,-356.326963,-4.062053987500001,-2.3122859628124997,-2.9494362916666663,4,,6.09375,-430.124997,,-4.5738174375,-3.7181658125,,1,,2.34375,2.6,,"(0.4117647058823529, 0.16470588235294117, 0.8313725490196079)",True,False,True,True,179,200,21,"(0.10196078431372549, 0.8941176470588236, 0.0)",True,179,179,0,"(0.0, 1.0, 0.0)",False,,,,,False
108_Ge60Sn48_001_001_a0.507937_b0.293651_c2.3_interface16shift2,16,2,2,Ge,False,7.4074074074074066,8,-35.08485951,-38.831661,-0.03888,0.03888,10,001,0,0,1,Sn,False,8,-29.90800429,-34.349418,-0.0339,0.0339,8,001,0,0,1,0.507937,0.293651,2.3,2.586106539,0.0,5.239093304,108,432,,,,,,4,,,-490.120829,,-4.5738174375,-3.8605532407407406,,1,,1.1203703703703705,,,,True,False,False,False,,,,,False,,,,,False,,,,,False
168_Ge96Sn72_111_111_a0.0_b0.0_c0.0_interface12shift1,12,1,1,Ge,False,4.761904761904762,8,-35.08485951,-38.831661,0.29966,0.36701,16,111,1,1,1,Sn,False,8,-29.90800429,-34.349418,-0.02936,0.02936,12,111,1,1,1,0.0,0.0,0.0,0.671435356,6.83e-06,1.338350773,168,672,2193.06177734,1181.775896,-4.062053987500001,13.440801435357143,7.469981994047619,4,,11.702380952380953,-756.823036,,-4.5738174375,-4.069297363095238,,1,,5.293154761904762,2.2108518414394154,,"(0.4470588235294118, 0.09411764705882353, 0.9019607843137255)",False,False,False,True,223,185,38,"(0.16862745098039217, 0.8274509803921568, 0.0)",True,223,218,5,"(0.0196078431372549, 0.9764705882352941, 0.0)",False,,,,,False
96_Si48Sn48_112_111_a0.354839_b0.156863_c1.480959_interface3shift4,3,4,4,Si,False,8.333333333333332,8,-42.60220066,-45.400925,-0.04167,0.04167,8,112,1,1,2,Sn,False,8,-29.90800429,-34.349418,-0.02936,0.02936,8,111,1,1,1,0.354839,0.156863,1.480959,3.476550341,0.0,0.950312614,96,384,,,,,,4,,,-474.396888,,-4.9843964375,-4.110901510416666,,1,,3.1328125,,,,True,False,False,False,,,,,False,,,,,False,,,,,False
168_Ge96Sn72_111_111_a0.572327_b0.314465_c2.262296_interface1shift4,1,4,4,Ge,False,4.761904761904762,8,-35.08485951,-38.831661,-0.03367,0.03367,16,111,1,1,1,Sn,False,8,-29.90800429,-34.349418,-0.02936,0.02936,12,111,1,1,1,0.572327,0.314465,2.262296,0.671435356,0.0,1.338350773,168,672,-683.28630146,-766.767693,-4.062053987500001,-3.6803180813095238,-4.12849175,4,,13.636904761904763,-768.994105,,-4.5738174375,-4.141744202380953,,1,,0.8184523809523809,16.661818181818184,,"(0.4470588235294118, 0.09411764705882353, 0.9019607843137255)",True,False,True,True,115,121,6,"(0.047058823529411764, 0.9490196078431372, 0.0)",True,115,115,0,"(0.0, 1.0, 0.0)",False,,,,,False
168_Ge96Sn72_011_011_a0.169643_b0.076923_c2.065574_interface3shift4,3,4,4,Ge,False,4.761904761904762,8,-35.08485951,-38.831661,-0.0275,0.0275,16,011,0,1,1,Sn,False,8,-29.90800429,-34.349418,-0.02397,0.02397,12,011,0,1,1,0.169643,0.076923,2.065574,0.671433747,0.0,1.338356733,168,672,-670.59225224,-750.243813,-4.062053987500001,-3.6047582645238094,-4.030135321428572,4,,8.976190476190476,-766.101735,,-4.5738174375,-4.124527714285715,,1,,2.6860119047619047,3.3418282548476457,,"(0.4470588235294118, 0.09411764705882353, 0.9019607843137255)",True,False,True,True,159,181,22,"(0.11764705882352941, 0.8784313725490196, 0.0)",True,159,165,6,"(0.03529411764705882, 0.9607843137254902, 0.0)",False,,,,,False
264_Si156Sn108_001_001_a0.0_b0.0_c0.0_interface1shift1swap4,1,1,1,Si,False,3.0303030303030303,8,-42.60220066,-45.400925,-0.04051,0.04051,26,001,0,0,1,Sn,False,8,-29.90800429,-34.349418,-0.0339,0.0339,18,001,0,0,1,0.0,0.0,0.0,0.582945824,0.0,1.162487268,264,1056,1176.57503959,10696.429971,-4.531887809375,4.731383502045455,,4,,77.23863636363636,,,,,,1,,,,,,False,True,False,False,,,,,False,,,,,False,,,,,
264_Si156Sn108_001_001_a0.276923_b0.041026_c2.1_interface1shift3swap4,1,3,3,Si,False,3.0303030303030303,8,-42.60220066,-45.400925,-0.04051,0.04051,26,001,0,0,1,Sn,False,8,-29.90800429,-34.349418,-0.0339,0.0339,18,001,0,0,1,0.276923,0.041026,2.1,0.582945824,0.0,1.162487268,264,1056,-1095.7982569,-1210.178895,-4.531887809375,-3.876091105871212,-4.281926333333334,4,,26.526515151515152,-1303.451941,,-4.9843964375,-4.635233325757576,,1,,5.325757575757576,4.980796586059744,,"(0.4666666666666667, 0.058823529411764705, 0.9372549019607843)",True,True,True,True,62,40,22,"(0.35294117647058826, 0.6431372549019608, 0.0)",True,62,63,1,"(0.01568627450980392, 0.9803921568627451, 0.0)",False,,,,,False
144_Si72Sn72_001_011_a0.296296_b0.179012_c2.262295_interface6shift7,6,7,7,Si,False,5.555555555555555,8,-42.60220066,-45.400925,-0.04051,0.04051,12,001,0,0,1,Sn,False,8,-29.90800429,-34.349418,-0.02397,0.02397,12,011,0,1,1,0.296296,0.179012,2.262295,3.476556301,0.0,0.950324535,144,576,-627.39729265,-690.571485,-4.531887809375,-3.8533825534722226,-4.241813486111111,4,,6.277777777777778,-707.982562,,-4.9843964375,-4.362723743055556,,1,,1.5173611111111112,4.137299771167048,,"(0.4392156862745098, 0.10980392156862745, 0.8862745098039215)",True,False,True,True,81,88,7,"(0.0784313725490196, 0.9176470588235294, 0.0)",True,81,92,11,"(0.11764705882352941, 0.8784313725490196, 0.0)",False,,,,,False
96_Ge48Sn48_013_112_a0.125_b0.230337_c1.286755_interface13shift2,13,2,2,Ge,False,8.333333333333332,8,-35.08485951,-38.831661,-0.04167,0.04167,8,013,0,1,3,Sn,False,8,-29.90800429,-34.349418,-0.04152,0.04152,8,112,1,1,2,0.125,0.230337,1.286755,2.586106539,0.0,1.897323132,96,384,-255.29648893,-331.901834,-4.062053987500001,-1.9823294284375,-2.6950078645833333,4,,6.25,-430.557946,,-4.5738174375,-3.722675697916667,,1,,2.8125,2.2222222222222223,,"(0.4117647058823529, 0.16470588235294117, 0.8313725490196079)",True,False,True,True,189,194,5,"(0.023529411764705882, 0.9725490196078431, 0.0)",True,189,188,1,"(0.00392156862745098, 0.9921568627450981, 0.0)",False,,,,,False
144_Si72Sn72_001_011_a0.212963_b0.518519_c2.262295_interface6shift1,6,1,1,Si,False,5.555555555555555,8,-42.60220066,-45.400925,-0.04051,0.04051,12,001,0,0,1,Sn,False,8,-29.90800429,-34.349418,-0.02397,0.02397,12,011,0,1,1,0.212963,0.518519,2.262295,3.476556301,0.0,0.950324535,144,576,-627.34872729,-690.522562,-4.531887809375,-3.853045294027778,-4.241473743055555,4,,6.659722222222222,-707.984159,,-4.9843964375,-4.362734833333333,,1,,1.6770833333333333,3.9710144927536235,,"(0.4392156862745098, 0.10980392156862745, 0.8862745098039215)",True,False,True,True,86,85,1,"(0.00784313725490196, 0.9882352941176471, 0.0)",True,86,94,8,"(0.08235294117647059, 0.9137254901960784, 0.0)",False,,,,,False
180_Ge144Sn36_011_012_a0.326087_b0.117949_c1.986941_interface15shift7,15,7,7,Ge,False,4.444444444444445,8,-35.08485951,-38.831661,-0.0275,0.0275,24,011,0,1,1,Sn,False,8,-29.90800429,-34.349418,-0.04167,0.04167,6,012,0,1,2,0.326087,0.117949,1.986941,4.701496601,0.0,3.998506069,180,720,-733.85697286,-822.847862,-4.062053987500001,-3.715911717,-4.16481546111111,4,,13.055555555555555,-841.087372,,-4.5738174375,-4.266146072222222,,1,,3.536111111111111,3.692065985860173,,"(0.45098039215686275, 0.08627450980392157, 0.9098039215686274)",True,False,True,True,97,102,5,"(0.047058823529411764, 0.9490196078431372, 0.0)",True,97,98,1,"(0.00784313725490196, 0.9882352941176471, 0.0)",False,,,,,False
264_Si156Sn108_001_001_a0.276923_b0.041026_c2.1_interface1shift2swap4,1,2,2,Si,False,3.0303030303030303,8,-42.60220066,-45.400925,-0.04051,0.04051,26,001,0,0,1,Sn,False,8,-29.90800429,-34.349418,-0.0339,0.0339,18,001,0,0,1,0.276923,0.041026,2.1,0.582945824,0.0,1.162487268,264,1056,-1102.29751508,-1218.184982,-4.531887809375,-3.9007095080681817,-4.312252420454546,4,,25.325757575757574,-1303.595286,,-4.9843964375,-4.6357762992424245,,1,,3.665719696969697,6.908809093257556,,"(0.4666666666666667, 0.058823529411764705, 0.9372549019607843)",True,True,True,True,35,37,2,"(0.050980392156862744, 0.9450980392156862, 0.0)",True,35,38,3,"(0.0784313725490196, 0.9176470588235294, 0.0)",False,,,,,False
144_Si72Sn72_001_011_a0.296296_b0.814815_c2.3_interface5shift6,5,6,6,Si,False,5.555555555555555,8,-42.60220066,-45.400925,-0.04051,0.04051,12,001,0,0,1,Sn,False,8,-29.90800429,-34.349418,-0.02397,0.02397,12,011,0,1,1,0.296296,0.814815,2.3,3.476556301,0.0,0.950324535,144,576,-626.76955835,-691.008893,-4.531887809375,-3.8490232875,-4.244851041666666,4,,6.826388888888889,-706.652213,,-4.9843964375,-4.353485208333333,,1,,3.8177083333333335,1.7880854934060937,,"(0.4392156862745098, 0.10980392156862745, 0.8862745098039215)",True,False,True,True,95,98,3,"(0.027450980392156862, 0.9686274509803922, 0.0)",True,95,85,10,"(0.10196078431372549, 0.8941176470588236, 0.0)",False,,,,,False
168_Ge96Sn72_011_011_a0.0_b0.0_c0.0_interface8shift1,8,1,1,Ge,False,4.761904761904762,8,-35.08485951,-38.831661,-0.0275,0.0275,16,011,0,1,1,Sn,False,8,-29.90800429,-34.349418,-0.02397,0.02397,12,011,0,1,1,0.0,0.0,0.0,0.671435356,0.0,1.338356733,168,672,2206.36890898,530.713929,-4.062053987500001,13.520010552261905,,4,,13.071428571428571,,,,,,1,,,,,,False,False,False,False,,,,,False,,,,,False,,,,,
108_Ge60Sn48_001_001_a0.857143_b0.333333_c2.3_interface16shift1,16,1,1,Ge,False,7.4074074074074066,8,-35.08485951,-38.831661,-0.03888,0.03888,10,001,0,0,1,Sn,False,8,-29.90800429,-34.349418,-0.0339,0.0339,8,001,0,0,1,0.857143,0.333333,2.3,2.586106539,0.0,5.239093304,108,432,,,,,,4,,,-490.124316,,-4.5738174375,-3.860585527777778,,1,,1.1527777777777777,,,,True,False,False,False,,,,,False,,,,,False,,,,,False
168_Ge96Sn72_111_111_a0.138365_b0.327044_c2.262296_interface10shift7,10,7,7,Ge,False,4.761904761904762,8,-35.08485951,-38.831661,0.29966,0.36701,16,111,1,1,1,Sn,False,8,-29.90800429,-34.349418,0.30397,0.36269,12,111,1,1,1,0.138365,0.327044,2.262296,0.671435356,6.83e-06,1.338350773,168,672,-683.26726812,-766.750545,-4.062053987500001,-3.680204787619048,-4.128389678571428,4,,13.636904761904763,-768.991007,,-4.5738174375,-4.141725761904762,,1,,0.8854166666666666,15.40168067226891,,"(0.4470588235294118, 0.09411764705882353, 0.9019607843137255)",True,False,True,True,126,138,12,"(0.08627450980392157, 0.9098039215686274, 0.0)",True,126,131,5,"(0.03529411764705882, 0.9607843137254902, 0.0)",False,,,,,False
264_Si156Sn108_001_001_a0.0_b0.0_c0.0_interface1shift1swap2,1,1,1,Si,False,3.0303030303030303,8,-42.60220066,-45.400925,-0.04051,0.04051,26,001,0,0,1,Sn,False,8,-29.90800429,-34.349418,-0.0339,0.0339,18,001,0,0,1,0.0,0.0,0.0,0.582945824,0.0,1.162487268,264,1056,822.97195021,,-4.531887809375,3.3919778604545456,,4,,80.62878787878788,,,,,,1,,,,,,False,True,False,False,,,,,False,,,,,False,,,,,
264_Si156Sn108_001_001_a0.276923_b0.041026_c2.1_interface1shift7swap3,1,7,7,Si,False,3.0303030303030303,8,-42.60220066,-45.400925,-0.04051,0.04051,26,001,0,0,1,Sn,False,8,-29.90800429,-34.349418,-0.0339,0.0339,18,001,0,0,1,0.276923,0.041026,2.1,0.582945824,0.0,1.162487268,264,1056,-1104.46533226,-1221.593679,-4.531887809375,-3.9089209367803024,-4.325164151515152,4,,26.727272727272727,-1303.782546,,-4.9843964375,-4.636485617424242,,1,,5.692234848484849,4.6953917817334885,,"(0.4666666666666667, 0.058823529411764705, 0.9372549019607843)",True,True,True,True,32,34,2,"(0.058823529411764705, 0.9411764705882353, 0.0)",True,32,30,2,"(0.058823529411764705, 0.9372549019607843, 0.0)",False,,,,,False
336_Ge192Sn144_011_011_a0.0_b0.010256_c2.163935_interface4shift4,4,4,4,Ge,False,2.380952380952381,8,-35.08485951,-38.831661,-0.0275,0.0275,32,011,0,1,1,Sn,False,8,-29.90800429,-34.349418,-0.02397,0.02397,24,011,0,1,1,0.0,0.010256,2.163935,0.671433747,0.0,1.338356733,336,1344,,,,,,4,,,,,,,,1,,,,,,True,False,False,False,,,,,False,,,,,False,,,,,
168_Ge96Sn72_011_011_a0.125_b0.339623_c2.065574_interface9shift7,9,7,7,Ge,False,4.761904761904762,8,-35.08485951,-38.831661,-0.0275,0.0275,16,011,0,1,1,Sn,False,8,-29.90800429,-34.349418,-0.02397,0.02397,12,011,0,1,1,0.125,0.339623,2.065574,0.671435356,0.0,1.338356733,168,672,-670.37780888,-750.207885,-4.062053987500001,-3.6034818159523807,-4.029921464285715,4,,8.0,-766.101563,,-4.5738174375,-4.12452669047619,,1,,2.550595238095238,3.1365227537922986,,"(0.4470588235294118, 0.09411764705882353, 0.9019607843137255)",True,False,True,True,169,182,13,"(0.07058823529411765, 0.9254901960784314, 0.0)",True,169,172,3,"(0.01568627450980392, 0.9803921568627451, 0.0)",False,,,,,False
288_Sn288_011_011_a0.0_b0.0_c0.0_interface15shift1,15,1,1,Sn,False,2.7777777777777777,8,-29.90800429,-34.349418,-0.02397,0.02397,24,011,0,1,1,Sn,False,8,-29.90800429,-34.349418,-0.02397,0.02397,24,011,0,1,1,0.0,0.0,0.0,0.0,0.0,0.0,288,1152,,,,,,4,,,,,,,,1,,,,,,False,False,False,False,,,,,False,,,,,False,,,,,
168_Ge96Sn72_011_011_a0.116071_b0.842767_c2.065574_interface9shift4,9,4,4,Ge,False,4.761904761904762,8,-35.08485951,-38.831661,-0.0275,0.0275,16,011,0,1,1,Sn,False,8,-29.90800429,-34.349418,-0.02397,0.02397,12,011,0,1,1,0.116071,0.842767,2.065574,0.671435356,0.0,1.338356733,168,672,-670.4394862,-750.22705,-4.062053987500001,-3.603848942857143,-4.030035541666667,4,,8.05952380952381,-767.299138,,-4.5738174375,-4.1316551130952375,,1,,4.2038690476190474,1.9171681415929205,,"(0.4470588235294118, 0.09411764705882353, 0.9019607843137255)",True,False,True,True,167,149,18,"(0.10588235294117647, 0.8901960784313725, 0.0)",True,167,169,2,"(0.011764705882352941, 0.984313725490196, 0.0)",False,,,,,False
264_Si156Sn108_001_001_a0.276923_b0.041026_c2.1_interface1shift8swap4,1,8,8,Si,False,3.0303030303030303,8,-42.60220066,-45.400925,-0.04051,0.04051,26,001,0,0,1,Sn,False,8,-29.90800429,-34.349418,-0.0339,0.0339,18,001,0,0,1,0.276923,0.041026,2.1,0.582945824,0.0,1.162487268,264,1056,-1100.08502713,-1216.677829,-4.531887809375,-3.8923288718939393,-4.306543507575758,4,,25.568181818181817,-1302.342171,,-4.9843964375,-4.631029651515152,,1,,3.4081439393939394,7.502083912197832,,"(0.4666666666666667, 0.058823529411764705, 0.9372549019607843)",True,True,True,True,41,56,15,"(0.26666666666666666, 0.7294117647058823, 0.0)",True,41,42,1,"(0.023529411764705882, 0.9725490196078431, 0.0)",False,,,,,False
168_Ge96Sn72_111_111_a0.044025_b0.647799_c2.262296_interface12shift5,12,5,5,Ge,False,4.761904761904762,8,-35.08485951,-38.831661,0.29966,0.36701,16,111,1,1,1,Sn,False,8,-29.90800429,-34.349418,-0.02936,0.02936,12,111,1,1,1,0.044025,0.647799,2.262296,0.671435356,6.83e-06,1.338350773,168,672,-683.27901527,-766.759119,-4.062053987500001,-3.680274711130952,-4.1284407142857145,4,,13.619047619047619,-768.992761,,-4.5738174375,-4.141736202380953,,1,,0.8244047619047619,16.51985559566787,,"(0.4470588235294118, 0.09411764705882353, 0.9019607843137255)",True,False,True,True,117,127,10,"(0.0784313725490196, 0.9176470588235294, 0.0)",True,117,125,8,"(0.06274509803921569, 0.9333333333333333, 0.0)",False,,,,,False
96_Si48Sn48_112_111_a0.849462_b0.405229_c1.480958_interface2shift5,2,5,5,Si,False,8.333333333333332,8,-42.60220066,-45.400925,-0.04167,0.04167,8,112,1,1,2,Sn,False,8,-29.90800429,-34.349418,-0.02936,0.02936,8,111,1,1,1,0.849462,0.405229,1.480958,3.476550341,0.0,0.950312614,96,384,,,,,,4,,,-474.492709,,-4.9843964375,-4.111899645833333,,1,,9.2109375,,,,True,False,False,False,,,,,False,,,,,False,,,,,False
264_Si156Sn108_001_001_a0.276923_b0.041026_c2.1_interface1shift5swap2,1,5,5,Si,False,3.0303030303030303,8,-42.60220066,-45.400925,-0.04051,0.04051,26,001,0,0,1,Sn,False,8,-29.90800429,-34.349418,-0.0339,0.0339,18,001,0,0,1,0.276923,0.041026,2.1,0.582945824,0.0,1.162487268,264,1056,-1093.61770103,-1207.836379,-4.531887809375,-3.867831424545454,-4.273053166666667,4,,27.71969696969697,-1304.007798,,-4.9843964375,-4.63733884469697,,1,,3.679924242424242,7.532681420483788,,"(0.4666666666666667, 0.058823529411764705, 0.9372549019607843)",True,True,True,True,73,32,41,"(0.5607843137254902, 0.43529411764705883, 0.0)",True,73,77,4,"(0.050980392156862744, 0.9450980392156862, 0.0)",False,,,,,False
336_Ge192Sn144_011_011_a0.082051_b0.912821_c2.065574_interface2shift6,2,6,6,Ge,False,2.380952380952381,8,-35.08485951,-38.831661,-0.0275,0.0275,32,011,0,1,1,Sn,False,8,-29.90800429,-34.349418,-0.02397,0.02397,24,011,0,1,1,0.082051,0.912821,2.065574,0.671433747,0.0,1.338356733,336,1344,,,,,,4,,,,,,,,1,,,,,,True,False,False,False,,,,,False,,,,,False,,,,,
144_Si72Sn72_001_011_a0.212963_b0.345679_c2.262295_interface6shift6,6,6,6,Si,False,5.555555555555555,8,-42.60220066,-45.400925,-0.04051,0.04051,12,001,0,0,1,Sn,False,8,-29.90800429,-34.349418,-0.02397,0.02397,12,011,0,1,1,0.212963,0.345679,2.262295,3.476556301,0.0,0.950324535,144,576,-627.39705347,-690.571487,-4.531887809375,-3.8533808924999997,-4.2418135,4,,6.180555555555555,-707.982562,,-4.9843964375,-4.362723743055556,,1,,1.5902777777777777,3.88646288209607,,"(0.4392156862745098, 0.10980392156862745, 0.8862745098039215)",True,False,True,True,82,89,7,"(0.0784313725490196, 0.9176470588235294, 0.0)",True,82,88,6,"(0.06666666666666667, 0.9294117647058824, 0.0)",False,,,,,False
168_Ge96Sn72_011_011_a0.151786_b0.071795_c2.065574_interface3shift6,3,6,6,Ge,False,4.761904761904762,8,-35.08485951,-38.831661,-0.0275,0.0275,16,011,0,1,1,Sn,False,8,-29.90800429,-34.349418,-0.02397,0.02397,12,011,0,1,1,0.151786,0.071795,2.065574,0.671433747,0.0,1.338356733,168,672,-670.57872862,-750.239935,-4.062053987500001,-3.604677766785714,-4.030112238095238,4,,8.94047619047619,-766.112328,,-4.5738174375,-4.124590767857143,,1,,2.943452380952381,3.037411526794742,,"(0.4470588235294118, 0.09411764705882353, 0.9019607843137255)",True,False,True,True,160,175,15,"(0.08235294117647059, 0.9137254901960784, 0.0)",True,160,166,6,"(0.03529411764705882, 0.9607843137254902, 0.0)",False,,,,,False
108_Ge60Sn48_001_001_a0.849206_b0.333333_c2.3_interface16shift8,16,8,8,Ge,False,7.4074074074074066,8,-35.08485951,-38.831661,-0.03888,0.03888,10,001,0,0,1,Sn,False,8,-29.90800429,-34.349418,-0.0339,0.0339,8,001,0,0,1,0.849206,0.333333,2.3,2.586106539,0.0,5.239093304,108,432,,,,,,4,,,-490.121974,,-4.5738174375,-3.8605638425925926,,1,,1.0856481481481481,,,,True,False,False,False,,,,,False,,,,,False,,,,,False
96_Si48Sn48_112_111_a0.870968_b0.411765_c1.480959_interface4shift7,4,7,7,Si,False,8.333333333333332,8,-42.60220066,-45.400925,-0.04167,0.04167,8,112,1,1,2,Sn,False,8,-29.90800429,-34.349418,-0.02936,0.02936,8,111,1,1,1,0.870968,0.411765,1.480959,3.476550341,0.0,0.950312614,96,384,,,,,,4,,,-474.400012,,-4.9843964375,-4.1109340520833335,,1,,3.84375,,,,True,False,False,False,,,,,False,,,,,False,,,,,False
264_Si156Sn108_001_001_a0.0_b0.0_c0.0_interface1shift1swap7,1,1,1,Si,False,3.0303030303030303,8,-42.60220066,-45.400925,-0.04051,0.04051,26,001,0,0,1,Sn,False,8,-29.90800429,-34.349418,-0.0339,0.0339,18,001,0,0,1,0.0,0.0,0.0,0.582945824,0.0,1.162487268,264,1056,1136.1385421,8425.179172,-4.531887809375,4.57821495094697,,4,,78.69318181818181,,,,,,1,,,,,,False,True,False,False,,,,,False,,,,,False,,,,,
96_Si48Sn48_112_111_a0.354839_b0.156863_c1.480959_interface4shift4,4,4,4,Si,False,8.333333333333332,8,-42.60220066,-45.400925,-0.04167,0.04167,8,112,1,1,2,Sn,False,8,-29.90800429,-34.349418,-0.02936,0.02936,8,111,1,1,1,0.354839,0.156863,1.480959,3.476550341,0.0,0.950312614,96,384,,,,,,4,,,-474.396888,,-4.9843964375,-4.110901510416666,,1,,3.1041666666666665,,,,True,False,False,False,,,,,False,,,,,False,,,,,False
168_Ge96Sn72_011_011_a0.251572_b0.230769_c2.163935_interface8shift3,8,3,3,Ge,False,4.761904761904762,8,-35.08485951,-38.831661,-0.0275,0.0275,16,011,0,1,1,Sn,False,8,-29.90800429,-34.349418,-0.02397,0.02397,12,011,0,1,1,0.251572,0.230769,2.163935,0.671435356,0.0,1.338356733,168,672,-676.55803891,-755.630724,-4.062053987500001,-3.640268899464286,-4.0622002678571425,4,,12.029761904761905,-766.31477,,-4.5738174375,-4.125795779761905,,1,,1.9761904761904763,6.087349397590361,,"(0.4470588235294118, 0.09411764705882353, 0.9019607843137255)",True,False,True,True,149,165,16,"(0.09411764705882353, 0.9019607843137255, 0.0)",True,149,148,1,"(0.00392156862745098, 0.9921568627450981, 0.0)",False,,,,,False
96_Ge48Sn48_013_112_a0.125_b0.735955_c1.385736_interface13shift5,13,5,5,Ge,False,8.333333333333332,8,-35.08485951,-38.831661,-0.04167,0.04167,8,013,0,1,3,Sn,False,8,-29.90800429,-34.349418,-0.04152,0.04152,8,112,1,1,2,0.125,0.735955,1.385736,2.586106539,0.0,1.897323132,96,384,-286.97230595,-356.326958,-4.062053987500001,-2.312285855729167,-2.949436239583333,4,,6.072916666666667,-430.124997,,-4.5738174375,-3.7181658125,,1,,2.375,2.5570175438596494,,"(0.4117647058823529, 0.16470588235294117, 0.8313725490196079)",True,False,True,True,180,201,21,"(0.10196078431372549, 0.8941176470588236, 0.0)",True,180,180,0,"(0.0, 1.0, 0.0)",False,,,,,False
144_Si72Sn72_001_011_a0.046296_b0.012346_c2.262295_interface6shift2,6,2,2,Si,False,5.555555555555555,8,-42.60220066,-45.400925,-0.04051,0.04051,12,001,0,0,1,Sn,False,8,-29.90800429,-34.349418,-0.02397,0.02397,12,011,0,1,1,0.046296,0.012346,2.262295,3.476556301,0.0,0.950324535,144,576,-627.39705193,-690.571485,-4.531887809375,-3.8533808818055553,-4.241813486111111,4,,6.243055555555555,-707.982562,,-4.9843964375,-4.362723743055556,,1,,1.5538194444444444,4.017877094972067,,"(0.4392156862745098, 0.10980392156862745, 0.8862745098039215)",True,False,True,True,83,90,7,"(0.07450980392156863, 0.9215686274509803, 0.0)",True,83,93,10,"(0.10588235294117647, 0.8901960784313725, 0.0)",False,,,,,False
168_Ge96Sn72_011_011_a0.232704_b0.276923_c2.262295_interface8shift6,8,6,6,Ge,False,4.761904761904762,8,-35.08485951,-38.831661,-0.0275,0.0275,16,011,0,1,1,Sn,False,8,-29.90800429,-34.349418,-0.02397,0.02397,12,011,0,1,1,0.232704,0.276923,2.262295,0.671435356,0.0,1.338356733,168,672,-668.88022246,-755.397566,-4.062053987500001,-3.5945676110714286,-4.060812422619047,4,,14.863095238095237,-766.714022,,-4.5738174375,-4.1281722797619045,,1,,3.4538690476190474,4.303317535545023,,"(0.4470588235294118, 0.09411764705882353, 0.9019607843137255)",True,False,True,True,175,153,22,"(0.12549019607843137, 0.8705882352941177, 0.0)",True,175,159,16,"(0.09019607843137255, 0.9058823529411765, 0.0)",False,,,,,False
168_Ge96Sn72_011_011_a0.735849_b0.276923_c2.262295_interface8shift5,8,5,5,Ge,False,4.761904761904762,8,-35.08485951,-38.831661,-0.0275,0.0275,16,011,0,1,1,Sn,False,8,-29.90800429,-34.349418,-0.02397,0.02397,12,011,0,1,1,0.735849,0.276923,2.262295,0.671435356,0.0,1.338356733,168,672,-669.15889243,-755.485725,-4.062053987500001,-3.5962263608928575,-4.061337178571429,4,,14.80952380952381,-766.717324,,-4.5738174375,-4.12819193452381,,1,,3.2544642857142856,4.550525834476452,,"(0.4470588235294118, 0.09411764705882353, 0.9019607843137255)",True,False,True,True,173,151,22,"(0.12549019607843137, 0.8705882352941177, 0.0)",True,173,157,16,"(0.09019607843137255, 0.9058823529411765, 0.0)",False,,,,,False
144_Si72Sn72_001_011_a0.12963_b0.314815_c2.3_interface5shift8,5,8,8,Si,False,5.555555555555555,8,-42.60220066,-45.400925,-0.04051,0.04051,12,001,0,0,1,Sn,False,8,-29.90800429,-34.349418,-0.02397,0.02397,12,011,0,1,1,0.12963,0.314815,2.3,3.476556301,0.0,0.950324535,144,576,-626.76956216,-691.008896,-4.531887809375,-3.849023313958333,-4.2448510625,4,,6.798611111111111,-706.652214,,-4.9843964375,-4.353485215277777,,1,,3.810763888888889,1.7840546697038724,,"(0.4392156862745098, 0.10980392156862745, 0.8862745098039215)",True,False,True,True,94,96,2,"(0.0196078431372549, 0.9764705882352941, 0.0)",True,94,82,12,"(0.12549019607843137, 0.8705882352941177, 0.0)",False,,,,,False
144_Si72Sn72_001_011_a0.296296_b0.012346_c2.262295_interface6shift4,6,4,4,Si,False,5.555555555555555,8,-42.60220066,-45.400925,-0.04051,0.04051,12,001,0,0,1,Sn,False,8,-29.90800429,-34.349418,-0.02397,0.02397,12,011,0,1,1,0.296296,0.012346,2.262295,3.476556301,0.0,0.950324535,144,576,-627.39729465,-690.571486,-4.531887809375,-3.8533825673611113,-4.241813493055556,4,,6.166666666666667,-707.982562,,-4.9843964375,-4.362723743055556,,1,,1.5104166666666667,4.082758620689655,,"(0.4392156862745098, 0.10980392156862745, 0.8862745098039215)",True,False,True,True,80,91,11,"(0.11764705882352941, 0.8784313725490196, 0.0)",True,80,90,10,"(0.10980392156862745, 0.8862745098039215, 0.0)",False,,,,,False
96_Ge48Sn48_013_112_a0.133929_b0.286517_c1.286755_interface14shift1,14,1,1,Ge,False,8.333333333333332,8,-35.08485951,-38.831661,-0.04167,0.04167,8,013,0,1,3,Sn,False,8,-29.90800429,-34.349418,-0.04152,0.04152,8,112,1,1,2,0.133929,0.286517,1.286755,2.586106539,0.0,1.897323132,96,384,-255.57351123,-332.243275,-4.062053987500001,-1.9852150773958332,-2.6985645416666664,4,,6.041666666666667,-430.557767,,-4.5738174375,-3.7226738333333333,,1,,2.9140625,2.0732797140303845,,"(0.4117647058823529, 0.16470588235294117, 0.8313725490196079)",True,False,True,True,186,195,9,"(0.043137254901960784, 0.9529411764705882, 0.0)",True,186,186,0,"(0.0, 1.0, 0.0)",False,,,,,False